# Godot basis: +Y up, forward -Z; clean UV mapped sword-wave mesh
o frost_crescent
v -1.00000000 0.00000000 0.22000000
v -0.95833331 0.00110309 0.16925304
v -0.95833331 0.00539783 0.17391300
v -0.95833331 0.00891054 0.18167962
v -0.95833331 0.00976868 0.19138789
v -0.95833331 0.00652663 0.20148449
v -0.95833331 0.00110309 0.20808612
v -0.95833331 -0.00356116 0.20148449
v -0.95833331 -0.00634932 0.19138789
v -0.95833331 -0.00561132 0.18167962
v -0.95833331 -0.00259039 0.17391300
v -0.91666669 0.00224073 0.12168424
v -0.91666669 0.00843322 0.12987337
v -0.91666669 0.01349811 0.14352192
v -0.91666669 0.01473545 0.16058262
v -0.91666669 0.01006082 0.17832573
v -0.91666669 0.00224073 0.18992700
v -0.91666669 -0.00448454 0.17832573
v -0.91666669 -0.00850473 0.16058262
v -0.91666669 -0.00744061 0.14352192
v -0.91666669 -0.00308481 0.12987337
v -0.87500000 0.00319520 0.07675146
v -0.87500000 0.01010028 0.08637798
v -0.87500000 0.01574799 0.10242216
v -0.87500000 0.01712771 0.12247740
v -0.87500000 0.01191516 0.14333485
v -0.87500000 0.00319520 0.15697241
v -0.87500000 -0.00430396 0.14333485
v -0.87500000 -0.00878676 0.12247740
v -0.87500000 -0.00760019 0.10242216
v -0.87500000 -0.00274316 0.08637798
v -0.83333331 0.00449164 0.02776845
v -0.83333331 0.01416121 0.04170562
v -0.83333331 0.02207002 0.06493422
v -0.83333331 0.02400213 0.09396999
v -0.83333331 0.01670269 0.12416718
v -0.83333331 0.00449164 0.14391150
v -0.83333331 -0.00600987 0.12416718
v -0.83333331 -0.01228738 0.09396999
v -0.83333331 -0.01062577 0.06493422
v -0.83333331 -0.00382419 0.04170562
v -0.79166669 0.00916924 -0.01598746
v -0.79166669 0.02056978 -0.00321302
v -0.79166669 0.02989437 0.01807772
v -0.79166669 0.03217235 0.04469114
v -0.79166669 0.02356623 0.07236910
v -0.79166669 0.00916924 0.09046622
v -0.79166669 -0.00321216 0.07236910
v -0.79166669 -0.01061343 0.04469114
v -0.79166669 -0.00865437 0.01807772
v -0.79166669 -0.00063522 -0.00321302
v -0.75000000 0.00726699 -0.05303778
v -0.75000000 0.01827359 -0.03766972
v -0.75000000 0.02727598 -0.01205629
v -0.75000000 0.02947523 0.01996051
v -0.75000000 0.02116649 0.05325797
v -0.75000000 0.00726699 0.07502939
v -0.75000000 -0.00468659 0.05325797
v -0.75000000 -0.01183210 0.01996051
v -0.75000000 -0.00994074 -0.01205629
v -0.75000000 -0.00219869 -0.03766972
v -0.70833331 0.01222721 -0.09423667
v -0.70833331 0.02440822 -0.07718814
v -0.70833331 0.03437116 -0.04877393
v -0.70833331 0.03680508 -0.01325615
v -0.70833331 0.02760979 0.02368234
v -0.70833331 0.01222721 0.04783442
v -0.70833331 -0.00100181 0.02368234
v -0.70833331 -0.00890976 -0.01325615
v -0.70833331 -0.00681659 -0.04877393
v -0.70833331 0.00175154 -0.07718814
v -0.66666669 0.00731279 -0.13540249
v -0.66666669 0.02172391 -0.11887535
v -0.66666669 0.03351086 -0.09133014
v -0.66666669 0.03639039 -0.05689862
v -0.66666669 0.02551163 -0.02108984
v -0.66666669 0.00731279 0.00232360
v -0.66666669 -0.00833820 -0.02108984
v -0.66666669 -0.01769394 -0.05689862
v -0.66666669 -0.01521755 -0.09133014
v -0.66666669 -0.00508076 -0.11887535
v -0.62500000 0.01375950 -0.16916522
v -0.62500000 0.02832667 -0.14934810
v -0.62500000 0.04024126 -0.11631956
v -0.62500000 0.04315197 -0.07503390
v -0.62500000 0.03215540 -0.03209680
v -0.62500000 0.01375950 -0.00402254
v -0.62500000 -0.00206098 -0.03209680
v -0.62500000 -0.01151803 -0.07503390
v -0.62500000 -0.00901482 -0.11631956
v -0.62500000 0.00123173 -0.14934810
v -0.58333331 0.00886540 -0.20668577
v -0.58333331 0.02080969 -0.18762651
v -0.58333331 0.03057901 -0.15586109
v -0.58333331 0.03296563 -0.11615431
v -0.58333331 0.02394904 -0.07485927
v -0.58333331 0.00886540 -0.04785866
v -0.58333331 -0.00410653 -0.07485927
v -0.58333331 -0.01186079 -0.11615431
v -0.58333331 -0.00980830 -0.15586109
v -0.58333331 -0.00140668 -0.18762651
v -0.54166669 0.01376598 -0.23847863
v -0.54166669 0.02833633 -0.21424221
v -0.54166669 0.04025353 -0.17384818
v -0.54166669 0.04316487 -0.12335564
v -0.54166669 0.03216590 -0.07084340
v -0.54166669 0.01376598 -0.03650848
v -0.54166669 -0.00205795 -0.07084340
v -0.54166669 -0.01151706 -0.12335564
v -0.54166669 -0.00901331 -0.17384818
v -0.54166669 0.00123548 -0.21424221
v -0.50000000 0.01737941 -0.25977615
v -0.50000000 0.03186909 -0.23952956
v -0.50000000 0.04372030 -0.20578526
v -0.50000000 0.04661553 -0.16360487
v -0.50000000 0.03567746 -0.11973726
v -0.50000000 0.01737941 -0.09105460
v -0.50000000 0.00164309 -0.11973726
v -0.50000000 -0.00776365 -0.16360487
v -0.50000000 -0.00527376 -0.20578526
v -0.50000000 0.00491829 -0.23952956
v -0.45833334 0.01713655 -0.29400578
v -0.45833334 0.02995191 -0.27130803
v -0.45833334 0.04043368 -0.23347852
v -0.45833334 0.04299435 -0.18619160
v -0.45833334 0.03332021 -0.13701321
v -0.45833334 0.01713655 -0.10485812
v -0.45833334 0.00321861 -0.13701321
v -0.45833334 -0.00510115 -0.18619160
v -0.45833334 -0.00289898 -0.23347852
v -0.45833334 0.00611535 -0.27130803
v -0.41666666 0.01393023 -0.30815312
v -0.41666666 0.02703730 -0.28434607
v -0.41666666 0.03775767 -0.24466768
v -0.41666666 0.04037663 -0.19506967
v -0.41666666 0.03048227 -0.14348774
v -0.41666666 0.01393023 -0.10976108
v -0.41666666 -0.00030452 -0.14348774
v -0.41666666 -0.00881367 -0.19506967
v -0.41666666 -0.00656136 -0.24466768
v -0.41666666 0.00265815 -0.28434607
v -0.37500000 0.02001497 -0.33743393
v -0.37500000 0.03465630 -0.31539261
v -0.37500000 0.04663155 -0.27865705
v -0.37500000 0.04955707 -0.23273762
v -0.37500000 0.03850453 -0.18498139
v -0.37500000 0.02001497 -0.15375616
v -0.37500000 0.00411396 -0.18498139
v -0.37500000 -0.00539123 -0.23273762
v -0.37500000 -0.00287528 -0.27865705
v -0.37500000 0.00742343 -0.31539261
v -0.33333334 0.01298691 -0.35955718
v -0.33333334 0.03015013 -0.33413249
v -0.33333334 0.04418806 -0.29175797
v -0.33333334 0.04761750 -0.23878981
v -0.33333334 0.03466120 -0.18370293
v -0.33333334 0.01298691 -0.14768459
v -0.33333334 -0.00565298 -0.18370293
v -0.33333334 -0.01679539 -0.23878981
v -0.33333334 -0.01384608 -0.29175797
v -0.33333334 -0.00177346 -0.33413249
v -0.29166666 0.01962357 -0.38804349
v -0.29166666 0.03418839 -0.36439282
v -0.29166666 0.04610106 -0.32497501
v -0.29166666 0.04901130 -0.27570274
v -0.29166666 0.03801651 -0.22445959
v -0.29166666 0.01962357 -0.19095446
v -0.29166666 0.00380564 -0.22445959
v -0.29166666 -0.00564988 -0.27570274
v -0.29166666 -0.00314708 -0.32497501
v -0.29166666 0.00709782 -0.36439282
v -0.25000000 0.02197284 -0.40559566
v -0.25000000 0.03943684 -0.37638670
v -0.25000000 0.05372079 -0.32770512
v -0.25000000 0.05721032 -0.26685312
v -0.25000000 0.04402697 -0.20356706
v -0.25000000 0.02197284 -0.16218771
v -0.25000000 0.00300629 -0.20356706
v -0.25000000 -0.00833139 -0.26685312
v -0.25000000 -0.00533040 -0.32770512
v -0.25000000 0.00695379 -0.37638670
v -0.20833333 0.01389728 -0.41346025
v -0.20833333 0.02877812 -0.38968679
v -0.20833333 0.04094926 -0.35006434
v -0.20833333 0.04392264 -0.30053627
v -0.20833333 0.03268930 -0.24902709
v -0.20833333 0.01389728 -0.21534799
v -0.20833333 -0.00226385 -0.24902709
v -0.20833333 -0.01192453 -0.30053627
v -0.20833333 -0.00936742 -0.35006434
v -0.20833333 0.00109977 -0.38968679
v -0.16666667 0.02284694 -0.42192096
v -0.16666667 0.03920437 -0.39588946
v -0.16666667 0.05258323 -0.35250369
v -0.16666667 0.05585165 -0.29827145
v -0.16666667 0.04350364 -0.24186991
v -0.16666667 0.02284694 -0.20499198
v -0.16666667 0.00508218 -0.24186991
v -0.16666667 -0.00553711 -0.29827145
v -0.16666667 -0.00272627 -0.35250369
v -0.16666667 0.00877956 -0.39588946
v -0.12500000 0.01386153 -0.44122005
v -0.12500000 0.03357411 -0.41449922
v -0.12500000 0.04969718 -0.36996451
v -0.12500000 0.05363600 -0.31429616
v -0.12500000 0.03875523 -0.25640103
v -0.12500000 0.01386153 -0.21854655
v -0.12500000 -0.00754705 -0.25640103
v -0.12500000 -0.02034451 -0.31429616
v -0.12500000 -0.01695712 -0.36996451
v -0.12500000 -0.00309128 -0.41449922
v -0.08333334 0.01649170 -0.43955809
v -0.08333334 0.03626533 -0.41530988
v -0.08333334 0.05243834 -0.37489617
v -0.08333334 0.05638937 -0.32437906
v -0.08333334 0.04146250 -0.27184126
v -0.08333334 0.01649170 -0.23748961
v -0.08333334 -0.00498320 -0.27184126
v -0.08333334 -0.01782030 -0.32437906
v -0.08333334 -0.01442242 -0.37489617
v -0.08333334 -0.00051363 -0.41530988
v -0.04166667 0.01772278 -0.44779870
v -0.04166667 0.03389423 -0.42035019
v -0.04166667 0.04712098 -0.37460268
v -0.04166667 0.05035224 -0.31741831
v -0.04166667 0.03814462 -0.25794655
v -0.04166667 0.01772278 -0.21906117
v -0.04166667 0.00015999 -0.25794655
v -0.04166667 -0.01033856 -0.31741831
v -0.04166667 -0.00755967 -0.37460268
v -0.04166667 0.00381533 -0.42035019
v 0.00000000 0.02278167 -0.44929993
v 0.00000000 0.04109930 -0.42421994
v 0.00000000 0.05608142 -0.38241994
v 0.00000000 0.05974152 -0.33016992
v 0.00000000 0.04591378 -0.27582994
v 0.00000000 0.02278167 -0.24029993
v 0.00000000 0.00288805 -0.27582994
v 0.00000000 -0.00900381 -0.33016992
v 0.00000000 -0.00585612 -0.38241994
v 0.00000000 0.00702850 -0.42421994
v 0.04166667 0.02369519 -0.45702019
v 0.04166667 0.04263144 -0.42657512
v 0.04166667 0.05811955 -0.37583336
v 0.04166667 0.06190326 -0.31240612
v 0.04166667 0.04760852 -0.24644183
v 0.04166667 0.02369519 -0.20331132
v 0.04166667 0.00312972 -0.24644183
v 0.04166667 -0.00916375 -0.31240612
v 0.04166667 -0.00590977 -0.37583336
v 0.04166667 0.00741000 -0.42657512
v 0.08333334 0.02460243 -0.45168018
v 0.08333334 0.04384188 -0.42731252
v 0.08333334 0.05957798 -0.38669977
v 0.08333334 0.06342226 -0.33593377
v 0.08333334 0.04889865 -0.28313717
v 0.08333334 0.02460243 -0.24861631
v 0.08333334 0.00370768 -0.28313717
v 0.08333334 -0.00878263 -0.33593377
v 0.08333334 -0.00547654 -0.38669977
v 0.08333334 0.00805650 -0.42731252
v 0.12500000 0.01634643 -0.43968847
v 0.12500000 0.03349631 -0.41344270
v 0.12500000 0.04752333 -0.36969972
v 0.12500000 0.05095010 -0.31502101
v 0.12500000 0.03800387 -0.25815517
v 0.12500000 0.01634643 -0.22097364
v 0.12500000 -0.00227896 -0.25815517
v 0.12500000 -0.01341272 -0.31502101
v 0.12500000 -0.01046570 -0.36969972
v 0.12500000 0.00159754 -0.41344270
v 0.16666667 0.01430376 -0.43368930
v 0.16666667 0.03397529 -0.40718666
v 0.16666667 0.05006479 -0.36301562
v 0.16666667 0.05399541 -0.30780181
v 0.16666667 0.03914562 -0.25037941
v 0.16666667 0.01430376 -0.21283403
v 0.16666667 -0.00706025 -0.25037941
v 0.16666667 -0.01983107 -0.30780181
v 0.16666667 -0.01645073 -0.36301562
v 0.16666667 -0.00261376 -0.40718666
v 0.20833333 0.01908180 -0.41214108
v 0.20833333 0.03543122 -0.38848412
v 0.20833333 0.04880354 -0.34905592
v 0.20833333 0.05207036 -0.29977062
v 0.20833333 0.03972840 -0.24851392
v 0.20833333 0.01908180 -0.21499993
v 0.20833333 0.00132573 -0.24851392
v 0.20833333 -0.00928836 -0.29977062
v 0.20833333 -0.00647889 -0.34905592
v 0.20833333 0.00502130 -0.38848412
v 0.25000000 0.02270522 -0.39555344
v 0.25000000 0.04048513 -0.36921936
v 0.25000000 0.05502745 -0.32532927
v 0.25000000 0.05858010 -0.27046666
v 0.25000000 0.04515828 -0.21340953
v 0.25000000 0.02270522 -0.17610295
v 0.25000000 0.00339559 -0.21340953
v 0.25000000 -0.00814717 -0.27046666
v 0.25000000 -0.00509189 -0.32532927
v 0.25000000 0.00741450 -0.36921936
v 0.29166666 0.02171552 -0.37795177
v 0.29166666 0.03993996 -0.35430107
v 0.29166666 0.05484586 -0.31488326
v 0.29166666 0.05848733 -0.26561102
v 0.29166666 0.04472994 -0.21436787
v 0.29166666 0.02171552 -0.18086272
v 0.29166666 0.00192312 -0.21436787
v 0.29166666 -0.00990823 -0.26561102
v 0.29166666 -0.00677656 -0.31488326
v 0.29166666 0.00604251 -0.35430107
v 0.33333334 0.02068895 -0.35435677
v 0.33333334 0.03560939 -0.32615641
v 0.33333334 0.04781293 -0.27915585
v 0.33333334 0.05079423 -0.22040516
v 0.33333334 0.03953098 -0.15930443
v 0.33333334 0.02068895 -0.11935395
v 0.33333334 0.00448481 -0.15930443
v 0.33333334 -0.00520158 -0.22040516
v 0.33333334 -0.00263767 -0.27915585
v 0.33333334 0.00785737 -0.32615641
v 0.37500000 0.01166028 -0.34182146
v 0.37500000 0.02631734 -0.31967154
v 0.37500000 0.03830547 -0.28275502
v 0.37500000 0.04123414 -0.23660937
v 0.37500000 0.03016970 -0.18861790
v 0.37500000 0.01166028 -0.15723886
v 0.37500000 -0.00425784 -0.18861790
v 0.37500000 -0.01377324 -0.23660937
v 0.37500000 -0.01125459 -0.28275502
v 0.37500000 -0.00094480 -0.31967154
v 0.41666666 0.01409411 -0.32246342
v 0.41666666 0.02879357 -0.29907960
v 0.41666666 0.04081637 -0.26010659
v 0.41666666 0.04375352 -0.21139032
v 0.41666666 0.03265708 -0.16072540
v 0.41666666 0.01409411 -0.12759833
v 0.41666666 -0.00187005 -0.16072540
v 0.41666666 -0.01141299 -0.21139032
v 0.41666666 -0.00888705 -0.26010659
v 0.41666666 0.00145257 -0.29907960
v 0.45833334 0.01223685 -0.28843328
v 0.45833334 0.02973070 -0.26532474
v 0.45833334 0.04403905 -0.22681053
v 0.45833334 0.04753454 -0.17866774
v 0.45833334 0.03432866 -0.12859924
v 0.45833334 0.01223685 -0.09586215
v 0.45833334 -0.00676210 -0.12859924
v 0.45833334 -0.01811916 -0.17866774
v 0.45833334 -0.01511303 -0.22681053
v 0.45833334 -0.00280786 -0.26532474
v 0.50000000 0.01277597 -0.26512817
v 0.50000000 0.02543141 -0.24498081
v 0.50000000 0.03578239 -0.21140191
v 0.50000000 0.03831111 -0.16942829
v 0.50000000 0.02875768 -0.12577571
v 0.50000000 0.01277597 -0.09723365
v 0.50000000 -0.00096830 -0.12577571
v 0.50000000 -0.00918424 -0.16942829
v 0.50000000 -0.00700955 -0.21140191
v 0.50000000 0.00189229 -0.24498081
v 0.54166669 0.00931747 -0.22818148
v 0.54166669 0.02416742 -0.20633054
v 0.54166669 0.03631331 -0.16991231
v 0.54166669 0.03928052 -0.12438951
v 0.54166669 0.02807048 -0.07704579
v 0.54166669 0.00931747 -0.04609029
v 0.54166669 -0.00681013 -0.07704579
v 0.54166669 -0.01645076 -0.12438951
v 0.54166669 -0.01389896 -0.16991231
v 0.54166669 -0.00345349 -0.20633054
v 0.58333331 0.01514288 -0.20263486
v 0.58333331 0.03091778 -0.18357560
v 0.58333331 0.04382018 -0.15181018
v 0.58333331 0.04697221 -0.11210341
v 0.58333331 0.03506394 -0.07080836
v 0.58333331 0.01514288 -0.04380775
v 0.58333331 -0.00198924 -0.07080836
v 0.58333331 -0.01223034 -0.11210341
v 0.58333331 -0.00951960 -0.15181018
v 0.58333331 0.00157647 -0.18357560
v 0.62500000 0.00892337 -0.16234648
v 0.62500000 0.02189106 -0.14036593
v 0.62500000 0.03249744 -0.10373165
v 0.62500000 0.03508855 -0.05793881
v 0.62500000 0.02529941 -0.01031425
v 0.62500000 0.00892337 0.02082488
v 0.62500000 -0.00516003 -0.01031425
v 0.62500000 -0.01357869 -0.05793881
v 0.62500000 -0.01135034 -0.10373165
v 0.62500000 -0.00222885 -0.14036593
v 0.66666669 0.00793925 -0.13229646
v 0.66666669 0.02141014 -0.11568791
v 0.66666669 0.03242808 -0.08800700
v 0.66666669 0.03511974 -0.05340587
v 0.66666669 0.02495074 -0.01742069
v 0.66666669 0.00793925 0.00610808
v 0.66666669 -0.00669064 -0.01742069
v 0.66666669 -0.01543598 -0.05340587
v 0.66666669 -0.01312116 -0.08800700
v 0.66666669 -0.00364572 -0.11568791
v 0.70833331 0.00959435 -0.08897691
v 0.70833331 0.02281038 -0.07223146
v 0.70833331 0.03361987 -0.04432239
v 0.70833331 0.03626060 -0.00943604
v 0.70833331 0.02628399 0.02684576
v 0.70833331 0.00959435 0.05056847
v 0.70833331 -0.00475874 0.02684576
v 0.70833331 -0.01333862 -0.00943604
v 0.70833331 -0.01106759 -0.04432239
v 0.70833331 -0.00177143 -0.07223146
v 0.75000000 0.00676297 -0.05361353
v 0.75000000 0.01785405 -0.03796731
v 0.75000000 0.02692553 -0.01189029
v 0.75000000 0.02914167 0.02070599
v 0.75000000 0.02076916 0.05460612
v 0.75000000 0.00676297 0.07677159
v 0.75000000 -0.00528234 0.05460612
v 0.75000000 -0.01248270 0.02070599
v 0.75000000 -0.01057682 -0.01189029
v 0.75000000 -0.00277535 -0.03796731
v 0.79166669 0.00513569 -0.00980024
v 0.79166669 0.01455034 0.00291159
v 0.79166669 0.02225065 0.02409796
v 0.79166669 0.02413182 0.05058092
v 0.79166669 0.01702482 0.07812320
v 0.79166669 0.00513569 0.09613162
v 0.79166669 -0.00508896 0.07812320
v 0.79166669 -0.01120098 0.05058092
v 0.79166669 -0.00958318 0.02409796
v 0.79166669 -0.00296091 0.00291159
v 0.83333331 0.00595513 0.02786214
v 0.83333331 0.01402779 0.04042754
v 0.83333331 0.02063048 0.06136987
v 0.83333331 0.02224350 0.08754779
v 0.83333331 0.01614955 0.11477281
v 0.83333331 0.00595513 0.13257380
v 0.83333331 -0.00281207 0.11477281
v 0.83333331 -0.00805286 0.08754779
v 0.83333331 -0.00666567 0.06136987
v 0.83333331 -0.00098736 0.04042754
v 0.87500000 0.00443545 0.07385511
v 0.87500000 0.01305684 0.08348162
v 0.87500000 0.02010835 0.09952581
v 0.87500000 0.02183101 0.11958104
v 0.87500000 0.01532283 0.14043848
v 0.87500000 0.00443545 0.15407604
v 0.87500000 -0.00492770 0.14043848
v 0.87500000 -0.01052473 0.11958104
v 0.87500000 -0.00904324 0.09952581
v 0.87500000 -0.00297895 0.08348162
v 0.91666669 0.00360123 0.12198637
v 0.91666669 0.00872670 0.13106951
v 0.91666669 0.01291887 0.14620808
v 0.91666669 0.01394300 0.16513129
v 0.91666669 0.01007385 0.18481143
v 0.91666669 0.00360123 0.19767921
v 0.91666669 -0.00196522 0.18481143
v 0.91666669 -0.00529269 0.16513129
v 0.91666669 -0.00441193 0.14620808
v 0.91666669 -0.00080667 0.13106951
v 0.95833331 0.00179223 0.17049384
v 0.95833331 0.00603694 0.17517677
v 0.95833331 0.00950873 0.18298164
v 0.95833331 0.01035687 0.19273773
v 0.95833331 0.00715260 0.20288406
v 0.95833331 0.00179223 0.20951821
v 0.95833331 -0.00281768 0.20288406
v 0.95833331 -0.00557336 0.19273773
v 0.95833331 -0.00484396 0.18298164
v 0.95833331 -0.00185822 0.17517677
v 1.00000000 0.00000000 0.22000000
vt 0.00000000 0.50000000
vt 0.02083333 0.12000000
vt 0.02083333 0.00000000
vt 0.00000000 0.50000000
vt 0.02083333 0.31999999
vt 0.02083333 0.12000000
vt 0.00000000 0.50000000
vt 0.02083333 0.56999999
vt 0.02083333 0.31999999
vt 0.00000000 0.50000000
vt 0.02083333 0.82999998
vt 0.02083333 0.56999999
vt 0.00000000 0.50000000
vt 0.02083333 1.00000000
vt 0.02083333 0.82999998
vt 0.00000000 0.50000000
vt 0.02083333 0.82999998
vt 0.02083333 1.00000000
vt 0.00000000 0.50000000
vt 0.02083333 0.56999999
vt 0.02083333 0.82999998
vt 0.00000000 0.50000000
vt 0.02083333 0.31999999
vt 0.02083333 0.56999999
vt 0.00000000 0.50000000
vt 0.02083333 0.12000000
vt 0.02083333 0.31999999
vt 0.00000000 0.50000000
vt 0.02083333 0.00000000
vt 0.02083333 0.12000000
vt 0.02083333 0.00000000
vt 0.04166667 0.12000000
vt 0.04166667 0.00000000
vt 0.02083333 0.12000000
vt 0.04166667 0.31999999
vt 0.04166667 0.12000000
vt 0.02083333 0.31999999
vt 0.04166667 0.56999999
vt 0.04166667 0.31999999
vt 0.02083333 0.56999999
vt 0.04166667 0.82999998
vt 0.04166667 0.56999999
vt 0.02083333 0.82999998
vt 0.04166667 1.00000000
vt 0.04166667 0.82999998
vt 0.02083333 0.82999998
vt 0.04166667 1.00000000
vt 0.02083333 1.00000000
vt 0.02083333 0.56999999
vt 0.04166667 0.82999998
vt 0.02083333 0.82999998
vt 0.02083333 0.31999999
vt 0.04166667 0.56999999
vt 0.02083333 0.56999999
vt 0.02083333 0.12000000
vt 0.04166667 0.31999999
vt 0.02083333 0.31999999
vt 0.02083333 0.00000000
vt 0.04166667 0.12000000
vt 0.02083333 0.12000000
vt 0.04166667 0.00000000
vt 0.06250000 0.12000000
vt 0.06250000 0.00000000
vt 0.04166667 0.12000000
vt 0.06250000 0.31999999
vt 0.06250000 0.12000000
vt 0.04166667 0.31999999
vt 0.06250000 0.56999999
vt 0.06250000 0.31999999
vt 0.04166667 0.56999999
vt 0.06250000 0.82999998
vt 0.06250000 0.56999999
vt 0.04166667 0.82999998
vt 0.06250000 1.00000000
vt 0.06250000 0.82999998
vt 0.04166667 0.82999998
vt 0.06250000 1.00000000
vt 0.04166667 1.00000000
vt 0.04166667 0.56999999
vt 0.06250000 0.82999998
vt 0.04166667 0.82999998
vt 0.04166667 0.31999999
vt 0.06250000 0.56999999
vt 0.04166667 0.56999999
vt 0.04166667 0.12000000
vt 0.06250000 0.31999999
vt 0.04166667 0.31999999
vt 0.04166667 0.00000000
vt 0.06250000 0.12000000
vt 0.04166667 0.12000000
vt 0.06250000 0.00000000
vt 0.08333334 0.12000000
vt 0.08333334 0.00000000
vt 0.06250000 0.12000000
vt 0.08333334 0.31999999
vt 0.08333334 0.12000000
vt 0.06250000 0.31999999
vt 0.08333334 0.56999999
vt 0.08333334 0.31999999
vt 0.06250000 0.56999999
vt 0.08333334 0.82999998
vt 0.08333334 0.56999999
vt 0.06250000 0.82999998
vt 0.08333334 1.00000000
vt 0.08333334 0.82999998
vt 0.06250000 0.82999998
vt 0.08333334 1.00000000
vt 0.06250000 1.00000000
vt 0.06250000 0.56999999
vt 0.08333334 0.82999998
vt 0.06250000 0.82999998
vt 0.06250000 0.31999999
vt 0.08333334 0.56999999
vt 0.06250000 0.56999999
vt 0.06250000 0.12000000
vt 0.08333334 0.31999999
vt 0.06250000 0.31999999
vt 0.06250000 0.00000000
vt 0.08333334 0.12000000
vt 0.06250000 0.12000000
vt 0.08333334 0.00000000
vt 0.10416666 0.12000000
vt 0.10416666 0.00000000
vt 0.08333334 0.12000000
vt 0.10416666 0.31999999
vt 0.10416666 0.12000000
vt 0.08333334 0.31999999
vt 0.10416666 0.56999999
vt 0.10416666 0.31999999
vt 0.08333334 0.56999999
vt 0.10416666 0.82999998
vt 0.10416666 0.56999999
vt 0.08333334 0.82999998
vt 0.10416666 1.00000000
vt 0.10416666 0.82999998
vt 0.08333334 0.82999998
vt 0.10416666 1.00000000
vt 0.08333334 1.00000000
vt 0.08333334 0.56999999
vt 0.10416666 0.82999998
vt 0.08333334 0.82999998
vt 0.08333334 0.31999999
vt 0.10416666 0.56999999
vt 0.08333334 0.56999999
vt 0.08333334 0.12000000
vt 0.10416666 0.31999999
vt 0.08333334 0.31999999
vt 0.08333334 0.00000000
vt 0.10416666 0.12000000
vt 0.08333334 0.12000000
vt 0.10416666 0.00000000
vt 0.12500000 0.12000000
vt 0.12500000 0.00000000
vt 0.10416666 0.12000000
vt 0.12500000 0.31999999
vt 0.12500000 0.12000000
vt 0.10416666 0.31999999
vt 0.12500000 0.56999999
vt 0.12500000 0.31999999
vt 0.10416666 0.56999999
vt 0.12500000 0.82999998
vt 0.12500000 0.56999999
vt 0.10416666 0.82999998
vt 0.12500000 1.00000000
vt 0.12500000 0.82999998
vt 0.10416666 0.82999998
vt 0.12500000 1.00000000
vt 0.10416666 1.00000000
vt 0.10416666 0.56999999
vt 0.12500000 0.82999998
vt 0.10416666 0.82999998
vt 0.10416666 0.31999999
vt 0.12500000 0.56999999
vt 0.10416666 0.56999999
vt 0.10416666 0.12000000
vt 0.12500000 0.31999999
vt 0.10416666 0.31999999
vt 0.10416666 0.00000000
vt 0.12500000 0.12000000
vt 0.10416666 0.12000000
vt 0.12500000 0.00000000
vt 0.14583333 0.12000000
vt 0.14583333 0.00000000
vt 0.12500000 0.12000000
vt 0.14583333 0.31999999
vt 0.14583333 0.12000000
vt 0.12500000 0.31999999
vt 0.14583333 0.56999999
vt 0.14583333 0.31999999
vt 0.12500000 0.56999999
vt 0.14583333 0.82999998
vt 0.14583333 0.56999999
vt 0.12500000 0.82999998
vt 0.14583333 1.00000000
vt 0.14583333 0.82999998
vt 0.12500000 0.82999998
vt 0.14583333 1.00000000
vt 0.12500000 1.00000000
vt 0.12500000 0.56999999
vt 0.14583333 0.82999998
vt 0.12500000 0.82999998
vt 0.12500000 0.31999999
vt 0.14583333 0.56999999
vt 0.12500000 0.56999999
vt 0.12500000 0.12000000
vt 0.14583333 0.31999999
vt 0.12500000 0.31999999
vt 0.12500000 0.00000000
vt 0.14583333 0.12000000
vt 0.12500000 0.12000000
vt 0.14583333 0.00000000
vt 0.16666667 0.12000000
vt 0.16666667 0.00000000
vt 0.14583333 0.12000000
vt 0.16666667 0.31999999
vt 0.16666667 0.12000000
vt 0.14583333 0.31999999
vt 0.16666667 0.56999999
vt 0.16666667 0.31999999
vt 0.14583333 0.56999999
vt 0.16666667 0.82999998
vt 0.16666667 0.56999999
vt 0.14583333 0.82999998
vt 0.16666667 1.00000000
vt 0.16666667 0.82999998
vt 0.14583333 0.82999998
vt 0.16666667 1.00000000
vt 0.14583333 1.00000000
vt 0.14583333 0.56999999
vt 0.16666667 0.82999998
vt 0.14583333 0.82999998
vt 0.14583333 0.31999999
vt 0.16666667 0.56999999
vt 0.14583333 0.56999999
vt 0.14583333 0.12000000
vt 0.16666667 0.31999999
vt 0.14583333 0.31999999
vt 0.14583333 0.00000000
vt 0.16666667 0.12000000
vt 0.14583333 0.12000000
vt 0.16666667 0.00000000
vt 0.18750000 0.12000000
vt 0.18750000 0.00000000
vt 0.16666667 0.12000000
vt 0.18750000 0.31999999
vt 0.18750000 0.12000000
vt 0.16666667 0.31999999
vt 0.18750000 0.56999999
vt 0.18750000 0.31999999
vt 0.16666667 0.56999999
vt 0.18750000 0.82999998
vt 0.18750000 0.56999999
vt 0.16666667 0.82999998
vt 0.18750000 1.00000000
vt 0.18750000 0.82999998
vt 0.16666667 0.82999998
vt 0.18750000 1.00000000
vt 0.16666667 1.00000000
vt 0.16666667 0.56999999
vt 0.18750000 0.82999998
vt 0.16666667 0.82999998
vt 0.16666667 0.31999999
vt 0.18750000 0.56999999
vt 0.16666667 0.56999999
vt 0.16666667 0.12000000
vt 0.18750000 0.31999999
vt 0.16666667 0.31999999
vt 0.16666667 0.00000000
vt 0.18750000 0.12000000
vt 0.16666667 0.12000000
vt 0.18750000 0.00000000
vt 0.20833333 0.12000000
vt 0.20833333 0.00000000
vt 0.18750000 0.12000000
vt 0.20833333 0.31999999
vt 0.20833333 0.12000000
vt 0.18750000 0.31999999
vt 0.20833333 0.56999999
vt 0.20833333 0.31999999
vt 0.18750000 0.56999999
vt 0.20833333 0.82999998
vt 0.20833333 0.56999999
vt 0.18750000 0.82999998
vt 0.20833333 1.00000000
vt 0.20833333 0.82999998
vt 0.18750000 0.82999998
vt 0.20833333 1.00000000
vt 0.18750000 1.00000000
vt 0.18750000 0.56999999
vt 0.20833333 0.82999998
vt 0.18750000 0.82999998
vt 0.18750000 0.31999999
vt 0.20833333 0.56999999
vt 0.18750000 0.56999999
vt 0.18750000 0.12000000
vt 0.20833333 0.31999999
vt 0.18750000 0.31999999
vt 0.18750000 0.00000000
vt 0.20833333 0.12000000
vt 0.18750000 0.12000000
vt 0.20833333 0.00000000
vt 0.22916667 0.12000000
vt 0.22916667 0.00000000
vt 0.20833333 0.12000000
vt 0.22916667 0.31999999
vt 0.22916667 0.12000000
vt 0.20833333 0.31999999
vt 0.22916667 0.56999999
vt 0.22916667 0.31999999
vt 0.20833333 0.56999999
vt 0.22916667 0.82999998
vt 0.22916667 0.56999999
vt 0.20833333 1.00000000
vt 0.22916667 0.82999998
vt 0.20833333 0.82999998
vt 0.20833333 1.00000000
vt 0.22916667 0.82999998
vt 0.22916667 1.00000000
vt 0.20833333 0.56999999
vt 0.22916667 0.82999998
vt 0.20833333 0.82999998
vt 0.20833333 0.31999999
vt 0.22916667 0.56999999
vt 0.20833333 0.56999999
vt 0.20833333 0.12000000
vt 0.22916667 0.31999999
vt 0.20833333 0.31999999
vt 0.20833333 0.00000000
vt 0.22916667 0.12000000
vt 0.20833333 0.12000000
vt 0.22916667 0.00000000
vt 0.25000000 0.12000000
vt 0.25000000 0.00000000
vt 0.22916667 0.12000000
vt 0.25000000 0.31999999
vt 0.25000000 0.12000000
vt 0.22916667 0.31999999
vt 0.25000000 0.56999999
vt 0.25000000 0.31999999
vt 0.22916667 0.56999999
vt 0.25000000 0.82999998
vt 0.25000000 0.56999999
vt 0.22916667 0.82999998
vt 0.25000000 1.00000000
vt 0.25000000 0.82999998
vt 0.22916667 0.82999998
vt 0.25000000 1.00000000
vt 0.22916667 1.00000000
vt 0.22916667 0.56999999
vt 0.25000000 0.82999998
vt 0.22916667 0.82999998
vt 0.22916667 0.31999999
vt 0.25000000 0.56999999
vt 0.22916667 0.56999999
vt 0.22916667 0.12000000
vt 0.25000000 0.31999999
vt 0.22916667 0.31999999
vt 0.22916667 0.00000000
vt 0.25000000 0.12000000
vt 0.22916667 0.12000000
vt 0.25000000 0.00000000
vt 0.27083334 0.12000000
vt 0.27083334 0.00000000
vt 0.25000000 0.12000000
vt 0.27083334 0.31999999
vt 0.27083334 0.12000000
vt 0.25000000 0.31999999
vt 0.27083334 0.56999999
vt 0.27083334 0.31999999
vt 0.25000000 0.56999999
vt 0.27083334 0.82999998
vt 0.27083334 0.56999999
vt 0.25000000 0.82999998
vt 0.27083334 1.00000000
vt 0.27083334 0.82999998
vt 0.25000000 0.82999998
vt 0.27083334 1.00000000
vt 0.25000000 1.00000000
vt 0.25000000 0.56999999
vt 0.27083334 0.82999998
vt 0.25000000 0.82999998
vt 0.25000000 0.31999999
vt 0.27083334 0.56999999
vt 0.25000000 0.56999999
vt 0.25000000 0.12000000
vt 0.27083334 0.31999999
vt 0.25000000 0.31999999
vt 0.25000000 0.00000000
vt 0.27083334 0.12000000
vt 0.25000000 0.12000000
vt 0.27083334 0.00000000
vt 0.29166666 0.12000000
vt 0.29166666 0.00000000
vt 0.27083334 0.12000000
vt 0.29166666 0.31999999
vt 0.29166666 0.12000000
vt 0.27083334 0.31999999
vt 0.29166666 0.56999999
vt 0.29166666 0.31999999
vt 0.27083334 0.56999999
vt 0.29166666 0.82999998
vt 0.29166666 0.56999999
vt 0.27083334 0.82999998
vt 0.29166666 1.00000000
vt 0.29166666 0.82999998
vt 0.27083334 0.82999998
vt 0.29166666 1.00000000
vt 0.27083334 1.00000000
vt 0.27083334 0.56999999
vt 0.29166666 0.82999998
vt 0.27083334 0.82999998
vt 0.27083334 0.31999999
vt 0.29166666 0.56999999
vt 0.27083334 0.56999999
vt 0.27083334 0.12000000
vt 0.29166666 0.31999999
vt 0.27083334 0.31999999
vt 0.27083334 0.00000000
vt 0.29166666 0.12000000
vt 0.27083334 0.12000000
vt 0.29166666 0.00000000
vt 0.31250000 0.12000000
vt 0.31250000 0.00000000
vt 0.29166666 0.12000000
vt 0.31250000 0.31999999
vt 0.31250000 0.12000000
vt 0.29166666 0.31999999
vt 0.31250000 0.56999999
vt 0.31250000 0.31999999
vt 0.29166666 0.56999999
vt 0.31250000 0.82999998
vt 0.31250000 0.56999999
vt 0.29166666 0.82999998
vt 0.31250000 1.00000000
vt 0.31250000 0.82999998
vt 0.29166666 0.82999998
vt 0.31250000 1.00000000
vt 0.29166666 1.00000000
vt 0.29166666 0.56999999
vt 0.31250000 0.82999998
vt 0.29166666 0.82999998
vt 0.29166666 0.31999999
vt 0.31250000 0.56999999
vt 0.29166666 0.56999999
vt 0.29166666 0.12000000
vt 0.31250000 0.31999999
vt 0.29166666 0.31999999
vt 0.29166666 0.00000000
vt 0.31250000 0.12000000
vt 0.29166666 0.12000000
vt 0.31250000 0.00000000
vt 0.33333334 0.12000000
vt 0.33333334 0.00000000
vt 0.31250000 0.12000000
vt 0.33333334 0.31999999
vt 0.33333334 0.12000000
vt 0.31250000 0.31999999
vt 0.33333334 0.56999999
vt 0.33333334 0.31999999
vt 0.31250000 0.56999999
vt 0.33333334 0.82999998
vt 0.33333334 0.56999999
vt 0.31250000 1.00000000
vt 0.33333334 0.82999998
vt 0.31250000 0.82999998
vt 0.31250000 0.82999998
vt 0.33333334 1.00000000
vt 0.31250000 1.00000000
vt 0.31250000 0.56999999
vt 0.33333334 0.82999998
vt 0.31250000 0.82999998
vt 0.31250000 0.31999999
vt 0.33333334 0.56999999
vt 0.31250000 0.56999999
vt 0.31250000 0.12000000
vt 0.33333334 0.31999999
vt 0.31250000 0.31999999
vt 0.31250000 0.00000000
vt 0.33333334 0.12000000
vt 0.31250000 0.12000000
vt 0.33333334 0.00000000
vt 0.35416666 0.12000000
vt 0.35416666 0.00000000
vt 0.33333334 0.12000000
vt 0.35416666 0.31999999
vt 0.35416666 0.12000000
vt 0.33333334 0.31999999
vt 0.35416666 0.56999999
vt 0.35416666 0.31999999
vt 0.33333334 0.56999999
vt 0.35416666 0.82999998
vt 0.35416666 0.56999999
vt 0.33333334 0.82999998
vt 0.35416666 1.00000000
vt 0.35416666 0.82999998
vt 0.33333334 0.82999998
vt 0.35416666 1.00000000
vt 0.33333334 1.00000000
vt 0.33333334 0.56999999
vt 0.35416666 0.82999998
vt 0.33333334 0.82999998
vt 0.33333334 0.31999999
vt 0.35416666 0.56999999
vt 0.33333334 0.56999999
vt 0.33333334 0.12000000
vt 0.35416666 0.31999999
vt 0.33333334 0.31999999
vt 0.33333334 0.00000000
vt 0.35416666 0.12000000
vt 0.33333334 0.12000000
vt 0.35416666 0.00000000
vt 0.37500000 0.12000000
vt 0.37500000 0.00000000
vt 0.35416666 0.12000000
vt 0.37500000 0.31999999
vt 0.37500000 0.12000000
vt 0.35416666 0.56999999
vt 0.37500000 0.31999999
vt 0.35416666 0.31999999
vt 0.35416666 0.82999998
vt 0.37500000 0.56999999
vt 0.35416666 0.56999999
vt 0.35416666 1.00000000
vt 0.37500000 0.82999998
vt 0.35416666 0.82999998
vt 0.35416666 1.00000000
vt 0.37500000 0.82999998
vt 0.37500000 1.00000000
vt 0.35416666 0.82999998
vt 0.37500000 0.56999999
vt 0.37500000 0.82999998
vt 0.35416666 0.56999999
vt 0.37500000 0.31999999
vt 0.37500000 0.56999999
vt 0.35416666 0.12000000
vt 0.37500000 0.31999999
vt 0.35416666 0.31999999
vt 0.35416666 0.00000000
vt 0.37500000 0.12000000
vt 0.35416666 0.12000000
vt 0.37500000 0.00000000
vt 0.39583334 0.12000000
vt 0.39583334 0.00000000
vt 0.37500000 0.12000000
vt 0.39583334 0.31999999
vt 0.39583334 0.12000000
vt 0.37500000 0.31999999
vt 0.39583334 0.56999999
vt 0.39583334 0.31999999
vt 0.37500000 0.56999999
vt 0.39583334 0.82999998
vt 0.39583334 0.56999999
vt 0.37500000 0.82999998
vt 0.39583334 1.00000000
vt 0.39583334 0.82999998
vt 0.37500000 0.82999998
vt 0.39583334 1.00000000
vt 0.37500000 1.00000000
vt 0.37500000 0.56999999
vt 0.39583334 0.82999998
vt 0.37500000 0.82999998
vt 0.37500000 0.31999999
vt 0.39583334 0.56999999
vt 0.37500000 0.56999999
vt 0.37500000 0.12000000
vt 0.39583334 0.31999999
vt 0.37500000 0.31999999
vt 0.37500000 0.00000000
vt 0.39583334 0.12000000
vt 0.37500000 0.12000000
vt 0.39583334 0.00000000
vt 0.41666666 0.12000000
vt 0.41666666 0.00000000
vt 0.39583334 0.12000000
vt 0.41666666 0.31999999
vt 0.41666666 0.12000000
vt 0.39583334 0.56999999
vt 0.41666666 0.31999999
vt 0.39583334 0.31999999
vt 0.39583334 0.82999998
vt 0.41666666 0.56999999
vt 0.39583334 0.56999999
vt 0.39583334 1.00000000
vt 0.41666666 0.82999998
vt 0.39583334 0.82999998
vt 0.39583334 1.00000000
vt 0.41666666 0.82999998
vt 0.41666666 1.00000000
vt 0.39583334 0.82999998
vt 0.41666666 0.56999999
vt 0.41666666 0.82999998
vt 0.39583334 0.31999999
vt 0.41666666 0.56999999
vt 0.39583334 0.56999999
vt 0.39583334 0.12000000
vt 0.41666666 0.31999999
vt 0.39583334 0.31999999
vt 0.39583334 0.00000000
vt 0.41666666 0.12000000
vt 0.39583334 0.12000000
vt 0.41666666 0.00000000
vt 0.43750000 0.12000000
vt 0.43750000 0.00000000
vt 0.41666666 0.12000000
vt 0.43750000 0.31999999
vt 0.43750000 0.12000000
vt 0.41666666 0.31999999
vt 0.43750000 0.56999999
vt 0.43750000 0.31999999
vt 0.41666666 0.56999999
vt 0.43750000 0.82999998
vt 0.43750000 0.56999999
vt 0.41666666 0.82999998
vt 0.43750000 1.00000000
vt 0.43750000 0.82999998
vt 0.41666666 0.82999998
vt 0.43750000 1.00000000
vt 0.41666666 1.00000000
vt 0.41666666 0.56999999
vt 0.43750000 0.82999998
vt 0.41666666 0.82999998
vt 0.41666666 0.31999999
vt 0.43750000 0.56999999
vt 0.41666666 0.56999999
vt 0.41666666 0.12000000
vt 0.43750000 0.31999999
vt 0.41666666 0.31999999
vt 0.41666666 0.00000000
vt 0.43750000 0.12000000
vt 0.41666666 0.12000000
vt 0.43750000 0.12000000
vt 0.45833334 0.00000000
vt 0.43750000 0.00000000
vt 0.43750000 0.12000000
vt 0.45833334 0.31999999
vt 0.45833334 0.12000000
vt 0.43750000 0.31999999
vt 0.45833334 0.56999999
vt 0.45833334 0.31999999
vt 0.43750000 0.56999999
vt 0.45833334 0.82999998
vt 0.45833334 0.56999999
vt 0.43750000 0.82999998
vt 0.45833334 1.00000000
vt 0.45833334 0.82999998
vt 0.43750000 0.82999998
vt 0.45833334 1.00000000
vt 0.43750000 1.00000000
vt 0.43750000 0.56999999
vt 0.45833334 0.82999998
vt 0.43750000 0.82999998
vt 0.43750000 0.31999999
vt 0.45833334 0.56999999
vt 0.43750000 0.56999999
vt 0.43750000 0.12000000
vt 0.45833334 0.31999999
vt 0.43750000 0.31999999
vt 0.43750000 0.00000000
vt 0.45833334 0.12000000
vt 0.43750000 0.12000000
vt 0.45833334 0.00000000
vt 0.47916666 0.12000000
vt 0.47916666 0.00000000
vt 0.45833334 0.12000000
vt 0.47916666 0.31999999
vt 0.47916666 0.12000000
vt 0.45833334 0.56999999
vt 0.47916666 0.31999999
vt 0.45833334 0.31999999
vt 0.45833334 0.82999998
vt 0.47916666 0.56999999
vt 0.45833334 0.56999999
vt 0.45833334 1.00000000
vt 0.47916666 0.82999998
vt 0.45833334 0.82999998
vt 0.45833334 1.00000000
vt 0.47916666 0.82999998
vt 0.47916666 1.00000000
vt 0.45833334 0.82999998
vt 0.47916666 0.56999999
vt 0.47916666 0.82999998
vt 0.45833334 0.56999999
vt 0.47916666 0.31999999
vt 0.47916666 0.56999999
vt 0.45833334 0.12000000
vt 0.47916666 0.31999999
vt 0.45833334 0.31999999
vt 0.45833334 0.00000000
vt 0.47916666 0.12000000
vt 0.45833334 0.12000000
vt 0.47916666 0.12000000
vt 0.50000000 0.00000000
vt 0.47916666 0.00000000
vt 0.47916666 0.12000000
vt 0.50000000 0.31999999
vt 0.50000000 0.12000000
vt 0.47916666 0.31999999
vt 0.50000000 0.56999999
vt 0.50000000 0.31999999
vt 0.47916666 0.56999999
vt 0.50000000 0.82999998
vt 0.50000000 0.56999999
vt 0.47916666 0.82999998
vt 0.50000000 1.00000000
vt 0.50000000 0.82999998
vt 0.47916666 0.82999998
vt 0.50000000 1.00000000
vt 0.47916666 1.00000000
vt 0.47916666 0.56999999
vt 0.50000000 0.82999998
vt 0.47916666 0.82999998
vt 0.47916666 0.31999999
vt 0.50000000 0.56999999
vt 0.47916666 0.56999999
vt 0.47916666 0.12000000
vt 0.50000000 0.31999999
vt 0.47916666 0.31999999
vt 0.47916666 0.00000000
vt 0.50000000 0.12000000
vt 0.47916666 0.12000000
vt 0.50000000 0.00000000
vt 0.52083331 0.12000000
vt 0.52083331 0.00000000
vt 0.50000000 0.31999999
vt 0.52083331 0.12000000
vt 0.50000000 0.12000000
vt 0.50000000 0.56999999
vt 0.52083331 0.31999999
vt 0.50000000 0.31999999
vt 0.50000000 0.82999998
vt 0.52083331 0.56999999
vt 0.50000000 0.56999999
vt 0.50000000 1.00000000
vt 0.52083331 0.82999998
vt 0.50000000 0.82999998
vt 0.50000000 1.00000000
vt 0.52083331 0.82999998
vt 0.52083331 1.00000000
vt 0.50000000 0.82999998
vt 0.52083331 0.56999999
vt 0.52083331 0.82999998
vt 0.50000000 0.56999999
vt 0.52083331 0.31999999
vt 0.52083331 0.56999999
vt 0.50000000 0.31999999
vt 0.52083331 0.12000000
vt 0.52083331 0.31999999
vt 0.50000000 0.00000000
vt 0.52083331 0.12000000
vt 0.50000000 0.12000000
vt 0.52083331 0.12000000
vt 0.54166669 0.00000000
vt 0.52083331 0.00000000
vt 0.52083331 0.12000000
vt 0.54166669 0.31999999
vt 0.54166669 0.12000000
vt 0.52083331 0.31999999
vt 0.54166669 0.56999999
vt 0.54166669 0.31999999
vt 0.52083331 0.56999999
vt 0.54166669 0.82999998
vt 0.54166669 0.56999999
vt 0.52083331 0.82999998
vt 0.54166669 1.00000000
vt 0.54166669 0.82999998
vt 0.52083331 0.82999998
vt 0.54166669 1.00000000
vt 0.52083331 1.00000000
vt 0.52083331 0.56999999
vt 0.54166669 0.82999998
vt 0.52083331 0.82999998
vt 0.52083331 0.31999999
vt 0.54166669 0.56999999
vt 0.52083331 0.56999999
vt 0.52083331 0.12000000
vt 0.54166669 0.31999999
vt 0.52083331 0.31999999
vt 0.52083331 0.12000000
vt 0.54166669 0.00000000
vt 0.54166669 0.12000000
vt 0.54166669 0.12000000
vt 0.56250000 0.00000000
vt 0.54166669 0.00000000
vt 0.54166669 0.31999999
vt 0.56250000 0.12000000
vt 0.54166669 0.12000000
vt 0.54166669 0.56999999
vt 0.56250000 0.31999999
vt 0.54166669 0.31999999
vt 0.54166669 0.82999998
vt 0.56250000 0.56999999
vt 0.54166669 0.56999999
vt 0.54166669 1.00000000
vt 0.56250000 0.82999998
vt 0.54166669 0.82999998
vt 0.54166669 1.00000000
vt 0.56250000 0.82999998
vt 0.56250000 1.00000000
vt 0.54166669 0.82999998
vt 0.56250000 0.56999999
vt 0.56250000 0.82999998
vt 0.54166669 0.56999999
vt 0.56250000 0.31999999
vt 0.56250000 0.56999999
vt 0.54166669 0.31999999
vt 0.56250000 0.12000000
vt 0.56250000 0.31999999
vt 0.54166669 0.12000000
vt 0.56250000 0.00000000
vt 0.56250000 0.12000000
vt 0.56250000 0.12000000
vt 0.58333331 0.00000000
vt 0.56250000 0.00000000
vt 0.56250000 0.31999999
vt 0.58333331 0.12000000
vt 0.56250000 0.12000000
vt 0.56250000 0.56999999
vt 0.58333331 0.31999999
vt 0.56250000 0.31999999
vt 0.56250000 0.82999998
vt 0.58333331 0.56999999
vt 0.56250000 0.56999999
vt 0.56250000 1.00000000
vt 0.58333331 0.82999998
vt 0.56250000 0.82999998
vt 0.56250000 1.00000000
vt 0.58333331 0.82999998
vt 0.58333331 1.00000000
vt 0.56250000 0.82999998
vt 0.58333331 0.56999999
vt 0.58333331 0.82999998
vt 0.56250000 0.56999999
vt 0.58333331 0.31999999
vt 0.58333331 0.56999999
vt 0.56250000 0.31999999
vt 0.58333331 0.12000000
vt 0.58333331 0.31999999
vt 0.56250000 0.12000000
vt 0.58333331 0.00000000
vt 0.58333331 0.12000000
vt 0.58333331 0.12000000
vt 0.60416669 0.00000000
vt 0.58333331 0.00000000
vt 0.58333331 0.31999999
vt 0.60416669 0.12000000
vt 0.58333331 0.12000000
vt 0.58333331 0.56999999
vt 0.60416669 0.31999999
vt 0.58333331 0.31999999
vt 0.58333331 0.82999998
vt 0.60416669 0.56999999
vt 0.58333331 0.56999999
vt 0.58333331 0.82999998
vt 0.60416669 1.00000000
vt 0.60416669 0.82999998
vt 0.58333331 1.00000000
vt 0.60416669 0.82999998
vt 0.60416669 1.00000000
vt 0.58333331 0.82999998
vt 0.60416669 0.56999999
vt 0.60416669 0.82999998
vt 0.58333331 0.56999999
vt 0.60416669 0.31999999
vt 0.60416669 0.56999999
vt 0.58333331 0.31999999
vt 0.60416669 0.12000000
vt 0.60416669 0.31999999
vt 0.58333331 0.12000000
vt 0.60416669 0.00000000
vt 0.60416669 0.12000000
vt 0.60416669 0.12000000
vt 0.62500000 0.00000000
vt 0.60416669 0.00000000
vt 0.60416669 0.31999999
vt 0.62500000 0.12000000
vt 0.60416669 0.12000000
vt 0.60416669 0.56999999
vt 0.62500000 0.31999999
vt 0.60416669 0.31999999
vt 0.60416669 0.82999998
vt 0.62500000 0.56999999
vt 0.60416669 0.56999999
vt 0.60416669 1.00000000
vt 0.62500000 0.82999998
vt 0.60416669 0.82999998
vt 0.60416669 1.00000000
vt 0.62500000 0.82999998
vt 0.62500000 1.00000000
vt 0.60416669 0.82999998
vt 0.62500000 0.56999999
vt 0.62500000 0.82999998
vt 0.60416669 0.56999999
vt 0.62500000 0.31999999
vt 0.62500000 0.56999999
vt 0.60416669 0.31999999
vt 0.62500000 0.12000000
vt 0.62500000 0.31999999
vt 0.60416669 0.12000000
vt 0.62500000 0.00000000
vt 0.62500000 0.12000000
vt 0.62500000 0.12000000
vt 0.64583331 0.00000000
vt 0.62500000 0.00000000
vt 0.62500000 0.31999999
vt 0.64583331 0.12000000
vt 0.62500000 0.12000000
vt 0.62500000 0.56999999
vt 0.64583331 0.31999999
vt 0.62500000 0.31999999
vt 0.62500000 0.82999998
vt 0.64583331 0.56999999
vt 0.62500000 0.56999999
vt 0.62500000 0.82999998
vt 0.64583331 1.00000000
vt 0.64583331 0.82999998
vt 0.62500000 0.82999998
vt 0.64583331 1.00000000
vt 0.62500000 1.00000000
vt 0.62500000 0.82999998
vt 0.64583331 0.56999999
vt 0.64583331 0.82999998
vt 0.62500000 0.56999999
vt 0.64583331 0.31999999
vt 0.64583331 0.56999999
vt 0.62500000 0.31999999
vt 0.64583331 0.12000000
vt 0.64583331 0.31999999
vt 0.62500000 0.12000000
vt 0.64583331 0.00000000
vt 0.64583331 0.12000000
vt 0.64583331 0.12000000
vt 0.66666669 0.00000000
vt 0.64583331 0.00000000
vt 0.64583331 0.31999999
vt 0.66666669 0.12000000
vt 0.64583331 0.12000000
vt 0.64583331 0.56999999
vt 0.66666669 0.31999999
vt 0.64583331 0.31999999
vt 0.64583331 0.82999998
vt 0.66666669 0.56999999
vt 0.64583331 0.56999999
vt 0.64583331 1.00000000
vt 0.66666669 0.82999998
vt 0.64583331 0.82999998
vt 0.64583331 1.00000000
vt 0.66666669 0.82999998
vt 0.66666669 1.00000000
vt 0.64583331 0.82999998
vt 0.66666669 0.56999999
vt 0.66666669 0.82999998
vt 0.64583331 0.56999999
vt 0.66666669 0.31999999
vt 0.66666669 0.56999999
vt 0.64583331 0.31999999
vt 0.66666669 0.12000000
vt 0.66666669 0.31999999
vt 0.64583331 0.12000000
vt 0.66666669 0.00000000
vt 0.66666669 0.12000000
vt 0.66666669 0.12000000
vt 0.68750000 0.00000000
vt 0.66666669 0.00000000
vt 0.66666669 0.12000000
vt 0.68750000 0.31999999
vt 0.68750000 0.12000000
vt 0.66666669 0.31999999
vt 0.68750000 0.56999999
vt 0.68750000 0.31999999
vt 0.66666669 0.56999999
vt 0.68750000 0.82999998
vt 0.68750000 0.56999999
vt 0.66666669 0.82999998
vt 0.68750000 1.00000000
vt 0.68750000 0.82999998
vt 0.66666669 0.82999998
vt 0.68750000 1.00000000
vt 0.66666669 1.00000000
vt 0.66666669 0.56999999
vt 0.68750000 0.82999998
vt 0.66666669 0.82999998
vt 0.66666669 0.31999999
vt 0.68750000 0.56999999
vt 0.66666669 0.56999999
vt 0.66666669 0.31999999
vt 0.68750000 0.12000000
vt 0.68750000 0.31999999
vt 0.66666669 0.12000000
vt 0.68750000 0.00000000
vt 0.68750000 0.12000000
vt 0.68750000 0.12000000
vt 0.70833331 0.00000000
vt 0.68750000 0.00000000
vt 0.68750000 0.31999999
vt 0.70833331 0.12000000
vt 0.68750000 0.12000000
vt 0.68750000 0.56999999
vt 0.70833331 0.31999999
vt 0.68750000 0.31999999
vt 0.68750000 0.82999998
vt 0.70833331 0.56999999
vt 0.68750000 0.56999999
vt 0.68750000 1.00000000
vt 0.70833331 0.82999998
vt 0.68750000 0.82999998
vt 0.68750000 1.00000000
vt 0.70833331 0.82999998
vt 0.70833331 1.00000000
vt 0.68750000 0.82999998
vt 0.70833331 0.56999999
vt 0.70833331 0.82999998
vt 0.68750000 0.56999999
vt 0.70833331 0.31999999
vt 0.70833331 0.56999999
vt 0.68750000 0.31999999
vt 0.70833331 0.12000000
vt 0.70833331 0.31999999
vt 0.68750000 0.12000000
vt 0.70833331 0.00000000
vt 0.70833331 0.12000000
vt 0.70833331 0.12000000
vt 0.72916669 0.00000000
vt 0.70833331 0.00000000
vt 0.70833331 0.31999999
vt 0.72916669 0.12000000
vt 0.70833331 0.12000000
vt 0.70833331 0.56999999
vt 0.72916669 0.31999999
vt 0.70833331 0.31999999
vt 0.70833331 0.82999998
vt 0.72916669 0.56999999
vt 0.70833331 0.56999999
vt 0.70833331 1.00000000
vt 0.72916669 0.82999998
vt 0.70833331 0.82999998
vt 0.70833331 1.00000000
vt 0.72916669 0.82999998
vt 0.72916669 1.00000000
vt 0.70833331 0.82999998
vt 0.72916669 0.56999999
vt 0.72916669 0.82999998
vt 0.70833331 0.56999999
vt 0.72916669 0.31999999
vt 0.72916669 0.56999999
vt 0.70833331 0.31999999
vt 0.72916669 0.12000000
vt 0.72916669 0.31999999
vt 0.70833331 0.12000000
vt 0.72916669 0.00000000
vt 0.72916669 0.12000000
vt 0.72916669 0.12000000
vt 0.75000000 0.00000000
vt 0.72916669 0.00000000
vt 0.72916669 0.31999999
vt 0.75000000 0.12000000
vt 0.72916669 0.12000000
vt 0.72916669 0.56999999
vt 0.75000000 0.31999999
vt 0.72916669 0.31999999
vt 0.72916669 0.82999998
vt 0.75000000 0.56999999
vt 0.72916669 0.56999999
vt 0.72916669 1.00000000
vt 0.75000000 0.82999998
vt 0.72916669 0.82999998
vt 0.72916669 1.00000000
vt 0.75000000 0.82999998
vt 0.75000000 1.00000000
vt 0.72916669 0.82999998
vt 0.75000000 0.56999999
vt 0.75000000 0.82999998
vt 0.72916669 0.56999999
vt 0.75000000 0.31999999
vt 0.75000000 0.56999999
vt 0.72916669 0.31999999
vt 0.75000000 0.12000000
vt 0.75000000 0.31999999
vt 0.72916669 0.12000000
vt 0.75000000 0.00000000
vt 0.75000000 0.12000000
vt 0.75000000 0.12000000
vt 0.77083331 0.00000000
vt 0.75000000 0.00000000
vt 0.75000000 0.31999999
vt 0.77083331 0.12000000
vt 0.75000000 0.12000000
vt 0.75000000 0.56999999
vt 0.77083331 0.31999999
vt 0.75000000 0.31999999
vt 0.75000000 0.82999998
vt 0.77083331 0.56999999
vt 0.75000000 0.56999999
vt 0.75000000 1.00000000
vt 0.77083331 0.82999998
vt 0.75000000 0.82999998
vt 0.75000000 1.00000000
vt 0.77083331 0.82999998
vt 0.77083331 1.00000000
vt 0.75000000 0.82999998
vt 0.77083331 0.56999999
vt 0.77083331 0.82999998
vt 0.75000000 0.56999999
vt 0.77083331 0.31999999
vt 0.77083331 0.56999999
vt 0.75000000 0.31999999
vt 0.77083331 0.12000000
vt 0.77083331 0.31999999
vt 0.75000000 0.12000000
vt 0.77083331 0.00000000
vt 0.77083331 0.12000000
vt 0.77083331 0.12000000
vt 0.79166669 0.00000000
vt 0.77083331 0.00000000
vt 0.77083331 0.31999999
vt 0.79166669 0.12000000
vt 0.77083331 0.12000000
vt 0.77083331 0.56999999
vt 0.79166669 0.31999999
vt 0.77083331 0.31999999
vt 0.77083331 0.82999998
vt 0.79166669 0.56999999
vt 0.77083331 0.56999999
vt 0.77083331 0.82999998
vt 0.79166669 1.00000000
vt 0.79166669 0.82999998
vt 0.77083331 1.00000000
vt 0.79166669 0.82999998
vt 0.79166669 1.00000000
vt 0.77083331 0.82999998
vt 0.79166669 0.56999999
vt 0.79166669 0.82999998
vt 0.77083331 0.56999999
vt 0.79166669 0.31999999
vt 0.79166669 0.56999999
vt 0.77083331 0.31999999
vt 0.79166669 0.12000000
vt 0.79166669 0.31999999
vt 0.77083331 0.12000000
vt 0.79166669 0.00000000
vt 0.79166669 0.12000000
vt 0.79166669 0.12000000
vt 0.81250000 0.00000000
vt 0.79166669 0.00000000
vt 0.79166669 0.31999999
vt 0.81250000 0.12000000
vt 0.79166669 0.12000000
vt 0.79166669 0.56999999
vt 0.81250000 0.31999999
vt 0.79166669 0.31999999
vt 0.79166669 0.82999998
vt 0.81250000 0.56999999
vt 0.79166669 0.56999999
vt 0.79166669 1.00000000
vt 0.81250000 0.82999998
vt 0.79166669 0.82999998
vt 0.79166669 1.00000000
vt 0.81250000 0.82999998
vt 0.81250000 1.00000000
vt 0.79166669 0.82999998
vt 0.81250000 0.56999999
vt 0.81250000 0.82999998
vt 0.79166669 0.56999999
vt 0.81250000 0.31999999
vt 0.81250000 0.56999999
vt 0.79166669 0.31999999
vt 0.81250000 0.12000000
vt 0.81250000 0.31999999
vt 0.79166669 0.12000000
vt 0.81250000 0.00000000
vt 0.81250000 0.12000000
vt 0.81250000 0.12000000
vt 0.83333331 0.00000000
vt 0.81250000 0.00000000
vt 0.81250000 0.31999999
vt 0.83333331 0.12000000
vt 0.81250000 0.12000000
vt 0.81250000 0.56999999
vt 0.83333331 0.31999999
vt 0.81250000 0.31999999
vt 0.81250000 0.56999999
vt 0.83333331 0.82999998
vt 0.83333331 0.56999999
vt 0.81250000 0.82999998
vt 0.83333331 1.00000000
vt 0.83333331 0.82999998
vt 0.81250000 0.82999998
vt 0.83333331 1.00000000
vt 0.81250000 1.00000000
vt 0.81250000 0.56999999
vt 0.83333331 0.82999998
vt 0.81250000 0.82999998
vt 0.81250000 0.56999999
vt 0.83333331 0.31999999
vt 0.83333331 0.56999999
vt 0.81250000 0.31999999
vt 0.83333331 0.12000000
vt 0.83333331 0.31999999
vt 0.81250000 0.12000000
vt 0.83333331 0.00000000
vt 0.83333331 0.12000000
vt 0.83333331 0.12000000
vt 0.85416669 0.00000000
vt 0.83333331 0.00000000
vt 0.83333331 0.31999999
vt 0.85416669 0.12000000
vt 0.83333331 0.12000000
vt 0.83333331 0.56999999
vt 0.85416669 0.31999999
vt 0.83333331 0.31999999
vt 0.83333331 0.82999998
vt 0.85416669 0.56999999
vt 0.83333331 0.56999999
vt 0.83333331 1.00000000
vt 0.85416669 0.82999998
vt 0.83333331 0.82999998
vt 0.83333331 1.00000000
vt 0.85416669 0.82999998
vt 0.85416669 1.00000000
vt 0.83333331 0.82999998
vt 0.85416669 0.56999999
vt 0.85416669 0.82999998
vt 0.83333331 0.56999999
vt 0.85416669 0.31999999
vt 0.85416669 0.56999999
vt 0.83333331 0.31999999
vt 0.85416669 0.12000000
vt 0.85416669 0.31999999
vt 0.83333331 0.12000000
vt 0.85416669 0.00000000
vt 0.85416669 0.12000000
vt 0.85416669 0.12000000
vt 0.87500000 0.00000000
vt 0.85416669 0.00000000
vt 0.85416669 0.31999999
vt 0.87500000 0.12000000
vt 0.85416669 0.12000000
vt 0.85416669 0.56999999
vt 0.87500000 0.31999999
vt 0.85416669 0.31999999
vt 0.85416669 0.82999998
vt 0.87500000 0.56999999
vt 0.85416669 0.56999999
vt 0.85416669 1.00000000
vt 0.87500000 0.82999998
vt 0.85416669 0.82999998
vt 0.85416669 1.00000000
vt 0.87500000 0.82999998
vt 0.87500000 1.00000000
vt 0.85416669 0.82999998
vt 0.87500000 0.56999999
vt 0.87500000 0.82999998
vt 0.85416669 0.56999999
vt 0.87500000 0.31999999
vt 0.87500000 0.56999999
vt 0.85416669 0.31999999
vt 0.87500000 0.12000000
vt 0.87500000 0.31999999
vt 0.85416669 0.12000000
vt 0.87500000 0.00000000
vt 0.87500000 0.12000000
vt 0.87500000 0.12000000
vt 0.89583331 0.00000000
vt 0.87500000 0.00000000
vt 0.87500000 0.31999999
vt 0.89583331 0.12000000
vt 0.87500000 0.12000000
vt 0.87500000 0.56999999
vt 0.89583331 0.31999999
vt 0.87500000 0.31999999
vt 0.87500000 0.82999998
vt 0.89583331 0.56999999
vt 0.87500000 0.56999999
vt 0.87500000 1.00000000
vt 0.89583331 0.82999998
vt 0.87500000 0.82999998
vt 0.87500000 1.00000000
vt 0.89583331 0.82999998
vt 0.89583331 1.00000000
vt 0.87500000 0.82999998
vt 0.89583331 0.56999999
vt 0.89583331 0.82999998
vt 0.87500000 0.56999999
vt 0.89583331 0.31999999
vt 0.89583331 0.56999999
vt 0.87500000 0.31999999
vt 0.89583331 0.12000000
vt 0.89583331 0.31999999
vt 0.87500000 0.12000000
vt 0.89583331 0.00000000
vt 0.89583331 0.12000000
vt 0.89583331 0.12000000
vt 0.91666669 0.00000000
vt 0.89583331 0.00000000
vt 0.89583331 0.31999999
vt 0.91666669 0.12000000
vt 0.89583331 0.12000000
vt 0.89583331 0.56999999
vt 0.91666669 0.31999999
vt 0.89583331 0.31999999
vt 0.89583331 0.82999998
vt 0.91666669 0.56999999
vt 0.89583331 0.56999999
vt 0.89583331 1.00000000
vt 0.91666669 0.82999998
vt 0.89583331 0.82999998
vt 0.89583331 1.00000000
vt 0.91666669 0.82999998
vt 0.91666669 1.00000000
vt 0.89583331 0.82999998
vt 0.91666669 0.56999999
vt 0.91666669 0.82999998
vt 0.89583331 0.56999999
vt 0.91666669 0.31999999
vt 0.91666669 0.56999999
vt 0.89583331 0.31999999
vt 0.91666669 0.12000000
vt 0.91666669 0.31999999
vt 0.89583331 0.12000000
vt 0.91666669 0.00000000
vt 0.91666669 0.12000000
vt 0.91666669 0.12000000
vt 0.93750000 0.00000000
vt 0.91666669 0.00000000
vt 0.91666669 0.31999999
vt 0.93750000 0.12000000
vt 0.91666669 0.12000000
vt 0.91666669 0.56999999
vt 0.93750000 0.31999999
vt 0.91666669 0.31999999
vt 0.91666669 0.82999998
vt 0.93750000 0.56999999
vt 0.91666669 0.56999999
vt 0.91666669 1.00000000
vt 0.93750000 0.82999998
vt 0.91666669 0.82999998
vt 0.91666669 1.00000000
vt 0.93750000 0.82999998
vt 0.93750000 1.00000000
vt 0.91666669 0.82999998
vt 0.93750000 0.56999999
vt 0.93750000 0.82999998
vt 0.91666669 0.56999999
vt 0.93750000 0.31999999
vt 0.93750000 0.56999999
vt 0.91666669 0.31999999
vt 0.93750000 0.12000000
vt 0.93750000 0.31999999
vt 0.91666669 0.12000000
vt 0.93750000 0.00000000
vt 0.93750000 0.12000000
vt 0.93750000 0.12000000
vt 0.95833331 0.00000000
vt 0.93750000 0.00000000
vt 0.93750000 0.31999999
vt 0.95833331 0.12000000
vt 0.93750000 0.12000000
vt 0.93750000 0.56999999
vt 0.95833331 0.31999999
vt 0.93750000 0.31999999
vt 0.93750000 0.82999998
vt 0.95833331 0.56999999
vt 0.93750000 0.56999999
vt 0.93750000 1.00000000
vt 0.95833331 0.82999998
vt 0.93750000 0.82999998
vt 0.93750000 1.00000000
vt 0.95833331 0.82999998
vt 0.95833331 1.00000000
vt 0.93750000 0.82999998
vt 0.95833331 0.56999999
vt 0.95833331 0.82999998
vt 0.93750000 0.56999999
vt 0.95833331 0.31999999
vt 0.95833331 0.56999999
vt 0.93750000 0.31999999
vt 0.95833331 0.12000000
vt 0.95833331 0.31999999
vt 0.93750000 0.12000000
vt 0.95833331 0.00000000
vt 0.95833331 0.12000000
vt 0.95833331 0.12000000
vt 0.97916669 0.00000000
vt 0.95833331 0.00000000
vt 0.95833331 0.31999999
vt 0.97916669 0.12000000
vt 0.95833331 0.12000000
vt 0.95833331 0.56999999
vt 0.97916669 0.31999999
vt 0.95833331 0.31999999
vt 0.95833331 0.82999998
vt 0.97916669 0.56999999
vt 0.95833331 0.56999999
vt 0.95833331 1.00000000
vt 0.97916669 0.82999998
vt 0.95833331 0.82999998
vt 0.95833331 1.00000000
vt 0.97916669 0.82999998
vt 0.97916669 1.00000000
vt 0.95833331 0.82999998
vt 0.97916669 0.56999999
vt 0.97916669 0.82999998
vt 0.95833331 0.56999999
vt 0.97916669 0.31999999
vt 0.97916669 0.56999999
vt 0.95833331 0.31999999
vt 0.97916669 0.12000000
vt 0.97916669 0.31999999
vt 0.95833331 0.12000000
vt 0.97916669 0.00000000
vt 0.97916669 0.12000000
vt 1.00000000 0.50000000
vt 0.97916669 0.00000000
vt 0.97916669 0.12000000
vt 1.00000000 0.50000000
vt 0.97916669 0.12000000
vt 0.97916669 0.31999999
vt 1.00000000 0.50000000
vt 0.97916669 0.31999999
vt 0.97916669 0.56999999
vt 1.00000000 0.50000000
vt 0.97916669 0.56999999
vt 0.97916669 0.82999998
vt 1.00000000 0.50000000
vt 0.97916669 0.82999998
vt 0.97916669 1.00000000
vt 1.00000000 0.50000000
vt 0.97916669 1.00000000
vt 0.97916669 0.82999998
vt 1.00000000 0.50000000
vt 0.97916669 0.82999998
vt 0.97916669 0.56999999
vt 1.00000000 0.50000000
vt 0.97916669 0.56999999
vt 0.97916669 0.31999999
vt 1.00000000 0.50000000
vt 0.97916669 0.31999999
vt 0.97916669 0.12000000
vt 1.00000000 0.50000000
vt 0.97916669 0.12000000
vt 0.97916669 0.00000000
vt 0.02083333 0.00000000
vt 0.02083333 0.12000000
vt 0.04166667 0.12000000
vt 0.02083333 0.12000000
vt 0.02083333 0.31999999
vt 0.04166667 0.31999999
vt 0.02083333 0.31999999
vt 0.02083333 0.56999999
vt 0.04166667 0.56999999
vt 0.02083333 0.56999999
vt 0.02083333 0.82999998
vt 0.04166667 0.82999998
vt 0.02083333 0.82999998
vt 0.02083333 1.00000000
vt 0.04166667 1.00000000
vt 0.02083333 0.82999998
vt 0.04166667 0.82999998
vt 0.04166667 1.00000000
vt 0.02083333 0.56999999
vt 0.04166667 0.56999999
vt 0.04166667 0.82999998
vt 0.02083333 0.31999999
vt 0.04166667 0.31999999
vt 0.04166667 0.56999999
vt 0.02083333 0.12000000
vt 0.04166667 0.12000000
vt 0.04166667 0.31999999
vt 0.02083333 0.00000000
vt 0.04166667 0.00000000
vt 0.04166667 0.12000000
vt 0.04166667 0.00000000
vt 0.04166667 0.12000000
vt 0.06250000 0.12000000
vt 0.04166667 0.12000000
vt 0.04166667 0.31999999
vt 0.06250000 0.31999999
vt 0.04166667 0.31999999
vt 0.04166667 0.56999999
vt 0.06250000 0.56999999
vt 0.04166667 0.56999999
vt 0.04166667 0.82999998
vt 0.06250000 0.82999998
vt 0.04166667 0.82999998
vt 0.04166667 1.00000000
vt 0.06250000 1.00000000
vt 0.04166667 0.82999998
vt 0.06250000 0.82999998
vt 0.06250000 1.00000000
vt 0.04166667 0.56999999
vt 0.06250000 0.56999999
vt 0.06250000 0.82999998
vt 0.04166667 0.31999999
vt 0.06250000 0.31999999
vt 0.06250000 0.56999999
vt 0.04166667 0.12000000
vt 0.06250000 0.12000000
vt 0.06250000 0.31999999
vt 0.04166667 0.00000000
vt 0.06250000 0.00000000
vt 0.06250000 0.12000000
vt 0.06250000 0.00000000
vt 0.06250000 0.12000000
vt 0.08333334 0.12000000
vt 0.06250000 0.12000000
vt 0.06250000 0.31999999
vt 0.08333334 0.31999999
vt 0.06250000 0.31999999
vt 0.06250000 0.56999999
vt 0.08333334 0.56999999
vt 0.06250000 0.56999999
vt 0.06250000 0.82999998
vt 0.08333334 0.82999998
vt 0.06250000 0.82999998
vt 0.06250000 1.00000000
vt 0.08333334 1.00000000
vt 0.06250000 0.82999998
vt 0.08333334 0.82999998
vt 0.08333334 1.00000000
vt 0.06250000 0.56999999
vt 0.08333334 0.56999999
vt 0.08333334 0.82999998
vt 0.06250000 0.31999999
vt 0.08333334 0.31999999
vt 0.08333334 0.56999999
vt 0.06250000 0.12000000
vt 0.08333334 0.12000000
vt 0.08333334 0.31999999
vt 0.06250000 0.00000000
vt 0.08333334 0.00000000
vt 0.08333334 0.12000000
vt 0.08333334 0.00000000
vt 0.08333334 0.12000000
vt 0.10416666 0.12000000
vt 0.08333334 0.12000000
vt 0.08333334 0.31999999
vt 0.10416666 0.31999999
vt 0.08333334 0.31999999
vt 0.08333334 0.56999999
vt 0.10416666 0.56999999
vt 0.08333334 0.56999999
vt 0.08333334 0.82999998
vt 0.10416666 0.82999998
vt 0.08333334 0.82999998
vt 0.08333334 1.00000000
vt 0.10416666 1.00000000
vt 0.08333334 0.82999998
vt 0.10416666 0.82999998
vt 0.10416666 1.00000000
vt 0.08333334 0.56999999
vt 0.10416666 0.56999999
vt 0.10416666 0.82999998
vt 0.08333334 0.31999999
vt 0.10416666 0.31999999
vt 0.10416666 0.56999999
vt 0.08333334 0.12000000
vt 0.10416666 0.12000000
vt 0.10416666 0.31999999
vt 0.08333334 0.00000000
vt 0.10416666 0.00000000
vt 0.10416666 0.12000000
vt 0.10416666 0.00000000
vt 0.10416666 0.12000000
vt 0.12500000 0.12000000
vt 0.10416666 0.12000000
vt 0.10416666 0.31999999
vt 0.12500000 0.31999999
vt 0.10416666 0.31999999
vt 0.10416666 0.56999999
vt 0.12500000 0.56999999
vt 0.10416666 0.56999999
vt 0.10416666 0.82999998
vt 0.12500000 0.82999998
vt 0.10416666 0.82999998
vt 0.10416666 1.00000000
vt 0.12500000 1.00000000
vt 0.10416666 0.82999998
vt 0.12500000 0.82999998
vt 0.12500000 1.00000000
vt 0.10416666 0.56999999
vt 0.12500000 0.56999999
vt 0.12500000 0.82999998
vt 0.10416666 0.31999999
vt 0.12500000 0.31999999
vt 0.12500000 0.56999999
vt 0.10416666 0.12000000
vt 0.12500000 0.12000000
vt 0.12500000 0.31999999
vt 0.10416666 0.00000000
vt 0.12500000 0.00000000
vt 0.12500000 0.12000000
vt 0.12500000 0.00000000
vt 0.12500000 0.12000000
vt 0.14583333 0.12000000
vt 0.12500000 0.12000000
vt 0.12500000 0.31999999
vt 0.14583333 0.31999999
vt 0.12500000 0.31999999
vt 0.12500000 0.56999999
vt 0.14583333 0.56999999
vt 0.12500000 0.56999999
vt 0.12500000 0.82999998
vt 0.14583333 0.82999998
vt 0.12500000 0.82999998
vt 0.12500000 1.00000000
vt 0.14583333 1.00000000
vt 0.12500000 0.82999998
vt 0.14583333 0.82999998
vt 0.14583333 1.00000000
vt 0.12500000 0.56999999
vt 0.14583333 0.56999999
vt 0.14583333 0.82999998
vt 0.12500000 0.31999999
vt 0.14583333 0.31999999
vt 0.14583333 0.56999999
vt 0.12500000 0.12000000
vt 0.14583333 0.12000000
vt 0.14583333 0.31999999
vt 0.12500000 0.00000000
vt 0.14583333 0.00000000
vt 0.14583333 0.12000000
vt 0.14583333 0.00000000
vt 0.14583333 0.12000000
vt 0.16666667 0.12000000
vt 0.14583333 0.12000000
vt 0.14583333 0.31999999
vt 0.16666667 0.31999999
vt 0.14583333 0.31999999
vt 0.14583333 0.56999999
vt 0.16666667 0.56999999
vt 0.14583333 0.56999999
vt 0.14583333 0.82999998
vt 0.16666667 0.82999998
vt 0.14583333 0.82999998
vt 0.14583333 1.00000000
vt 0.16666667 1.00000000
vt 0.14583333 0.82999998
vt 0.16666667 0.82999998
vt 0.16666667 1.00000000
vt 0.14583333 0.56999999
vt 0.16666667 0.56999999
vt 0.16666667 0.82999998
vt 0.14583333 0.31999999
vt 0.16666667 0.31999999
vt 0.16666667 0.56999999
vt 0.14583333 0.12000000
vt 0.16666667 0.12000000
vt 0.16666667 0.31999999
vt 0.14583333 0.00000000
vt 0.16666667 0.00000000
vt 0.16666667 0.12000000
vt 0.16666667 0.00000000
vt 0.16666667 0.12000000
vt 0.18750000 0.12000000
vt 0.16666667 0.12000000
vt 0.16666667 0.31999999
vt 0.18750000 0.31999999
vt 0.16666667 0.31999999
vt 0.16666667 0.56999999
vt 0.18750000 0.56999999
vt 0.16666667 0.56999999
vt 0.16666667 0.82999998
vt 0.18750000 0.82999998
vt 0.16666667 0.82999998
vt 0.16666667 1.00000000
vt 0.18750000 1.00000000
vt 0.16666667 0.82999998
vt 0.18750000 0.82999998
vt 0.18750000 1.00000000
vt 0.16666667 0.56999999
vt 0.18750000 0.56999999
vt 0.18750000 0.82999998
vt 0.16666667 0.31999999
vt 0.18750000 0.31999999
vt 0.18750000 0.56999999
vt 0.16666667 0.12000000
vt 0.18750000 0.12000000
vt 0.18750000 0.31999999
vt 0.16666667 0.00000000
vt 0.18750000 0.00000000
vt 0.18750000 0.12000000
vt 0.18750000 0.00000000
vt 0.18750000 0.12000000
vt 0.20833333 0.12000000
vt 0.18750000 0.12000000
vt 0.18750000 0.31999999
vt 0.20833333 0.31999999
vt 0.18750000 0.31999999
vt 0.18750000 0.56999999
vt 0.20833333 0.56999999
vt 0.18750000 0.56999999
vt 0.18750000 0.82999998
vt 0.20833333 0.82999998
vt 0.18750000 0.82999998
vt 0.18750000 1.00000000
vt 0.20833333 1.00000000
vt 0.18750000 0.82999998
vt 0.20833333 0.82999998
vt 0.20833333 1.00000000
vt 0.18750000 0.56999999
vt 0.20833333 0.56999999
vt 0.20833333 0.82999998
vt 0.18750000 0.31999999
vt 0.20833333 0.31999999
vt 0.20833333 0.56999999
vt 0.18750000 0.12000000
vt 0.20833333 0.12000000
vt 0.20833333 0.31999999
vt 0.18750000 0.00000000
vt 0.20833333 0.00000000
vt 0.20833333 0.12000000
vt 0.20833333 0.00000000
vt 0.20833333 0.12000000
vt 0.22916667 0.12000000
vt 0.20833333 0.12000000
vt 0.20833333 0.31999999
vt 0.22916667 0.31999999
vt 0.20833333 0.31999999
vt 0.20833333 0.56999999
vt 0.22916667 0.56999999
vt 0.20833333 0.56999999
vt 0.20833333 0.82999998
vt 0.22916667 0.82999998
vt 0.20833333 1.00000000
vt 0.22916667 1.00000000
vt 0.22916667 0.82999998
vt 0.20833333 1.00000000
vt 0.20833333 0.82999998
vt 0.22916667 0.82999998
vt 0.20833333 0.56999999
vt 0.22916667 0.56999999
vt 0.22916667 0.82999998
vt 0.20833333 0.31999999
vt 0.22916667 0.31999999
vt 0.22916667 0.56999999
vt 0.20833333 0.12000000
vt 0.22916667 0.12000000
vt 0.22916667 0.31999999
vt 0.20833333 0.00000000
vt 0.22916667 0.00000000
vt 0.22916667 0.12000000
vt 0.22916667 0.00000000
vt 0.22916667 0.12000000
vt 0.25000000 0.12000000
vt 0.22916667 0.12000000
vt 0.22916667 0.31999999
vt 0.25000000 0.31999999
vt 0.22916667 0.31999999
vt 0.22916667 0.56999999
vt 0.25000000 0.56999999
vt 0.22916667 0.56999999
vt 0.22916667 0.82999998
vt 0.25000000 0.82999998
vt 0.22916667 0.82999998
vt 0.22916667 1.00000000
vt 0.25000000 1.00000000
vt 0.22916667 0.82999998
vt 0.25000000 0.82999998
vt 0.25000000 1.00000000
vt 0.22916667 0.56999999
vt 0.25000000 0.56999999
vt 0.25000000 0.82999998
vt 0.22916667 0.31999999
vt 0.25000000 0.31999999
vt 0.25000000 0.56999999
vt 0.22916667 0.12000000
vt 0.25000000 0.12000000
vt 0.25000000 0.31999999
vt 0.22916667 0.00000000
vt 0.25000000 0.00000000
vt 0.25000000 0.12000000
vt 0.25000000 0.00000000
vt 0.25000000 0.12000000
vt 0.27083334 0.12000000
vt 0.25000000 0.12000000
vt 0.25000000 0.31999999
vt 0.27083334 0.31999999
vt 0.25000000 0.31999999
vt 0.25000000 0.56999999
vt 0.27083334 0.56999999
vt 0.25000000 0.56999999
vt 0.25000000 0.82999998
vt 0.27083334 0.82999998
vt 0.25000000 0.82999998
vt 0.25000000 1.00000000
vt 0.27083334 1.00000000
vt 0.25000000 0.82999998
vt 0.27083334 0.82999998
vt 0.27083334 1.00000000
vt 0.25000000 0.56999999
vt 0.27083334 0.56999999
vt 0.27083334 0.82999998
vt 0.25000000 0.31999999
vt 0.27083334 0.31999999
vt 0.27083334 0.56999999
vt 0.25000000 0.12000000
vt 0.27083334 0.12000000
vt 0.27083334 0.31999999
vt 0.25000000 0.00000000
vt 0.27083334 0.00000000
vt 0.27083334 0.12000000
vt 0.27083334 0.00000000
vt 0.27083334 0.12000000
vt 0.29166666 0.12000000
vt 0.27083334 0.12000000
vt 0.27083334 0.31999999
vt 0.29166666 0.31999999
vt 0.27083334 0.31999999
vt 0.27083334 0.56999999
vt 0.29166666 0.56999999
vt 0.27083334 0.56999999
vt 0.27083334 0.82999998
vt 0.29166666 0.82999998
vt 0.27083334 0.82999998
vt 0.27083334 1.00000000
vt 0.29166666 1.00000000
vt 0.27083334 0.82999998
vt 0.29166666 0.82999998
vt 0.29166666 1.00000000
vt 0.27083334 0.56999999
vt 0.29166666 0.56999999
vt 0.29166666 0.82999998
vt 0.27083334 0.31999999
vt 0.29166666 0.31999999
vt 0.29166666 0.56999999
vt 0.27083334 0.12000000
vt 0.29166666 0.12000000
vt 0.29166666 0.31999999
vt 0.27083334 0.00000000
vt 0.29166666 0.00000000
vt 0.29166666 0.12000000
vt 0.29166666 0.00000000
vt 0.29166666 0.12000000
vt 0.31250000 0.12000000
vt 0.29166666 0.12000000
vt 0.29166666 0.31999999
vt 0.31250000 0.31999999
vt 0.29166666 0.31999999
vt 0.29166666 0.56999999
vt 0.31250000 0.56999999
vt 0.29166666 0.56999999
vt 0.29166666 0.82999998
vt 0.31250000 0.82999998
vt 0.29166666 0.82999998
vt 0.29166666 1.00000000
vt 0.31250000 1.00000000
vt 0.29166666 0.82999998
vt 0.31250000 0.82999998
vt 0.31250000 1.00000000
vt 0.29166666 0.56999999
vt 0.31250000 0.56999999
vt 0.31250000 0.82999998
vt 0.29166666 0.31999999
vt 0.31250000 0.31999999
vt 0.31250000 0.56999999
vt 0.29166666 0.12000000
vt 0.31250000 0.12000000
vt 0.31250000 0.31999999
vt 0.29166666 0.00000000
vt 0.31250000 0.00000000
vt 0.31250000 0.12000000
vt 0.31250000 0.00000000
vt 0.31250000 0.12000000
vt 0.33333334 0.12000000
vt 0.31250000 0.12000000
vt 0.31250000 0.31999999
vt 0.33333334 0.31999999
vt 0.31250000 0.31999999
vt 0.31250000 0.56999999
vt 0.33333334 0.56999999
vt 0.31250000 0.56999999
vt 0.31250000 0.82999998
vt 0.33333334 0.82999998
vt 0.31250000 1.00000000
vt 0.33333334 1.00000000
vt 0.33333334 0.82999998
vt 0.31250000 0.82999998
vt 0.33333334 0.82999998
vt 0.33333334 1.00000000
vt 0.31250000 0.56999999
vt 0.33333334 0.56999999
vt 0.33333334 0.82999998
vt 0.31250000 0.31999999
vt 0.33333334 0.31999999
vt 0.33333334 0.56999999
vt 0.31250000 0.12000000
vt 0.33333334 0.12000000
vt 0.33333334 0.31999999
vt 0.31250000 0.00000000
vt 0.33333334 0.00000000
vt 0.33333334 0.12000000
vt 0.33333334 0.00000000
vt 0.33333334 0.12000000
vt 0.35416666 0.12000000
vt 0.33333334 0.12000000
vt 0.33333334 0.31999999
vt 0.35416666 0.31999999
vt 0.33333334 0.31999999
vt 0.33333334 0.56999999
vt 0.35416666 0.56999999
vt 0.33333334 0.56999999
vt 0.33333334 0.82999998
vt 0.35416666 0.82999998
vt 0.33333334 0.82999998
vt 0.33333334 1.00000000
vt 0.35416666 1.00000000
vt 0.33333334 0.82999998
vt 0.35416666 0.82999998
vt 0.35416666 1.00000000
vt 0.33333334 0.56999999
vt 0.35416666 0.56999999
vt 0.35416666 0.82999998
vt 0.33333334 0.31999999
vt 0.35416666 0.31999999
vt 0.35416666 0.56999999
vt 0.33333334 0.12000000
vt 0.35416666 0.12000000
vt 0.35416666 0.31999999
vt 0.33333334 0.00000000
vt 0.35416666 0.00000000
vt 0.35416666 0.12000000
vt 0.35416666 0.00000000
vt 0.35416666 0.12000000
vt 0.37500000 0.12000000
vt 0.35416666 0.12000000
vt 0.35416666 0.31999999
vt 0.37500000 0.31999999
vt 0.35416666 0.56999999
vt 0.37500000 0.56999999
vt 0.37500000 0.31999999
vt 0.35416666 0.82999998
vt 0.37500000 0.82999998
vt 0.37500000 0.56999999
vt 0.35416666 1.00000000
vt 0.37500000 1.00000000
vt 0.37500000 0.82999998
vt 0.35416666 1.00000000
vt 0.35416666 0.82999998
vt 0.37500000 0.82999998
vt 0.35416666 0.82999998
vt 0.35416666 0.56999999
vt 0.37500000 0.56999999
vt 0.35416666 0.56999999
vt 0.35416666 0.31999999
vt 0.37500000 0.31999999
vt 0.35416666 0.12000000
vt 0.37500000 0.12000000
vt 0.37500000 0.31999999
vt 0.35416666 0.00000000
vt 0.37500000 0.00000000
vt 0.37500000 0.12000000
vt 0.37500000 0.00000000
vt 0.37500000 0.12000000
vt 0.39583334 0.12000000
vt 0.37500000 0.12000000
vt 0.37500000 0.31999999
vt 0.39583334 0.31999999
vt 0.37500000 0.31999999
vt 0.37500000 0.56999999
vt 0.39583334 0.56999999
vt 0.37500000 0.56999999
vt 0.37500000 0.82999998
vt 0.39583334 0.82999998
vt 0.37500000 0.82999998
vt 0.37500000 1.00000000
vt 0.39583334 1.00000000
vt 0.37500000 0.82999998
vt 0.39583334 0.82999998
vt 0.39583334 1.00000000
vt 0.37500000 0.56999999
vt 0.39583334 0.56999999
vt 0.39583334 0.82999998
vt 0.37500000 0.31999999
vt 0.39583334 0.31999999
vt 0.39583334 0.56999999
vt 0.37500000 0.12000000
vt 0.39583334 0.12000000
vt 0.39583334 0.31999999
vt 0.37500000 0.00000000
vt 0.39583334 0.00000000
vt 0.39583334 0.12000000
vt 0.39583334 0.00000000
vt 0.39583334 0.12000000
vt 0.41666666 0.12000000
vt 0.39583334 0.12000000
vt 0.39583334 0.31999999
vt 0.41666666 0.31999999
vt 0.39583334 0.56999999
vt 0.41666666 0.56999999
vt 0.41666666 0.31999999
vt 0.39583334 0.82999998
vt 0.41666666 0.82999998
vt 0.41666666 0.56999999
vt 0.39583334 1.00000000
vt 0.41666666 1.00000000
vt 0.41666666 0.82999998
vt 0.39583334 1.00000000
vt 0.39583334 0.82999998
vt 0.41666666 0.82999998
vt 0.39583334 0.82999998
vt 0.39583334 0.56999999
vt 0.41666666 0.56999999
vt 0.39583334 0.31999999
vt 0.41666666 0.31999999
vt 0.41666666 0.56999999
vt 0.39583334 0.12000000
vt 0.41666666 0.12000000
vt 0.41666666 0.31999999
vt 0.39583334 0.00000000
vt 0.41666666 0.00000000
vt 0.41666666 0.12000000
vt 0.41666666 0.00000000
vt 0.41666666 0.12000000
vt 0.43750000 0.12000000
vt 0.41666666 0.12000000
vt 0.41666666 0.31999999
vt 0.43750000 0.31999999
vt 0.41666666 0.31999999
vt 0.41666666 0.56999999
vt 0.43750000 0.56999999
vt 0.41666666 0.56999999
vt 0.41666666 0.82999998
vt 0.43750000 0.82999998
vt 0.41666666 0.82999998
vt 0.41666666 1.00000000
vt 0.43750000 1.00000000
vt 0.41666666 0.82999998
vt 0.43750000 0.82999998
vt 0.43750000 1.00000000
vt 0.41666666 0.56999999
vt 0.43750000 0.56999999
vt 0.43750000 0.82999998
vt 0.41666666 0.31999999
vt 0.43750000 0.31999999
vt 0.43750000 0.56999999
vt 0.41666666 0.12000000
vt 0.43750000 0.12000000
vt 0.43750000 0.31999999
vt 0.41666666 0.00000000
vt 0.43750000 0.00000000
vt 0.43750000 0.12000000
vt 0.43750000 0.12000000
vt 0.45833334 0.12000000
vt 0.45833334 0.00000000
vt 0.43750000 0.12000000
vt 0.43750000 0.31999999
vt 0.45833334 0.31999999
vt 0.43750000 0.31999999
vt 0.43750000 0.56999999
vt 0.45833334 0.56999999
vt 0.43750000 0.56999999
vt 0.43750000 0.82999998
vt 0.45833334 0.82999998
vt 0.43750000 0.82999998
vt 0.43750000 1.00000000
vt 0.45833334 1.00000000
vt 0.43750000 0.82999998
vt 0.45833334 0.82999998
vt 0.45833334 1.00000000
vt 0.43750000 0.56999999
vt 0.45833334 0.56999999
vt 0.45833334 0.82999998
vt 0.43750000 0.31999999
vt 0.45833334 0.31999999
vt 0.45833334 0.56999999
vt 0.43750000 0.12000000
vt 0.45833334 0.12000000
vt 0.45833334 0.31999999
vt 0.43750000 0.00000000
vt 0.45833334 0.00000000
vt 0.45833334 0.12000000
vt 0.45833334 0.00000000
vt 0.45833334 0.12000000
vt 0.47916666 0.12000000
vt 0.45833334 0.12000000
vt 0.45833334 0.31999999
vt 0.47916666 0.31999999
vt 0.45833334 0.56999999
vt 0.47916666 0.56999999
vt 0.47916666 0.31999999
vt 0.45833334 0.82999998
vt 0.47916666 0.82999998
vt 0.47916666 0.56999999
vt 0.45833334 1.00000000
vt 0.47916666 1.00000000
vt 0.47916666 0.82999998
vt 0.45833334 1.00000000
vt 0.45833334 0.82999998
vt 0.47916666 0.82999998
vt 0.45833334 0.82999998
vt 0.45833334 0.56999999
vt 0.47916666 0.56999999
vt 0.45833334 0.56999999
vt 0.45833334 0.31999999
vt 0.47916666 0.31999999
vt 0.45833334 0.12000000
vt 0.47916666 0.12000000
vt 0.47916666 0.31999999
vt 0.45833334 0.00000000
vt 0.47916666 0.00000000
vt 0.47916666 0.12000000
vt 0.47916666 0.12000000
vt 0.50000000 0.12000000
vt 0.50000000 0.00000000
vt 0.47916666 0.12000000
vt 0.47916666 0.31999999
vt 0.50000000 0.31999999
vt 0.47916666 0.31999999
vt 0.47916666 0.56999999
vt 0.50000000 0.56999999
vt 0.47916666 0.56999999
vt 0.47916666 0.82999998
vt 0.50000000 0.82999998
vt 0.47916666 0.82999998
vt 0.47916666 1.00000000
vt 0.50000000 1.00000000
vt 0.47916666 0.82999998
vt 0.50000000 0.82999998
vt 0.50000000 1.00000000
vt 0.47916666 0.56999999
vt 0.50000000 0.56999999
vt 0.50000000 0.82999998
vt 0.47916666 0.31999999
vt 0.50000000 0.31999999
vt 0.50000000 0.56999999
vt 0.47916666 0.12000000
vt 0.50000000 0.12000000
vt 0.50000000 0.31999999
vt 0.47916666 0.00000000
vt 0.50000000 0.00000000
vt 0.50000000 0.12000000
vt 0.50000000 0.00000000
vt 0.50000000 0.12000000
vt 0.52083331 0.12000000
vt 0.50000000 0.31999999
vt 0.52083331 0.31999999
vt 0.52083331 0.12000000
vt 0.50000000 0.56999999
vt 0.52083331 0.56999999
vt 0.52083331 0.31999999
vt 0.50000000 0.82999998
vt 0.52083331 0.82999998
vt 0.52083331 0.56999999
vt 0.50000000 1.00000000
vt 0.52083331 1.00000000
vt 0.52083331 0.82999998
vt 0.50000000 1.00000000
vt 0.50000000 0.82999998
vt 0.52083331 0.82999998
vt 0.50000000 0.82999998
vt 0.50000000 0.56999999
vt 0.52083331 0.56999999
vt 0.50000000 0.56999999
vt 0.50000000 0.31999999
vt 0.52083331 0.31999999
vt 0.50000000 0.31999999
vt 0.50000000 0.12000000
vt 0.52083331 0.12000000
vt 0.50000000 0.00000000
vt 0.52083331 0.00000000
vt 0.52083331 0.12000000
vt 0.52083331 0.12000000
vt 0.54166669 0.12000000
vt 0.54166669 0.00000000
vt 0.52083331 0.12000000
vt 0.52083331 0.31999999
vt 0.54166669 0.31999999
vt 0.52083331 0.31999999
vt 0.52083331 0.56999999
vt 0.54166669 0.56999999
vt 0.52083331 0.56999999
vt 0.52083331 0.82999998
vt 0.54166669 0.82999998
vt 0.52083331 0.82999998
vt 0.52083331 1.00000000
vt 0.54166669 1.00000000
vt 0.52083331 0.82999998
vt 0.54166669 0.82999998
vt 0.54166669 1.00000000
vt 0.52083331 0.56999999
vt 0.54166669 0.56999999
vt 0.54166669 0.82999998
vt 0.52083331 0.31999999
vt 0.54166669 0.31999999
vt 0.54166669 0.56999999
vt 0.52083331 0.12000000
vt 0.54166669 0.12000000
vt 0.54166669 0.31999999
vt 0.52083331 0.12000000
vt 0.52083331 0.00000000
vt 0.54166669 0.00000000
vt 0.54166669 0.12000000
vt 0.56250000 0.12000000
vt 0.56250000 0.00000000
vt 0.54166669 0.31999999
vt 0.56250000 0.31999999
vt 0.56250000 0.12000000
vt 0.54166669 0.56999999
vt 0.56250000 0.56999999
vt 0.56250000 0.31999999
vt 0.54166669 0.82999998
vt 0.56250000 0.82999998
vt 0.56250000 0.56999999
vt 0.54166669 1.00000000
vt 0.56250000 1.00000000
vt 0.56250000 0.82999998
vt 0.54166669 1.00000000
vt 0.54166669 0.82999998
vt 0.56250000 0.82999998
vt 0.54166669 0.82999998
vt 0.54166669 0.56999999
vt 0.56250000 0.56999999
vt 0.54166669 0.56999999
vt 0.54166669 0.31999999
vt 0.56250000 0.31999999
vt 0.54166669 0.31999999
vt 0.54166669 0.12000000
vt 0.56250000 0.12000000
vt 0.54166669 0.12000000
vt 0.54166669 0.00000000
vt 0.56250000 0.00000000
vt 0.56250000 0.12000000
vt 0.58333331 0.12000000
vt 0.58333331 0.00000000
vt 0.56250000 0.31999999
vt 0.58333331 0.31999999
vt 0.58333331 0.12000000
vt 0.56250000 0.56999999
vt 0.58333331 0.56999999
vt 0.58333331 0.31999999
vt 0.56250000 0.82999998
vt 0.58333331 0.82999998
vt 0.58333331 0.56999999
vt 0.56250000 1.00000000
vt 0.58333331 1.00000000
vt 0.58333331 0.82999998
vt 0.56250000 1.00000000
vt 0.56250000 0.82999998
vt 0.58333331 0.82999998
vt 0.56250000 0.82999998
vt 0.56250000 0.56999999
vt 0.58333331 0.56999999
vt 0.56250000 0.56999999
vt 0.56250000 0.31999999
vt 0.58333331 0.31999999
vt 0.56250000 0.31999999
vt 0.56250000 0.12000000
vt 0.58333331 0.12000000
vt 0.56250000 0.12000000
vt 0.56250000 0.00000000
vt 0.58333331 0.00000000
vt 0.58333331 0.12000000
vt 0.60416669 0.12000000
vt 0.60416669 0.00000000
vt 0.58333331 0.31999999
vt 0.60416669 0.31999999
vt 0.60416669 0.12000000
vt 0.58333331 0.56999999
vt 0.60416669 0.56999999
vt 0.60416669 0.31999999
vt 0.58333331 0.82999998
vt 0.60416669 0.82999998
vt 0.60416669 0.56999999
vt 0.58333331 0.82999998
vt 0.58333331 1.00000000
vt 0.60416669 1.00000000
vt 0.58333331 1.00000000
vt 0.58333331 0.82999998
vt 0.60416669 0.82999998
vt 0.58333331 0.82999998
vt 0.58333331 0.56999999
vt 0.60416669 0.56999999
vt 0.58333331 0.56999999
vt 0.58333331 0.31999999
vt 0.60416669 0.31999999
vt 0.58333331 0.31999999
vt 0.58333331 0.12000000
vt 0.60416669 0.12000000
vt 0.58333331 0.12000000
vt 0.58333331 0.00000000
vt 0.60416669 0.00000000
vt 0.60416669 0.12000000
vt 0.62500000 0.12000000
vt 0.62500000 0.00000000
vt 0.60416669 0.31999999
vt 0.62500000 0.31999999
vt 0.62500000 0.12000000
vt 0.60416669 0.56999999
vt 0.62500000 0.56999999
vt 0.62500000 0.31999999
vt 0.60416669 0.82999998
vt 0.62500000 0.82999998
vt 0.62500000 0.56999999
vt 0.60416669 1.00000000
vt 0.62500000 1.00000000
vt 0.62500000 0.82999998
vt 0.60416669 1.00000000
vt 0.60416669 0.82999998
vt 0.62500000 0.82999998
vt 0.60416669 0.82999998
vt 0.60416669 0.56999999
vt 0.62500000 0.56999999
vt 0.60416669 0.56999999
vt 0.60416669 0.31999999
vt 0.62500000 0.31999999
vt 0.60416669 0.31999999
vt 0.60416669 0.12000000
vt 0.62500000 0.12000000
vt 0.60416669 0.12000000
vt 0.60416669 0.00000000
vt 0.62500000 0.00000000
vt 0.62500000 0.12000000
vt 0.64583331 0.12000000
vt 0.64583331 0.00000000
vt 0.62500000 0.31999999
vt 0.64583331 0.31999999
vt 0.64583331 0.12000000
vt 0.62500000 0.56999999
vt 0.64583331 0.56999999
vt 0.64583331 0.31999999
vt 0.62500000 0.82999998
vt 0.64583331 0.82999998
vt 0.64583331 0.56999999
vt 0.62500000 0.82999998
vt 0.62500000 1.00000000
vt 0.64583331 1.00000000
vt 0.62500000 0.82999998
vt 0.64583331 0.82999998
vt 0.64583331 1.00000000
vt 0.62500000 0.82999998
vt 0.62500000 0.56999999
vt 0.64583331 0.56999999
vt 0.62500000 0.56999999
vt 0.62500000 0.31999999
vt 0.64583331 0.31999999
vt 0.62500000 0.31999999
vt 0.62500000 0.12000000
vt 0.64583331 0.12000000
vt 0.62500000 0.12000000
vt 0.62500000 0.00000000
vt 0.64583331 0.00000000
vt 0.64583331 0.12000000
vt 0.66666669 0.12000000
vt 0.66666669 0.00000000
vt 0.64583331 0.31999999
vt 0.66666669 0.31999999
vt 0.66666669 0.12000000
vt 0.64583331 0.56999999
vt 0.66666669 0.56999999
vt 0.66666669 0.31999999
vt 0.64583331 0.82999998
vt 0.66666669 0.82999998
vt 0.66666669 0.56999999
vt 0.64583331 1.00000000
vt 0.66666669 1.00000000
vt 0.66666669 0.82999998
vt 0.64583331 1.00000000
vt 0.64583331 0.82999998
vt 0.66666669 0.82999998
vt 0.64583331 0.82999998
vt 0.64583331 0.56999999
vt 0.66666669 0.56999999
vt 0.64583331 0.56999999
vt 0.64583331 0.31999999
vt 0.66666669 0.31999999
vt 0.64583331 0.31999999
vt 0.64583331 0.12000000
vt 0.66666669 0.12000000
vt 0.64583331 0.12000000
vt 0.64583331 0.00000000
vt 0.66666669 0.00000000
vt 0.66666669 0.12000000
vt 0.68750000 0.12000000
vt 0.68750000 0.00000000
vt 0.66666669 0.12000000
vt 0.66666669 0.31999999
vt 0.68750000 0.31999999
vt 0.66666669 0.31999999
vt 0.66666669 0.56999999
vt 0.68750000 0.56999999
vt 0.66666669 0.56999999
vt 0.66666669 0.82999998
vt 0.68750000 0.82999998
vt 0.66666669 0.82999998
vt 0.66666669 1.00000000
vt 0.68750000 1.00000000
vt 0.66666669 0.82999998
vt 0.68750000 0.82999998
vt 0.68750000 1.00000000
vt 0.66666669 0.56999999
vt 0.68750000 0.56999999
vt 0.68750000 0.82999998
vt 0.66666669 0.31999999
vt 0.68750000 0.31999999
vt 0.68750000 0.56999999
vt 0.66666669 0.31999999
vt 0.66666669 0.12000000
vt 0.68750000 0.12000000
vt 0.66666669 0.12000000
vt 0.66666669 0.00000000
vt 0.68750000 0.00000000
vt 0.68750000 0.12000000
vt 0.70833331 0.12000000
vt 0.70833331 0.00000000
vt 0.68750000 0.31999999
vt 0.70833331 0.31999999
vt 0.70833331 0.12000000
vt 0.68750000 0.56999999
vt 0.70833331 0.56999999
vt 0.70833331 0.31999999
vt 0.68750000 0.82999998
vt 0.70833331 0.82999998
vt 0.70833331 0.56999999
vt 0.68750000 1.00000000
vt 0.70833331 1.00000000
vt 0.70833331 0.82999998
vt 0.68750000 1.00000000
vt 0.68750000 0.82999998
vt 0.70833331 0.82999998
vt 0.68750000 0.82999998
vt 0.68750000 0.56999999
vt 0.70833331 0.56999999
vt 0.68750000 0.56999999
vt 0.68750000 0.31999999
vt 0.70833331 0.31999999
vt 0.68750000 0.31999999
vt 0.68750000 0.12000000
vt 0.70833331 0.12000000
vt 0.68750000 0.12000000
vt 0.68750000 0.00000000
vt 0.70833331 0.00000000
vt 0.70833331 0.12000000
vt 0.72916669 0.12000000
vt 0.72916669 0.00000000
vt 0.70833331 0.31999999
vt 0.72916669 0.31999999
vt 0.72916669 0.12000000
vt 0.70833331 0.56999999
vt 0.72916669 0.56999999
vt 0.72916669 0.31999999
vt 0.70833331 0.82999998
vt 0.72916669 0.82999998
vt 0.72916669 0.56999999
vt 0.70833331 1.00000000
vt 0.72916669 1.00000000
vt 0.72916669 0.82999998
vt 0.70833331 1.00000000
vt 0.70833331 0.82999998
vt 0.72916669 0.82999998
vt 0.70833331 0.82999998
vt 0.70833331 0.56999999
vt 0.72916669 0.56999999
vt 0.70833331 0.56999999
vt 0.70833331 0.31999999
vt 0.72916669 0.31999999
vt 0.70833331 0.31999999
vt 0.70833331 0.12000000
vt 0.72916669 0.12000000
vt 0.70833331 0.12000000
vt 0.70833331 0.00000000
vt 0.72916669 0.00000000
vt 0.72916669 0.12000000
vt 0.75000000 0.12000000
vt 0.75000000 0.00000000
vt 0.72916669 0.31999999
vt 0.75000000 0.31999999
vt 0.75000000 0.12000000
vt 0.72916669 0.56999999
vt 0.75000000 0.56999999
vt 0.75000000 0.31999999
vt 0.72916669 0.82999998
vt 0.75000000 0.82999998
vt 0.75000000 0.56999999
vt 0.72916669 1.00000000
vt 0.75000000 1.00000000
vt 0.75000000 0.82999998
vt 0.72916669 1.00000000
vt 0.72916669 0.82999998
vt 0.75000000 0.82999998
vt 0.72916669 0.82999998
vt 0.72916669 0.56999999
vt 0.75000000 0.56999999
vt 0.72916669 0.56999999
vt 0.72916669 0.31999999
vt 0.75000000 0.31999999
vt 0.72916669 0.31999999
vt 0.72916669 0.12000000
vt 0.75000000 0.12000000
vt 0.72916669 0.12000000
vt 0.72916669 0.00000000
vt 0.75000000 0.00000000
vt 0.75000000 0.12000000
vt 0.77083331 0.12000000
vt 0.77083331 0.00000000
vt 0.75000000 0.31999999
vt 0.77083331 0.31999999
vt 0.77083331 0.12000000
vt 0.75000000 0.56999999
vt 0.77083331 0.56999999
vt 0.77083331 0.31999999
vt 0.75000000 0.82999998
vt 0.77083331 0.82999998
vt 0.77083331 0.56999999
vt 0.75000000 1.00000000
vt 0.77083331 1.00000000
vt 0.77083331 0.82999998
vt 0.75000000 1.00000000
vt 0.75000000 0.82999998
vt 0.77083331 0.82999998
vt 0.75000000 0.82999998
vt 0.75000000 0.56999999
vt 0.77083331 0.56999999
vt 0.75000000 0.56999999
vt 0.75000000 0.31999999
vt 0.77083331 0.31999999
vt 0.75000000 0.31999999
vt 0.75000000 0.12000000
vt 0.77083331 0.12000000
vt 0.75000000 0.12000000
vt 0.75000000 0.00000000
vt 0.77083331 0.00000000
vt 0.77083331 0.12000000
vt 0.79166669 0.12000000
vt 0.79166669 0.00000000
vt 0.77083331 0.31999999
vt 0.79166669 0.31999999
vt 0.79166669 0.12000000
vt 0.77083331 0.56999999
vt 0.79166669 0.56999999
vt 0.79166669 0.31999999
vt 0.77083331 0.82999998
vt 0.79166669 0.82999998
vt 0.79166669 0.56999999
vt 0.77083331 0.82999998
vt 0.77083331 1.00000000
vt 0.79166669 1.00000000
vt 0.77083331 1.00000000
vt 0.77083331 0.82999998
vt 0.79166669 0.82999998
vt 0.77083331 0.82999998
vt 0.77083331 0.56999999
vt 0.79166669 0.56999999
vt 0.77083331 0.56999999
vt 0.77083331 0.31999999
vt 0.79166669 0.31999999
vt 0.77083331 0.31999999
vt 0.77083331 0.12000000
vt 0.79166669 0.12000000
vt 0.77083331 0.12000000
vt 0.77083331 0.00000000
vt 0.79166669 0.00000000
vt 0.79166669 0.12000000
vt 0.81250000 0.12000000
vt 0.81250000 0.00000000
vt 0.79166669 0.31999999
vt 0.81250000 0.31999999
vt 0.81250000 0.12000000
vt 0.79166669 0.56999999
vt 0.81250000 0.56999999
vt 0.81250000 0.31999999
vt 0.79166669 0.82999998
vt 0.81250000 0.82999998
vt 0.81250000 0.56999999
vt 0.79166669 1.00000000
vt 0.81250000 1.00000000
vt 0.81250000 0.82999998
vt 0.79166669 1.00000000
vt 0.79166669 0.82999998
vt 0.81250000 0.82999998
vt 0.79166669 0.82999998
vt 0.79166669 0.56999999
vt 0.81250000 0.56999999
vt 0.79166669 0.56999999
vt 0.79166669 0.31999999
vt 0.81250000 0.31999999
vt 0.79166669 0.31999999
vt 0.79166669 0.12000000
vt 0.81250000 0.12000000
vt 0.79166669 0.12000000
vt 0.79166669 0.00000000
vt 0.81250000 0.00000000
vt 0.81250000 0.12000000
vt 0.83333331 0.12000000
vt 0.83333331 0.00000000
vt 0.81250000 0.31999999
vt 0.83333331 0.31999999
vt 0.83333331 0.12000000
vt 0.81250000 0.56999999
vt 0.83333331 0.56999999
vt 0.83333331 0.31999999
vt 0.81250000 0.56999999
vt 0.81250000 0.82999998
vt 0.83333331 0.82999998
vt 0.81250000 0.82999998
vt 0.81250000 1.00000000
vt 0.83333331 1.00000000
vt 0.81250000 0.82999998
vt 0.83333331 0.82999998
vt 0.83333331 1.00000000
vt 0.81250000 0.56999999
vt 0.83333331 0.56999999
vt 0.83333331 0.82999998
vt 0.81250000 0.56999999
vt 0.81250000 0.31999999
vt 0.83333331 0.31999999
vt 0.81250000 0.31999999
vt 0.81250000 0.12000000
vt 0.83333331 0.12000000
vt 0.81250000 0.12000000
vt 0.81250000 0.00000000
vt 0.83333331 0.00000000
vt 0.83333331 0.12000000
vt 0.85416669 0.12000000
vt 0.85416669 0.00000000
vt 0.83333331 0.31999999
vt 0.85416669 0.31999999
vt 0.85416669 0.12000000
vt 0.83333331 0.56999999
vt 0.85416669 0.56999999
vt 0.85416669 0.31999999
vt 0.83333331 0.82999998
vt 0.85416669 0.82999998
vt 0.85416669 0.56999999
vt 0.83333331 1.00000000
vt 0.85416669 1.00000000
vt 0.85416669 0.82999998
vt 0.83333331 1.00000000
vt 0.83333331 0.82999998
vt 0.85416669 0.82999998
vt 0.83333331 0.82999998
vt 0.83333331 0.56999999
vt 0.85416669 0.56999999
vt 0.83333331 0.56999999
vt 0.83333331 0.31999999
vt 0.85416669 0.31999999
vt 0.83333331 0.31999999
vt 0.83333331 0.12000000
vt 0.85416669 0.12000000
vt 0.83333331 0.12000000
vt 0.83333331 0.00000000
vt 0.85416669 0.00000000
vt 0.85416669 0.12000000
vt 0.87500000 0.12000000
vt 0.87500000 0.00000000
vt 0.85416669 0.31999999
vt 0.87500000 0.31999999
vt 0.87500000 0.12000000
vt 0.85416669 0.56999999
vt 0.87500000 0.56999999
vt 0.87500000 0.31999999
vt 0.85416669 0.82999998
vt 0.87500000 0.82999998
vt 0.87500000 0.56999999
vt 0.85416669 1.00000000
vt 0.87500000 1.00000000
vt 0.87500000 0.82999998
vt 0.85416669 1.00000000
vt 0.85416669 0.82999998
vt 0.87500000 0.82999998
vt 0.85416669 0.82999998
vt 0.85416669 0.56999999
vt 0.87500000 0.56999999
vt 0.85416669 0.56999999
vt 0.85416669 0.31999999
vt 0.87500000 0.31999999
vt 0.85416669 0.31999999
vt 0.85416669 0.12000000
vt 0.87500000 0.12000000
vt 0.85416669 0.12000000
vt 0.85416669 0.00000000
vt 0.87500000 0.00000000
vt 0.87500000 0.12000000
vt 0.89583331 0.12000000
vt 0.89583331 0.00000000
vt 0.87500000 0.31999999
vt 0.89583331 0.31999999
vt 0.89583331 0.12000000
vt 0.87500000 0.56999999
vt 0.89583331 0.56999999
vt 0.89583331 0.31999999
vt 0.87500000 0.82999998
vt 0.89583331 0.82999998
vt 0.89583331 0.56999999
vt 0.87500000 1.00000000
vt 0.89583331 1.00000000
vt 0.89583331 0.82999998
vt 0.87500000 1.00000000
vt 0.87500000 0.82999998
vt 0.89583331 0.82999998
vt 0.87500000 0.82999998
vt 0.87500000 0.56999999
vt 0.89583331 0.56999999
vt 0.87500000 0.56999999
vt 0.87500000 0.31999999
vt 0.89583331 0.31999999
vt 0.87500000 0.31999999
vt 0.87500000 0.12000000
vt 0.89583331 0.12000000
vt 0.87500000 0.12000000
vt 0.87500000 0.00000000
vt 0.89583331 0.00000000
vt 0.89583331 0.12000000
vt 0.91666669 0.12000000
vt 0.91666669 0.00000000
vt 0.89583331 0.31999999
vt 0.91666669 0.31999999
vt 0.91666669 0.12000000
vt 0.89583331 0.56999999
vt 0.91666669 0.56999999
vt 0.91666669 0.31999999
vt 0.89583331 0.82999998
vt 0.91666669 0.82999998
vt 0.91666669 0.56999999
vt 0.89583331 1.00000000
vt 0.91666669 1.00000000
vt 0.91666669 0.82999998
vt 0.89583331 1.00000000
vt 0.89583331 0.82999998
vt 0.91666669 0.82999998
vt 0.89583331 0.82999998
vt 0.89583331 0.56999999
vt 0.91666669 0.56999999
vt 0.89583331 0.56999999
vt 0.89583331 0.31999999
vt 0.91666669 0.31999999
vt 0.89583331 0.31999999
vt 0.89583331 0.12000000
vt 0.91666669 0.12000000
vt 0.89583331 0.12000000
vt 0.89583331 0.00000000
vt 0.91666669 0.00000000
vt 0.91666669 0.12000000
vt 0.93750000 0.12000000
vt 0.93750000 0.00000000
vt 0.91666669 0.31999999
vt 0.93750000 0.31999999
vt 0.93750000 0.12000000
vt 0.91666669 0.56999999
vt 0.93750000 0.56999999
vt 0.93750000 0.31999999
vt 0.91666669 0.82999998
vt 0.93750000 0.82999998
vt 0.93750000 0.56999999
vt 0.91666669 1.00000000
vt 0.93750000 1.00000000
vt 0.93750000 0.82999998
vt 0.91666669 1.00000000
vt 0.91666669 0.82999998
vt 0.93750000 0.82999998
vt 0.91666669 0.82999998
vt 0.91666669 0.56999999
vt 0.93750000 0.56999999
vt 0.91666669 0.56999999
vt 0.91666669 0.31999999
vt 0.93750000 0.31999999
vt 0.91666669 0.31999999
vt 0.91666669 0.12000000
vt 0.93750000 0.12000000
vt 0.91666669 0.12000000
vt 0.91666669 0.00000000
vt 0.93750000 0.00000000
vt 0.93750000 0.12000000
vt 0.95833331 0.12000000
vt 0.95833331 0.00000000
vt 0.93750000 0.31999999
vt 0.95833331 0.31999999
vt 0.95833331 0.12000000
vt 0.93750000 0.56999999
vt 0.95833331 0.56999999
vt 0.95833331 0.31999999
vt 0.93750000 0.82999998
vt 0.95833331 0.82999998
vt 0.95833331 0.56999999
vt 0.93750000 1.00000000
vt 0.95833331 1.00000000
vt 0.95833331 0.82999998
vt 0.93750000 1.00000000
vt 0.93750000 0.82999998
vt 0.95833331 0.82999998
vt 0.93750000 0.82999998
vt 0.93750000 0.56999999
vt 0.95833331 0.56999999
vt 0.93750000 0.56999999
vt 0.93750000 0.31999999
vt 0.95833331 0.31999999
vt 0.93750000 0.31999999
vt 0.93750000 0.12000000
vt 0.95833331 0.12000000
vt 0.93750000 0.12000000
vt 0.93750000 0.00000000
vt 0.95833331 0.00000000
vt 0.95833331 0.12000000
vt 0.97916669 0.12000000
vt 0.97916669 0.00000000
vt 0.95833331 0.31999999
vt 0.97916669 0.31999999
vt 0.97916669 0.12000000
vt 0.95833331 0.56999999
vt 0.97916669 0.56999999
vt 0.97916669 0.31999999
vt 0.95833331 0.82999998
vt 0.97916669 0.82999998
vt 0.97916669 0.56999999
vt 0.95833331 1.00000000
vt 0.97916669 1.00000000
vt 0.97916669 0.82999998
vt 0.95833331 1.00000000
vt 0.95833331 0.82999998
vt 0.97916669 0.82999998
vt 0.95833331 0.82999998
vt 0.95833331 0.56999999
vt 0.97916669 0.56999999
vt 0.95833331 0.56999999
vt 0.95833331 0.31999999
vt 0.97916669 0.31999999
vt 0.95833331 0.31999999
vt 0.95833331 0.12000000
vt 0.97916669 0.12000000
vt 0.95833331 0.12000000
vt 0.95833331 0.00000000
vt 0.97916669 0.00000000
vn -0.64536554 0.56170356 -0.51767987
vn -0.64536554 0.56170356 -0.51767987
vn -0.64536554 0.56170356 -0.51767987
vn -0.49771920 0.79026949 -0.35742071
vn -0.49771920 0.79026949 -0.35742071
vn -0.49771920 0.79026949 -0.35742071
vn -0.28206342 0.95566934 -0.08447643
vn -0.28206342 0.95566934 -0.08447643
vn -0.28206342 0.95566934 -0.08447643
vn -0.01328087 0.95203459 0.30570206
vn -0.01328087 0.95203459 0.30570206
vn -0.01328087 0.95203459 0.30570206
vn 0.15900277 0.76285297 0.62671649
vn 0.15900277 0.76285297 0.62671649
vn 0.15900277 0.76285297 0.62671649
vn 0.18344812 -0.80286145 0.56723905
vn 0.18344812 -0.80286145 0.56723905
vn 0.18344812 -0.80286145 0.56723905
vn 0.03587819 -0.96330070 0.26601598
vn 0.03587819 -0.96330070 0.26601598
vn 0.03587819 -0.96330070 0.26601598
vn -0.19987975 -0.97700143 -0.07427159
vn -0.19987975 -0.97700143 -0.07427159
vn -0.19987975 -0.97700143 -0.07427159
vn -0.41708246 -0.84704953 -0.32946843
vn -0.41708246 -0.84704953 -0.32946843
vn -0.41708246 -0.84704953 -0.32946843
vn -0.59263885 -0.63123935 -0.50031602
vn -0.59263885 -0.63123935 -0.50031602
vn -0.59263885 -0.63123935 -0.50031602
vn -0.57912225 0.65025663 -0.49171513
vn -0.57912225 0.65025663 -0.49171513
vn -0.57912225 0.65025663 -0.49171513
vn -0.39968240 0.85938823 -0.31891343
vn -0.39968240 0.85938823 -0.31891343
vn -0.39968240 0.85938823 -0.31891343
vn -0.17339067 0.98227304 -0.07123964
vn -0.17339067 0.98227304 -0.07123964
vn -0.17339067 0.98227304 -0.07123964
vn 0.07289343 0.96442944 0.25409105
vn 0.07289343 0.96442944 0.25409105
vn 0.07289343 0.96442944 0.25409105
vn 0.23367992 0.80624735 0.54346937
vn 0.23367992 0.80624735 0.54346937
vn 0.23367992 0.80624735 0.54346937
vn 0.26406443 -0.78772897 0.55655468
vn 0.26406443 -0.78772897 0.55655468
vn 0.26406443 -0.78772897 0.55655468
vn 0.12558460 -0.95629048 0.26407754
vn 0.12558460 -0.95629048 0.26407754
vn 0.12558460 -0.95629048 0.26407754
vn -0.10700391 -0.99139822 -0.07536506
vn -0.10700391 -0.99139822 -0.07536506
vn -0.10700391 -0.99139822 -0.07536506
vn -0.34939304 -0.87324470 -0.33965889
vn -0.34939304 -0.87324470 -0.33965889
vn -0.34939304 -0.87324470 -0.33965889
vn -0.55421507 -0.65232396 -0.51702911
vn -0.55421507 -0.65232396 -0.51702911
vn -0.55421507 -0.65232396 -0.51702911
vn -0.54331028 0.68218118 -0.48932871
vn -0.54331028 0.68218118 -0.48932871
vn -0.54331028 0.68218118 -0.48932871
vn -0.35876405 0.88047075 -0.30993506
vn -0.35876405 0.88047075 -0.30993506
vn -0.35876405 0.88047075 -0.30993506
vn -0.12068114 0.99035043 -0.06813248
vn -0.12068114 0.99035043 -0.06813248
vn -0.12068114 0.99035043 -0.06813248
vn 0.16378902 0.95706058 0.23918232
vn 0.16378902 0.95706058 0.23918232
vn 0.16378902 0.95706058 0.23918232
vn 0.38322052 0.77817762 0.49757567
vn 0.38322052 0.77817762 0.49757567
vn 0.38322052 0.77817762 0.49757567
vn 0.38446787 -0.79864681 0.46297711
vn 0.38446787 -0.79864681 0.46297711
vn 0.38446787 -0.79864681 0.46297711
vn 0.18646914 -0.95817363 0.21709999
vn 0.18646914 -0.95817363 0.21709999
vn 0.18646914 -0.95817363 0.21709999
vn -0.06355695 -0.99604261 -0.06212535
vn -0.06355695 -0.99604261 -0.06212535
vn -0.06355695 -0.99604261 -0.06212535
vn -0.29045829 -0.91159046 -0.29092383
vn -0.29045829 -0.91159046 -0.29092383
vn -0.29045829 -0.91159046 -0.29092383
vn -0.49008214 -0.73074597 -0.47521567
vn -0.49008214 -0.73074597 -0.47521567
vn -0.49008214 -0.73074597 -0.47521567
vn -0.57108873 0.67445809 -0.46793574
vn -0.57108873 0.67445809 -0.46793574
vn -0.57108873 0.67445809 -0.46793574
vn -0.40106401 0.86716491 -0.29525033
vn -0.40106401 0.86716491 -0.29525033
vn -0.40106401 0.86716491 -0.29525033
vn -0.20657647 0.97627145 -0.06496315
vn -0.20657647 0.97627145 -0.06496315
vn -0.20657647 0.97627145 -0.06496315
vn 0.00038618 0.97200525 0.23495835
vn 0.00038618 0.97200525 0.23495835
vn 0.00038618 0.97200525 0.23495835
vn 0.14276986 0.84177715 0.52060342
vn 0.14276986 0.84177715 0.52060342
vn 0.14276986 0.84177715 0.52060342
vn 0.17553568 -0.86265010 0.47436500
vn 0.17553568 -0.86265010 0.47436500
vn 0.17553568 -0.86265010 0.47436500
vn 0.05654512 -0.97610980 0.20979080
vn 0.05654512 -0.97610980 0.20979080
vn 0.05654512 -0.97610980 0.20979080
vn -0.12332790 -0.99063367 -0.05861061
vn -0.12332790 -0.99063367 -0.05861061
vn -0.12332790 -0.99063367 -0.05861061
vn -0.31353453 -0.90884405 -0.27513358
vn -0.31353453 -0.90884405 -0.27513358
vn -0.31353453 -0.90884405 -0.27513358
vn -0.50492585 -0.73463011 -0.45317608
vn -0.50492585 -0.73463011 -0.45317608
vn -0.50492585 -0.73463011 -0.45317608
vn -0.61649561 0.58743984 -0.52425897
vn -0.61649561 0.58743984 -0.52425897
vn -0.61649561 0.58743984 -0.52425897
vn -0.49741039 0.79464513 -0.34802586
vn -0.49741039 0.79464513 -0.34802586
vn -0.49741039 0.79464513 -0.34802586
vn -0.27231142 0.95870370 -0.08205979
vn -0.27231142 0.95870370 -0.08205979
vn -0.27231142 0.95870370 -0.08205979
vn 0.16175838 0.94232780 0.29300597
vn 0.16175838 0.94232780 0.29300597
vn 0.16175838 0.94232780 0.29300597
vn 0.54205221 0.65762728 0.52316898
vn 0.54205221 0.65762728 0.52316898
vn 0.54205221 0.65762728 0.52316898
vn 0.57425737 -0.72279745 0.38443741
vn 0.57425737 -0.72279745 0.38443741
vn 0.57425737 -0.72279745 0.38443741
vn 0.30370554 -0.93282270 0.19391929
vn 0.30370554 -0.93282270 0.19391929
vn 0.30370554 -0.93282270 0.19391929
vn -0.02745097 -0.99799031 -0.05711126
vn -0.02745097 -0.99799031 -0.05711126
vn -0.02745097 -0.99799031 -0.05711126
vn -0.26121143 -0.92638505 -0.27125528
vn -0.26121143 -0.92638505 -0.27125528
vn -0.26121143 -0.92638505 -0.27125528
vn -0.43758827 -0.77217019 -0.46072742
vn -0.43758827 -0.77217019 -0.46072742
vn -0.43758827 -0.77217019 -0.46072742
vn -0.43320000 0.73275191 -0.52479750
vn -0.43320000 0.73275191 -0.52479750
vn -0.43320000 0.73275191 -0.52479750
vn -0.21692672 0.92095983 -0.32369080
vn -0.21692672 0.92095983 -0.32369080
vn -0.21692672 0.92095983 -0.32369080
vn 0.01313116 0.99756300 -0.06852359
vn 0.01313116 0.99756300 -0.06852359
vn 0.01313116 0.99756300 -0.06852359
vn 0.20223677 0.95020086 0.23710436
vn 0.20223677 0.95020086 0.23710436
vn 0.20223677 0.95020086 0.23710436
vn 0.28326190 0.80835015 0.51607436
vn 0.28326190 0.80835015 0.51607436
vn 0.28326190 0.80835015 0.51607436
vn 0.16904876 -0.81344670 0.55653125
vn 0.16904876 -0.81344670 0.55653125
vn 0.16904876 -0.81344670 0.55653125
vn 0.08400433 -0.96264213 0.25741661
vn 0.08400433 -0.96264213 0.25741661
vn 0.08400433 -0.96264213 0.25741661
vn -0.07255083 -0.99467343 -0.07321951
vn -0.07255083 -0.99467343 -0.07321951
vn -0.07255083 -0.99467343 -0.07321951
vn -0.27302524 -0.90026611 -0.33908418
vn -0.27302524 -0.90026611 -0.33908418
vn -0.27302524 -0.90026611 -0.33908418
vn -0.47053915 -0.69997710 -0.53723818
vn -0.47053915 -0.69997710 -0.53723818
vn -0.47053915 -0.69997710 -0.53723818
vn -0.55758023 0.67543399 -0.48258993
vn -0.55758023 0.67543399 -0.48258993
vn -0.55758023 0.67543399 -0.48258993
vn -0.41245446 0.85966492 -0.30142590
vn -0.41245446 0.85966492 -0.30142590
vn -0.41245446 0.85966492 -0.30142590
vn -0.22426978 0.97224700 -0.06662496
vn -0.22426978 0.97224700 -0.06662496
vn -0.22426978 0.97224700 -0.06662496
vn 0.02186205 0.97015327 0.24150501
vn 0.02186205 0.97015327 0.24150501
vn 0.02186205 0.97015327 0.24150501
vn 0.24334060 0.81810158 0.52105200
vn 0.24334060 0.81810158 0.52105200
vn 0.24334060 0.81810158 0.52105200
vn 0.38603330 -0.80861974 0.44397327
vn 0.38603330 -0.80861974 0.44397327
vn 0.38603330 -0.80861974 0.44397327
vn 0.22913611 -0.95172679 0.20423704
vn 0.22913611 -0.95172679 0.20423704
vn 0.22913611 -0.95172679 0.20423704
vn 0.02299622 -0.99799567 -0.05895556
vn 0.02299622 -0.99799567 -0.05895556
vn 0.02299622 -0.99799567 -0.05895556
vn -0.18019852 -0.94155777 -0.28460085
vn -0.18019852 -0.94155777 -0.28460085
vn -0.18019852 -0.94155777 -0.28460085
vn -0.38462088 -0.78595144 -0.48409408
vn -0.38462088 -0.78595144 -0.48409408
vn -0.38462088 -0.78595144 -0.48409408
vn -0.48887745 0.65749907 -0.57331830
vn -0.48887745 0.65749907 -0.57331830
vn -0.48887745 0.65749907 -0.57331830
vn -0.31711540 0.87191266 -0.37310347
vn -0.31711540 0.87191266 -0.37310347
vn -0.31711540 0.87191266 -0.37310347
vn -0.06440986 0.99445194 -0.08316655
vn -0.06440986 0.99445194 -0.08316655
vn -0.06440986 0.99445194 -0.08316655
vn 0.29957011 0.91287684 0.27733278
vn 0.29957011 0.91287684 0.27733278
vn 0.29957011 0.91287684 0.27733278
vn 0.57301986 0.64706284 0.50294936
vn 0.57301986 0.64706284 0.50294936
vn 0.57301986 0.64706284 0.50294936
vn 0.38822848 -0.80825889 0.44271472
vn 0.38822848 -0.80825889 0.44271472
vn 0.38822848 -0.80825889 0.44271472
vn 0.05269802 -0.97648406 0.20904970
vn 0.05269802 -0.97648406 0.20904970
vn 0.05269802 -0.97648406 0.20904970
vn -0.26253247 -0.96325189 -0.05676810
vn -0.26253247 -0.96325189 -0.05676810
vn -0.26253247 -0.96325189 -0.05676810
vn -0.43849638 -0.86046320 -0.25946856
vn -0.43849638 -0.86046320 -0.25946856
vn -0.43849638 -0.86046320 -0.25946856
vn -0.55286837 -0.70995218 -0.43623906
vn -0.55286837 -0.70995218 -0.43623906
vn -0.55286837 -0.70995218 -0.43623906
vn -0.51738131 0.68951035 -0.50684518
vn -0.51738131 0.68951035 -0.50684518
vn -0.51738131 0.68951035 -0.50684518
vn -0.36917284 0.87421829 -0.31536290
vn -0.36917284 0.87421829 -0.31536290
vn -0.36917284 0.87421829 -0.31536290
vn -0.19923225 0.97752595 -0.06891724
vn -0.19923225 0.97752595 -0.06891724
vn -0.19923225 0.97752595 -0.06891724
vn -0.04915937 0.96756285 0.24780115
vn -0.04915937 0.96756285 0.24780115
vn -0.04915937 0.96756285 0.24780115
vn 0.01141412 0.83637327 0.54804152
vn 0.01141412 0.83637327 0.54804152
vn 0.01141412 0.83637327 0.54804152
vn 0.20858027 -0.81307584 0.54350889
vn 0.20858027 -0.81307584 0.54350889
vn 0.20858027 -0.81307584 0.54350889
vn 0.20789401 -0.94638389 0.24726006
vn 0.20789401 -0.94638389 0.24726006
vn 0.20789401 -0.94638389 0.24726006
vn 0.11583167 -0.99070978 -0.07125407
vn 0.11583167 -0.99070978 -0.07125407
vn 0.11583167 -0.99070978 -0.07125407
vn -0.06727090 -0.93634391 -0.34457919
vn -0.06727090 -0.93634391 -0.34457919
vn -0.06727090 -0.93634391 -0.34457919
vn -0.30266631 -0.76251745 -0.57180429
vn -0.30266631 -0.76251745 -0.57180429
vn -0.30266631 -0.76251745 -0.57180429
vn -0.35412255 0.79244393 -0.49661848
vn -0.35412255 0.79244393 -0.49661848
vn -0.35412255 0.79244393 -0.49661848
vn -0.09715517 0.95129675 -0.29256704
vn -0.09715517 0.95129675 -0.29256704
vn -0.09715517 0.95129675 -0.29256704
vn 0.17193915 0.98333293 -0.05910439
vn 0.17193915 0.98333293 -0.05910439
vn 0.17193915 0.98333293 -0.05910439
vn 0.40988502 0.89114207 0.19457662
vn 0.40988502 0.89114207 0.19457662
vn 0.40988502 0.89114207 0.19457662
vn 0.55802870 0.72444445 0.40470245
vn 0.55802870 0.72444445 0.40470245
vn 0.55802870 0.72444445 0.40470245
vn 0.38264918 -0.80489117 0.45357460
vn 0.38264918 -0.80489117 0.45357460
vn 0.38264918 -0.80489117 0.45357460
vn 0.17028680 -0.96232891 0.21195601
vn 0.17028680 -0.96232891 0.21195601
vn 0.17028680 -0.96232891 0.21195601
vn -0.06778176 -0.99587137 -0.06038113
vn -0.06778176 -0.99587137 -0.06038113
vn -0.06778176 -0.99587137 -0.06038113
vn -0.28680098 -0.91497093 -0.28385460
vn -0.28680098 -0.91497093 -0.28385460
vn -0.28680098 -0.91497093 -0.28385460
vn -0.47815201 -0.74237520 -0.46930790
vn -0.47815201 -0.74237520 -0.46930790
vn -0.47815201 -0.74237520 -0.46930790
vn -0.44286263 0.76842016 -0.46195579
vn -0.44286263 0.76842016 -0.46195579
vn -0.44286263 0.76842016 -0.46195579
vn -0.33371544 0.90414667 -0.26674503
vn -0.33371544 0.90414667 -0.26674503
vn -0.33371544 0.90414667 -0.26674503
vn -0.24859622 0.96700108 -0.05575631
vn -0.24859622 0.96700108 -0.05575631
vn -0.24859622 0.96700108 -0.05575631
vn -0.20002541 0.95898050 0.20086353
vn -0.20002541 0.95898050 0.20086353
vn -0.20002541 0.95898050 0.20086353
vn -0.21408561 0.85277051 0.47639242
vn -0.21408561 0.85277051 0.47639242
vn -0.21408561 0.85277051 0.47639242
vn -0.00720099 -0.90816671 0.41854680
vn -0.00720099 -0.90816671 0.41854680
vn -0.00720099 -0.90816671 0.41854680
vn 0.03051984 -0.98236507 0.18446535
vn 0.03051984 -0.98236507 0.18446535
vn 0.03051984 -0.98236507 0.18446535
vn -0.00068355 -0.99866641 -0.05162239
vn -0.00068355 -0.99866641 -0.05162239
vn -0.00068355 -0.99866641 -0.05162239
vn -0.09155045 -0.96269691 -0.25462329
vn -0.09155045 -0.96269691 -0.25462329
vn -0.09155045 -0.96269691 -0.25462329
vn -0.24001163 -0.85455871 -0.46056890
vn -0.24001163 -0.85455871 -0.46056890
vn -0.24001163 -0.85455871 -0.46056890
vn -0.34535375 0.76316953 -0.54617137
vn -0.34535375 0.76316953 -0.54617137
vn -0.34535375 0.76316953 -0.54617137
vn -0.27061138 0.90829962 -0.31900069
vn -0.27061138 0.90829962 -0.31900069
vn -0.27061138 0.90829962 -0.31900069
vn -0.13426813 0.98861891 -0.06785800
vn -0.13426813 0.98861891 -0.06785800
vn -0.13426813 0.98861891 -0.06785800
vn 0.15157738 0.95908093 0.23914021
vn 0.15157738 0.95908093 0.23914021
vn 0.15157738 0.95908093 0.23914021
vn 0.48864448 0.73555183 0.46924400
vn 0.48864448 0.73555183 0.46924400
vn 0.48864448 0.73555183 0.46924400
vn 0.53103244 -0.76955646 0.35466516
vn 0.53103244 -0.76955646 0.35466516
vn 0.53103244 -0.76955646 0.35466516
vn 0.28333855 -0.94382977 0.17001362
vn 0.28333855 -0.94382977 0.17001362
vn 0.28333855 -0.94382977 0.17001362
vn 0.04209311 -0.99788761 -0.04948180
vn 0.04209311 -0.99788761 -0.04948180
vn 0.04209311 -0.99788761 -0.04948180
vn -0.10098951 -0.96433276 -0.24467036
vn -0.10098951 -0.96433276 -0.24467036
vn -0.10098951 -0.96433276 -0.24467036
vn -0.19631372 -0.87101614 -0.45032424
vn -0.19631372 -0.87101614 -0.45032424
vn -0.19631372 -0.87101614 -0.45032424
vn -0.37044978 0.80883491 -0.45667613
vn -0.37044978 0.80883491 -0.45667613
vn -0.37044978 0.80883491 -0.45667613
vn -0.15732506 0.95169026 -0.26369381
vn -0.15732506 0.95169026 -0.26369381
vn -0.15732506 0.95169026 -0.26369381
vn 0.04278604 0.99762261 -0.05402308
vn 0.04278604 0.99762261 -0.05402308
vn 0.04278604 0.99762261 -0.05402308
vn 0.18657023 0.96396750 0.18962681
vn 0.18657023 0.96396750 0.18962681
vn 0.18657023 0.96396750 0.18962681
vn 0.23055328 0.86918086 0.43745822
vn 0.23055328 0.86918086 0.43745822
vn 0.23055328 0.86918086 0.43745822
vn 0.15243541 -0.86647475 0.47537866
vn 0.15243541 -0.86647475 0.47537866
vn 0.15243541 -0.86647475 0.47537866
vn 0.12296502 -0.97035235 0.20807706
vn 0.12296502 -0.97035235 0.20807706
vn 0.12296502 -0.97035235 0.20807706
vn 0.03182944 -0.99775642 -0.05889713
vn 0.03182944 -0.99775642 -0.05889713
vn 0.03182944 -0.99775642 -0.05889713
vn -0.13632631 -0.94835043 -0.28643775
vn -0.13632631 -0.94835043 -0.28643775
vn -0.13632631 -0.94835043 -0.28643775
vn -0.35136402 -0.79732597 -0.49072883
vn -0.35136402 -0.79732597 -0.49072883
vn -0.35136402 -0.79732597 -0.49072883
vn -0.09590072 0.87197345 -0.48006800
vn -0.09590072 0.87197345 -0.48006800
vn -0.09590072 0.87197345 -0.48006800
vn -0.01408620 0.96528918 -0.26080310
vn -0.01408620 0.96528918 -0.26080310
vn -0.01408620 0.96528918 -0.26080310
vn 0.04991241 0.99736404 -0.05266451
vn 0.04991241 0.99736404 -0.05266451
vn 0.04991241 0.99736404 -0.05266451
vn 0.10131595 0.97704190 0.18741427
vn 0.10131595 0.97704190 0.18741427
vn 0.10131595 0.97704190 0.18741427
vn 0.12852880 0.89027059 0.43691939
vn 0.12852880 0.89027059 0.43691939
vn 0.12852880 0.89027059 0.43691939
vn -0.02387149 -0.91745973 0.39711171
vn -0.02387149 -0.91745973 0.39711171
vn -0.02387149 -0.91745973 0.39711171
vn -0.05735635 -0.98436677 0.16653039
vn -0.05735635 -0.98436677 0.16653039
vn -0.05735635 -0.98436677 0.16653039
vn -0.09843572 -0.99406606 -0.04629422
vn -0.09843572 -0.99406606 -0.04629422
vn -0.09843572 -0.99406606 -0.04629422
vn -0.14616340 -0.96231693 -0.22930853
vn -0.14616340 -0.96231693 -0.22930853
vn -0.14616340 -0.96231693 -0.22930853
vn -0.20675169 -0.88012457 -0.42735764
vn -0.20675169 -0.88012457 -0.42735764
vn -0.20675169 -0.88012457 -0.42735764
vn -0.45466429 0.74189645 -0.49281836
vn -0.45466429 0.74189645 -0.49281836
vn -0.45466429 0.74189645 -0.49281836
vn -0.37521368 0.88129449 -0.28728852
vn -0.37521368 0.88129449 -0.28728852
vn -0.37521368 0.88129449 -0.28728852
vn -0.25562340 0.96482038 -0.06146856
vn -0.25562340 0.96482038 -0.06146856
vn -0.25562340 0.96482038 -0.06146856
vn -0.01081810 0.97419155 0.22546384
vn -0.01081810 0.97419155 0.22546384
vn -0.01081810 0.97419155 0.22546384
vn 0.32336697 0.81423467 0.48213661
vn 0.32336697 0.81423467 0.48213661
vn 0.32336697 0.81423467 0.48213661
vn 0.47862437 -0.80892140 0.34141603
vn 0.47862437 -0.80892140 0.34141603
vn 0.47862437 -0.80892140 0.34141603
vn 0.25770840 -0.95333821 0.15726620
vn 0.25770840 -0.95333821 0.15726620
vn 0.25770840 -0.95333821 0.15726620
vn 0.04100853 -0.99813014 -0.04532642
vn 0.04100853 -0.99813014 -0.04532642
vn 0.04100853 -0.99813014 -0.04532642
vn -0.09798078 -0.96936464 -0.22523759
vn -0.09798078 -0.96936464 -0.22523759
vn -0.09798078 -0.96936464 -0.22523759
vn -0.21065874 -0.88352841 -0.41833049
vn -0.21065874 -0.88352841 -0.41833049
vn -0.21065874 -0.88352841 -0.41833049
vn -0.15536459 0.81876040 -0.55271435
vn -0.15536459 0.81876040 -0.55271435
vn -0.15536459 0.81876040 -0.55271435
vn -0.03874709 0.94855291 -0.31423864
vn -0.03874709 0.94855291 -0.31423864
vn -0.03874709 0.94855291 -0.31423864
vn 0.03817819 0.99718308 -0.06456284
vn 0.03817819 0.99718308 -0.06456284
vn 0.03817819 0.99718308 -0.06456284
vn 0.07832763 0.97044742 0.22824658
vn 0.07832763 0.97044742 0.22824658
vn 0.07832763 0.97044742 0.22824658
vn 0.06360662 0.85872209 0.50847864
vn 0.06360662 0.85872209 0.50847864
vn 0.06360662 0.85872209 0.50847864
vn -0.21153381 -0.87094581 0.44351655
vn -0.21153381 -0.87094581 0.44351655
vn -0.21153381 -0.87094581 0.44351655
vn -0.22958574 -0.95456445 0.18999214
vn -0.22958574 -0.95456445 0.18999214
vn -0.22958574 -0.95456445 0.18999214
vn -0.27073345 -0.96121269 -0.05266546
vn -0.27073345 -0.96121269 -0.05266546
vn -0.27073345 -0.96121269 -0.05266546
vn -0.32054409 -0.91206956 -0.25569603
vn -0.32054409 -0.91206956 -0.25569603
vn -0.32054409 -0.91206956 -0.25569603
vn -0.38310799 -0.80205464 -0.45818838
vn -0.38310799 -0.80205464 -0.45818838
vn -0.38310799 -0.80205464 -0.45818838
vn -0.44299448 0.76338005 -0.47011369
vn -0.44299448 0.76338005 -0.47011369
vn -0.44299448 0.76338005 -0.47011369
vn -0.28986886 0.91614276 -0.27687290
vn -0.28986886 0.91614276 -0.27687290
vn -0.28986886 0.91614276 -0.27687290
vn -0.09243931 0.99398595 -0.05870916
vn -0.09243931 0.99398595 -0.05870916
vn -0.09243931 0.99398595 -0.05870916
vn 0.15138003 0.96647930 0.20736890
vn 0.15138003 0.96647930 0.20736890
vn 0.15138003 0.96647930 0.20736890
vn 0.37148458 0.81387097 0.44678107
vn 0.37148458 0.81387097 0.44678107
vn 0.37148458 0.81387097 0.44678107
vn 0.52617502 -0.75523603 0.39084306
vn 0.52617502 -0.75523603 0.39084306
vn 0.52617502 -0.75523603 0.39084306
vn 0.38442612 -0.90483153 0.18302016
vn 0.38442612 -0.90483153 0.18302016
vn 0.38442612 -0.90483153 0.18302016
vn 0.21283573 -0.97557676 -0.05432093
vn 0.21283573 -0.97557676 -0.05432093
vn 0.21283573 -0.97557676 -0.05432093
vn 0.02850271 -0.96133900 -0.27388820
vn 0.02850271 -0.96133900 -0.27388820
vn 0.02850271 -0.96133900 -0.27388820
vn -0.17763032 -0.85107106 -0.49409056
vn -0.17763032 -0.85107106 -0.49409056
vn -0.17763032 -0.85107106 -0.49409056
vn -0.25576609 0.82974035 -0.49609950
vn -0.25576609 0.82974035 -0.49609950
vn -0.25576609 0.82974035 -0.49609950
vn -0.19791743 0.94056666 -0.27597663
vn -0.19791743 0.94056666 -0.27597663
vn -0.19791743 0.94056666 -0.27597663
vn -0.18326117 0.98135388 -0.05796289
vn -0.18326117 0.98135388 -0.05796289
vn -0.18326117 0.98135388 -0.05796289
vn -0.23056994 0.95140249 0.20413415
vn -0.23056994 0.95140249 0.20413415
vn -0.23056994 0.95140249 0.20413415
vn -0.34514526 0.82273322 0.45164680
vn -0.34514526 0.82273322 0.45164680
vn -0.34514526 0.82273322 0.45164680
vn -0.23007481 -0.88466907 0.40549514
vn -0.23007481 -0.88466907 0.40549514
vn -0.23007481 -0.88466907 0.40549514
vn -0.10669298 -0.97871041 0.17533548
vn -0.10669298 -0.97871041 0.17533548
vn -0.10669298 -0.97871041 0.17533548
vn -0.05373872 -0.99734300 -0.04918522
vn -0.05373872 -0.99734300 -0.04918522
vn -0.05373872 -0.99734300 -0.04918522
vn -0.06704571 -0.96566689 -0.25098294
vn -0.06704571 -0.96566689 -0.25098294
vn -0.06704571 -0.96566689 -0.25098294
vn -0.13648860 -0.87544370 -0.46364766
vn -0.13648860 -0.87544370 -0.46364766
vn -0.13648860 -0.87544370 -0.46364766
vn 0.06400636 0.84590024 -0.52948654
vn 0.06400636 0.84590024 -0.52948654
vn 0.06400636 0.84590024 -0.52948654
vn 0.14911692 0.94522953 -0.29035363
vn 0.14911692 0.94522953 -0.29035363
vn 0.14911692 0.94522953 -0.29035363
vn 0.26408780 0.96276534 -0.05779894
vn 0.26408780 0.96276534 -0.05779894
vn 0.26408780 0.96276534 -0.05779894
vn 0.43553177 0.87950140 0.19180548
vn 0.43553177 0.87950140 0.19180548
vn 0.43553177 0.87950140 0.19180548
vn 0.60971147 0.69216627 0.38620946
vn 0.60971147 0.69216627 0.38620946
vn 0.60971147 0.69216627 0.38620946
vn 0.33489963 -0.85656172 0.39261216
vn 0.33489963 -0.85656172 0.39261216
vn 0.33489963 -0.85656172 0.39261216
vn 0.06773949 -0.98206794 0.17593728
vn 0.06773949 -0.98206794 0.17593728
vn 0.06773949 -0.98206794 0.17593728
vn -0.12496188 -0.99095720 -0.04887035
vn -0.12496188 -0.99095720 -0.04887035
vn -0.12496188 -0.99095720 -0.04887035
vn -0.21973288 -0.94590980 -0.23868833
vn -0.21973288 -0.94590980 -0.23868833
vn -0.21973288 -0.94590980 -0.23868833
vn -0.26148638 -0.85837948 -0.44137239
vn -0.26148638 -0.85837948 -0.44137239
vn -0.26148638 -0.85837948 -0.44137239
vn -0.27843910 0.81322891 -0.51100916
vn -0.27843910 0.81322891 -0.51100916
vn -0.27843910 0.81322891 -0.51100916
vn -0.27229348 0.91948879 -0.28354287
vn -0.27229348 0.91948879 -0.28354287
vn -0.27229348 0.91948879 -0.28354287
vn -0.27161205 0.96067721 -0.05767336
vn -0.27161205 0.96067721 -0.05767336
vn -0.27161205 0.96067721 -0.05767336
vn -0.27967888 0.93804562 0.20457326
vn -0.27967888 0.93804562 0.20457326
vn -0.27967888 0.93804562 0.20457326
vn -0.29640087 0.83401859 0.46535969
vn -0.29640087 0.83401859 0.46535969
vn -0.29640087 0.83401859 0.46535969
vn 0.08533219 -0.89763254 0.43240535
vn 0.08533219 -0.89763254 0.43240535
vn 0.08533219 -0.89763254 0.43240535
vn 0.14008254 -0.97304320 0.18320453
vn 0.14008254 -0.97304320 0.18320453
vn 0.14008254 -0.97304320 0.18320453
vn 0.15403603 -0.98675102 -0.05094536
vn 0.15403603 -0.98675102 -0.05094536
vn 0.15403603 -0.98675102 -0.05094536
vn 0.13782065 -0.95760614 -0.25297400
vn 0.13782065 -0.95760614 -0.25297400
vn 0.13782065 -0.95760614 -0.25297400
vn 0.09134944 -0.87684494 -0.47201496
vn 0.09134944 -0.87684494 -0.47201496
vn 0.09134944 -0.87684494 -0.47201496
vn -0.10091466 0.80060959 -0.59062731
vn -0.10091466 0.80060959 -0.59062731
vn -0.10091466 0.80060959 -0.59062731
vn -0.02497554 0.93998307 -0.34030586
vn -0.02497554 0.93998307 -0.34030586
vn -0.02497554 0.93998307 -0.34030586
vn 0.03948498 0.99672836 -0.07052369
vn 0.03948498 0.99672836 -0.07052369
vn 0.03948498 0.99672836 -0.07052369
vn 0.14567107 0.95818824 0.24628313
vn 0.14567107 0.95818824 0.24628313
vn 0.14567107 0.95818824 0.24628313
vn 0.27571988 0.80313736 0.52815604
vn 0.27571988 0.80313736 0.52815604
vn 0.27571988 0.80313736 0.52815604
vn -0.05302745 -0.89965069 0.43337822
vn -0.05302745 -0.89965069 0.43337822
vn -0.05302745 -0.89965069 0.43337822
vn -0.22723509 -0.95702463 0.18018861
vn -0.22723509 -0.95702463 0.18018861
vn -0.22723509 -0.95702463 0.18018861
vn -0.35096553 -0.93513310 -0.04846770
vn -0.35096553 -0.93513310 -0.04846770
vn -0.35096553 -0.93513310 -0.04846770
vn -0.40085652 -0.88553035 -0.23484051
vn -0.40085652 -0.88553035 -0.23484051
vn -0.40085652 -0.88553035 -0.23484051
vn -0.42013851 -0.79834569 -0.43142518
vn -0.42013851 -0.79834569 -0.43142518
vn -0.42013851 -0.79834569 -0.43142518
vn -0.02710768 0.80442107 -0.59344077
vn -0.02710768 0.80442107 -0.59344077
vn -0.02710768 0.80442107 -0.59344077
vn -0.06704324 0.92632830 -0.37070346
vn -0.06704324 0.92632830 -0.37070346
vn -0.06704324 0.92632830 -0.37070346
vn -0.07460827 0.99417686 -0.07775623
vn -0.07460827 0.99417686 -0.07775623
vn -0.07460827 0.99417686 -0.07775623
vn 0.00257066 0.96192569 0.27329910
vn 0.00257066 0.96192569 0.27329910
vn 0.00257066 0.96192569 0.27329910
vn 0.16311605 0.79803938 0.58010888
vn 0.16311605 0.79803938 0.58010888
vn 0.16311605 0.79803938 0.58010888
vn 0.26851371 -0.83847308 0.47419757
vn 0.26851371 -0.83847308 0.47419757
vn 0.26851371 -0.83847308 0.47419757
vn 0.13870919 -0.96699083 0.21374904
vn 0.13870919 -0.96699083 0.21374904
vn 0.13870919 -0.96699083 0.21374904
vn 0.04572343 -0.99710989 -0.06067358
vn 0.04572343 -0.99710989 -0.06067358
vn 0.04572343 -0.99710989 -0.06067358
vn 0.02289143 -0.95454216 -0.29719585
vn 0.02289143 -0.95454216 -0.29719585
vn 0.02289143 -0.95454216 -0.29719585
vn 0.04177796 -0.84365886 -0.53525168
vn 0.04177796 -0.84365886 -0.53525168
vn 0.04177796 -0.84365886 -0.53525168
vn -0.12486390 0.85484421 -0.50363714
vn -0.12486390 0.85484421 -0.50363714
vn -0.12486390 0.85484421 -0.50363714
vn 0.02106407 0.96044046 -0.27768749
vn 0.02106407 0.96044046 -0.27768749
vn 0.02106407 0.96044046 -0.27768749
vn 0.12674674 0.98891509 -0.07734470
vn 0.12674674 0.98891509 -0.07734470
vn 0.12674674 0.98891509 -0.07734470
vn 0.09330915 0.95773202 0.27210775
vn 0.09330915 0.95773202 0.27210775
vn 0.09330915 0.95773202 0.27210775
vn -0.13054033 0.80195075 0.58295292
vn -0.13054033 0.80195075 0.58295292
vn -0.13054033 0.80195075 0.58295292
vn -0.15329140 -0.90058494 0.40675357
vn -0.15329140 -0.90058494 0.40675357
vn -0.15329140 -0.90058494 0.40675357
vn 0.06345719 -0.98278880 0.17349157
vn 0.06345719 -0.98278880 0.17349157
vn 0.06345719 -0.98278880 0.17349157
vn 0.18424922 -0.98172110 -0.04770690
vn 0.18424922 -0.98172110 -0.04770690
vn 0.18424922 -0.98172110 -0.04770690
vn 0.15609546 -0.93397659 -0.32143739
vn 0.15609546 -0.93397659 -0.32143739
vn 0.15609546 -0.93397659 -0.32143739
vn 0.01560332 -0.81863117 -0.57410753
vn 0.01560332 -0.81863117 -0.57410753
vn 0.01560332 -0.81863117 -0.57410753
vn -0.12197918 0.85515398 -0.50381804
vn -0.12197918 0.85515398 -0.50381804
vn -0.12197918 0.85515398 -0.50381804
vn -0.19056007 0.92410958 -0.33122247
vn -0.19056007 0.92410958 -0.33122247
vn -0.19056007 0.92410958 -0.33122247
vn -0.22195680 0.97267294 -0.06813540
vn -0.22195680 0.97267294 -0.06813540
vn -0.22195680 0.97267294 -0.06813540
vn -0.14147414 0.95936799 0.24412762
vn -0.14147414 0.95936799 0.24412762
vn -0.14147414 0.95936799 0.24412762
vn 0.07768153 0.83550572 0.54396296
vn 0.07768153 0.83550572 0.54396296
vn 0.07768153 0.83550572 0.54396296
vn 0.30517745 -0.86788052 0.39198244
vn 0.30517745 -0.86788052 0.39198244
vn 0.30517745 -0.86788052 0.39198244
vn 0.13776360 -0.97538382 0.17218463
vn 0.13776360 -0.97538382 0.17218463
vn 0.13776360 -0.97538382 0.17218463
vn 0.01713933 -0.99867469 -0.04853081
vn 0.01713933 -0.99867469 -0.04853081
vn 0.01713933 -0.99867469 -0.04853081
vn -0.00559424 -0.97043532 -0.24129650
vn -0.00559424 -0.97043532 -0.24129650
vn -0.00559424 -0.97043532 -0.24129650
vn 0.02680437 -0.89171231 -0.45180804
vn 0.02680437 -0.89171231 -0.45180804
vn 0.02680437 -0.89171231 -0.45180804
vn -0.11569495 0.84344596 -0.52460802
vn -0.11569495 0.84344596 -0.52460802
vn -0.11569495 0.84344596 -0.52460802
vn -0.05360954 0.94000554 -0.33692071
vn -0.05360954 0.94000554 -0.33692071
vn -0.05360954 0.94000554 -0.33692071
vn -0.03772252 0.99684542 -0.06982873
vn -0.03772252 0.99684542 -0.06982873
vn -0.03772252 0.99684542 -0.06982873
vn -0.15357257 0.95761901 0.24368277
vn -0.15357257 0.95761901 0.24368277
vn -0.15357257 0.95761901 0.24368277
vn -0.38638097 0.77295548 0.50323915
vn -0.38638097 0.77295548 0.50323915
vn -0.38638097 0.77295548 0.50323915
vn -0.34062022 -0.84866309 0.40465915
vn -0.34062022 -0.84866309 0.40465915
vn -0.34062022 -0.84866309 0.40465915
vn -0.12258793 -0.97565889 0.18182912
vn -0.12258793 -0.97565889 0.18182912
vn -0.12258793 -0.97565889 0.18182912
vn 0.01800658 -0.99852461 -0.05122695
vn 0.01800658 -0.99852461 -0.05122695
vn 0.01800658 -0.99852461 -0.05122695
vn 0.03886125 -0.96650004 -0.25370738
vn 0.03886125 -0.96650004 -0.25370738
vn 0.03886125 -0.96650004 -0.25370738
vn -0.02230620 -0.84659934 -0.53176308
vn -0.02230620 -0.84659934 -0.53176308
vn -0.02230620 -0.84659934 -0.53176308
vn 0.04913984 0.84812242 -0.52751654
vn 0.04913984 0.84812242 -0.52751654
vn 0.04913984 0.84812242 -0.52751654
vn -0.03346360 0.93192971 -0.36109185
vn -0.03346360 0.93192971 -0.36109185
vn -0.03346360 0.93192971 -0.36109185
vn -0.05451319 0.99566233 -0.07539717
vn -0.05451319 0.99566233 -0.07539717
vn -0.05451319 0.99566233 -0.07539717
vn 0.11387195 0.95791262 0.26350850
vn 0.11387195 0.95791262 0.26350850
vn 0.11387195 0.95791262 0.26350850
vn 0.43387458 0.73678404 0.51855767
vn 0.43387458 0.73678404 0.51855767
vn 0.43387458 0.73678404 0.51855767
vn 0.43829837 -0.81131947 0.38685298
vn 0.43829837 -0.81131947 0.38685298
vn 0.43829837 -0.81131947 0.38685298
vn 0.17236903 -0.96835947 0.18046887
vn 0.17236903 -0.96835947 0.18046887
vn 0.17236903 -0.96835947 0.18046887
vn -0.01979182 -0.99849099 -0.05122522
vn -0.01979182 -0.99849099 -0.05122522
vn -0.01979182 -0.99849099 -0.05122522
vn -0.05607022 -0.96570903 -0.25349975
vn -0.05607022 -0.96570903 -0.25349975
vn -0.05607022 -0.96570903 -0.25349975
vn 0.00289472 -0.82730329 -0.56174815
vn 0.00289472 -0.82730329 -0.56174815
vn 0.00289472 -0.82730329 -0.56174815
vn 0.31667608 0.74446094 -0.58778745
vn 0.31667608 0.74446094 -0.58778745
vn 0.31667608 0.74446094 -0.58778745
vn 0.33185256 0.87961113 -0.34082010
vn 0.33185256 0.87961113 -0.34082010
vn 0.33185256 0.87961113 -0.34082010
vn 0.30416501 0.94989967 -0.07193176
vn 0.30416501 0.94989967 -0.07193176
vn 0.30416501 0.94989967 -0.07193176
vn 0.15364242 0.95273590 0.26208445
vn 0.15364242 0.95273590 0.26208445
vn 0.15364242 0.95273590 0.26208445
vn -0.13014226 0.81080937 0.57065850
vn -0.13014226 0.81080937 0.57065850
vn -0.13014226 0.81080937 0.57065850
vn -0.42853609 -0.80783564 0.40467057
vn -0.42853609 -0.80783564 0.40467057
vn -0.42853609 -0.80783564 0.40467057
vn -0.24818808 -0.95066208 0.18612979
vn -0.24818808 -0.95066208 0.18612979
vn -0.24818808 -0.95066208 0.18612979
vn -0.08365472 -0.99505067 -0.05363015
vn -0.08365472 -0.99505067 -0.05363015
vn -0.08365472 -0.99505067 -0.05363015
vn -0.00696306 -0.96399057 -0.26584521
vn -0.00696306 -0.96399057 -0.26584521
vn -0.00696306 -0.96399057 -0.26584521
vn 0.02792566 -0.87143922 -0.48970792
vn 0.02792566 -0.87143922 -0.48970792
vn 0.02792566 -0.87143922 -0.48970792
vn 0.11894736 0.83118421 -0.54312456
vn 0.11894736 0.83118421 -0.54312456
vn 0.11894736 0.83118421 -0.54312456
vn 0.03487955 0.95165968 -0.30516773
vn 0.03487955 0.95165968 -0.30516773
vn 0.03487955 0.95165968 -0.30516773
vn -0.05077603 0.99675453 -0.06246755
vn -0.05077603 0.99675453 -0.06246755
vn -0.05077603 0.99675453 -0.06246755
vn -0.10907030 0.96923357 0.22065809
vn -0.10907030 0.96923357 0.22065809
vn -0.10907030 0.96923357 0.22065809
vn -0.11680172 0.85818541 0.49987525
vn -0.11680172 0.85818541 0.49987525
vn -0.11680172 0.85818541 0.49987525
vn -0.13789147 -0.86084199 0.48983368
vn -0.13789147 -0.86084199 0.48983368
vn -0.13789147 -0.86084199 0.48983368
vn -0.15078439 -0.96498930 0.21461488
vn -0.15078439 -0.96498930 0.21461488
vn -0.15078439 -0.96498930 0.21461488
vn -0.14171989 -0.98805684 -0.06049144
vn -0.14171989 -0.98805684 -0.06049144
vn -0.14171989 -0.98805684 -0.06049144
vn -0.08876626 -0.95050651 -0.29775470
vn -0.08876626 -0.95050651 -0.29775470
vn -0.08876626 -0.95050651 -0.29775470
vn -0.00440719 -0.84290040 -0.53805149
vn -0.00440719 -0.84290040 -0.53805149
vn -0.00440719 -0.84290040 -0.53805149
vn 0.21127124 0.78485268 -0.58255517
vn 0.21127124 0.78485268 -0.58255517
vn 0.21127124 0.78485268 -0.58255517
vn 0.11992159 0.93282586 -0.33978626
vn 0.11992159 0.93282586 -0.33978626
vn 0.11992159 0.93282586 -0.33978626
vn 0.05390559 0.99602538 -0.07090619
vn 0.05390559 0.99602538 -0.07090619
vn 0.05390559 0.99602538 -0.07090619
vn -0.00352870 0.96814430 0.25036806
vn -0.00352870 0.96814430 0.25036806
vn -0.00352870 0.96814430 0.25036806
vn -0.03536952 0.85086888 0.52418631
vn -0.03536952 0.85086888 0.52418631
vn -0.03536952 0.85086888 0.52418631
vn 0.12468531 -0.87674618 0.46451020
vn 0.12468531 -0.87674618 0.46451020
vn 0.12468531 -0.87674618 0.46451020
vn 0.18476683 -0.96236545 0.19928372
vn 0.18476683 -0.96236545 0.19928372
vn 0.18476683 -0.96236545 0.19928372
vn 0.25487921 -0.96540564 -0.05503214
vn 0.25487921 -0.96540564 -0.05503214
vn 0.25487921 -0.96540564 -0.05503214
vn 0.30784822 -0.91337627 -0.26640812
vn 0.30784822 -0.91337627 -0.26640812
vn 0.30784822 -0.91337627 -0.26640812
vn 0.36079565 -0.80172729 -0.47650793
vn 0.36079565 -0.80172729 -0.47650793
vn 0.36079565 -0.80172729 -0.47650793
vn 0.15297605 0.81297290 -0.56184816
vn 0.15297605 0.81297290 -0.56184816
vn 0.15297605 0.81297290 -0.56184816
vn 0.03361569 0.94648081 -0.32100493
vn 0.03361569 0.94648081 -0.32100493
vn 0.03361569 0.94648081 -0.32100493
vn -0.11070027 0.99167770 -0.06573234
vn -0.11070027 0.99167770 -0.06573234
vn -0.11070027 0.99167770 -0.06573234
vn -0.30177465 0.92688805 0.22318286
vn -0.30177465 0.92688805 0.22318286
vn -0.30177465 0.92688805 0.22318286
vn -0.48383784 0.74511135 0.45903161
vn -0.48383784 0.74511135 0.45903161
vn -0.48383784 0.74511135 0.45903161
vn -0.33193290 -0.83773786 0.43360779
vn -0.33193290 -0.83773786 0.43360779
vn -0.33193290 -0.83773786 0.43360779
vn -0.11754546 -0.97334951 0.19691066
vn -0.11754546 -0.97334951 0.19691066
vn -0.11754546 -0.97334951 0.19691066
vn 0.06630547 -0.99625570 -0.05548117
vn 0.06630547 -0.99625570 -0.05548117
vn 0.06630547 -0.99625570 -0.05548117
vn 0.18482248 -0.94514996 -0.26931843
vn 0.18482248 -0.94514996 -0.26931843
vn 0.18482248 -0.94514996 -0.26931843
vn 0.27126694 -0.83236361 -0.48330647
vn 0.27126694 -0.83236361 -0.48330647
vn 0.27126694 -0.83236361 -0.48330647
vn 0.24806632 0.80287886 -0.54207814
vn 0.24806632 0.80287886 -0.54207814
vn 0.24806632 0.80287886 -0.54207814
vn 0.12406485 0.94191706 -0.31209013
vn 0.12406485 0.94191706 -0.31209013
vn 0.12406485 0.94191706 -0.31209013
vn 0.02054541 0.99769932 -0.06460632
vn 0.02054541 0.99769932 -0.06460632
vn 0.02054541 0.99769932 -0.06460632
vn -0.02451015 0.97313768 0.22891541
vn -0.02451015 0.97313768 0.22891541
vn -0.02451015 0.97313768 0.22891541
vn 0.02149104 0.82408524 0.56605810
vn 0.02149104 0.82408524 0.56605810
vn 0.02149104 0.82408524 0.56605810
vn 0.03140005 -0.88765234 0.45944232
vn 0.03140005 -0.88765234 0.45944232
vn 0.03140005 -0.88765234 0.45944232
vn -0.02924657 -0.97394925 0.22487225
vn -0.02924657 -0.97394925 0.22487225
vn -0.02924657 -0.97394925 0.22487225
vn -0.03476735 -0.99738294 -0.06339217
vn -0.03476735 -0.99738294 -0.06339217
vn -0.03476735 -0.99738294 -0.06339217
vn 0.03905485 -0.95024985 -0.30903101
vn 0.03905485 -0.95024985 -0.30903101
vn 0.03905485 -0.95024985 -0.30903101
vn 0.16791466 -0.82174373 -0.54455650
vn 0.16791466 -0.82174373 -0.54455650
vn 0.16791466 -0.82174373 -0.54455650
vn 0.34300655 0.74405658 -0.57334656
vn 0.34300655 0.74405658 -0.57334656
vn 0.34300655 0.74405658 -0.57334656
vn 0.31861582 0.88660932 -0.33527291
vn 0.31861582 0.88660932 -0.33527291
vn 0.31861582 0.88660932 -0.33527291
vn 0.22556277 0.97157890 -0.07180484
vn 0.22556277 0.97157890 -0.07180484
vn 0.22556277 0.97157890 -0.07180484
vn -0.10245308 0.96071702 0.25792643
vn -0.10245308 0.96071702 0.25792643
vn -0.10245308 0.96071702 0.25792643
vn -0.54225761 0.69256651 0.47571880
vn -0.54225761 0.69256651 0.47571880
vn -0.54225761 0.69256651 0.47571880
vn -0.50021791 -0.80240726 0.32546061
vn -0.50021791 -0.80240726 0.32546061
vn -0.50021791 -0.80240726 0.32546061
vn -0.14465901 -0.97727722 0.15492904
vn -0.14465901 -0.97727722 0.15492904
vn -0.14465901 -0.97727722 0.15492904
vn 0.15813908 -0.98647791 -0.04305049
vn 0.15813908 -0.98647791 -0.04305049
vn 0.15813908 -0.98647791 -0.04305049
vn 0.27302757 -0.93888408 -0.20964880
vn 0.27302757 -0.93888408 -0.20964880
vn 0.27302757 -0.93888408 -0.20964880
vn 0.30425376 -0.86705375 -0.39452180
vn 0.30425376 -0.86705375 -0.39452180
vn 0.30425376 -0.86705375 -0.39452180
vn 0.31528306 0.83882487 -0.44381237
vn 0.31528306 0.83882487 -0.44381237
vn 0.31528306 0.83882487 -0.44381237
vn 0.25179297 0.92046434 -0.29890746
vn 0.25179297 0.92046434 -0.29890746
vn 0.25179297 0.92046434 -0.29890746
vn 0.21695611 0.97422129 -0.06182971
vn 0.21695611 0.97422129 -0.06182971
vn 0.21695611 0.97422129 -0.06182971
vn 0.29692289 0.93049240 0.21452422
vn 0.29692289 0.93049240 0.21452422
vn 0.29692289 0.93049240 0.21452422
vn 0.48255605 0.75440061 0.44499359
vn 0.48255605 0.75440061 0.44499359
vn 0.48255605 0.75440061 0.44499359
vn 0.13957117 -0.91760427 0.37218580
vn 0.13957117 -0.91760427 0.37218580
vn 0.13957117 -0.91760427 0.37218580
vn -0.09662628 -0.98304433 0.15584388
vn -0.09662628 -0.98304433 0.15584388
vn -0.09662628 -0.98304433 0.15584388
vn -0.21717043 -0.97520548 -0.04255856
vn -0.21717043 -0.97520548 -0.04255856
vn -0.21717043 -0.97520548 -0.04255856
vn -0.21711352 -0.94017106 -0.26256454
vn -0.21711352 -0.94017106 -0.26256454
vn -0.21711352 -0.94017106 -0.26256454
vn -0.10602497 -0.86422235 -0.49181145
vn -0.10602497 -0.86422235 -0.49181145
vn -0.10602497 -0.86422235 -0.49181145
vn 0.20333110 0.81652802 -0.54031330
vn 0.20333110 0.81652802 -0.54031330
vn 0.20333110 0.81652802 -0.54031330
vn 0.09567530 0.94674480 -0.30744192
vn 0.09567530 0.94674480 -0.30744192
vn 0.09567530 0.94674480 -0.30744192
vn -0.02570406 0.99766243 -0.06331737
vn -0.02570406 0.99766243 -0.06331737
vn -0.02570406 0.99766243 -0.06331737
vn -0.19129552 0.95644259 0.22050768
vn -0.19129552 0.95644259 0.22050768
vn -0.19129552 0.95644259 0.22050768
vn -0.36457813 0.80203706 0.47309536
vn -0.36457813 0.80203706 0.47309536
vn -0.36457813 0.80203706 0.47309536
vn -0.24818894 -0.87266552 0.42054379
vn -0.24818894 -0.87266552 0.42054379
vn -0.24818894 -0.87266552 0.42054379
vn -0.06743865 -0.98048270 0.18467796
vn -0.06743865 -0.98048270 0.18467796
vn -0.06743865 -0.98048270 0.18467796
vn 0.08757308 -0.99482173 -0.05158149
vn 0.08757308 -0.99482173 -0.05158149
vn 0.08757308 -0.99482173 -0.05158149
vn 0.19073974 -0.94881719 -0.25172257
vn 0.19073974 -0.94881719 -0.25172257
vn 0.19073974 -0.94881719 -0.25172257
vn 0.27465633 -0.84585035 -0.45727584
vn 0.27465633 -0.84585035 -0.45727584
vn 0.27465633 -0.84585035 -0.45727584
vn 0.42713457 0.76550400 -0.48120660
vn 0.42713457 0.76550400 -0.48120660
vn 0.42713457 0.76550400 -0.48120660
vn 0.21235973 0.93376935 -0.28805926
vn 0.21235973 0.93376935 -0.28805926
vn 0.21235973 0.93376935 -0.28805926
vn -0.02910036 0.99776477 -0.06015593
vn -0.02910036 0.99776477 -0.06015593
vn -0.02910036 0.99776477 -0.06015593
vn -0.24860540 0.94617748 0.20722823
vn -0.24860540 0.94617748 0.20722823
vn -0.24860540 0.94617748 0.20722823
vn -0.38086221 0.80662417 0.45199725
vn -0.38086221 0.80662417 0.45199725
vn -0.38086221 0.80662417 0.45199725
vn -0.38791156 -0.79717535 0.46264052
vn -0.38791156 -0.79717535 0.46264052
vn -0.38791156 -0.79717535 0.46264052
vn -0.27413958 -0.93786502 0.21273620
vn -0.27413958 -0.93786502 0.21273620
vn -0.27413958 -0.93786502 0.21273620
vn -0.11100214 -0.99188840 -0.06193535
vn -0.11100214 -0.99188840 -0.06193535
vn -0.11100214 -0.99188840 -0.06193535
vn 0.10035586 -0.94775420 -0.30280483
vn 0.10035586 -0.94775420 -0.30280483
vn 0.10035586 -0.94775420 -0.30280483
vn 0.33564344 -0.78942680 -0.51395404
vn 0.33564344 -0.78942680 -0.51395404
vn 0.33564344 -0.78942680 -0.51395404
vn 0.31104553 0.75775081 -0.57364136
vn 0.31104553 0.75775081 -0.57364136
vn 0.31104553 0.75775081 -0.57364136
vn 0.25774640 0.90572840 -0.33648616
vn 0.25774640 0.90572840 -0.33648616
vn 0.25774640 0.90572840 -0.33648616
vn 0.21897328 0.97316915 -0.07065842
vn 0.21897328 0.97316915 -0.07065842
vn 0.21897328 0.97316915 -0.07065842
vn 0.15557182 0.95515913 0.25192925
vn 0.15557182 0.95515913 0.25192925
vn 0.15557182 0.95515913 0.25192925
vn 0.07273008 0.82672048 0.55789208
vn 0.07273008 0.82672048 0.55789208
vn 0.07273008 0.82672048 0.55789208
vn 0.02592994 -0.90067661 0.43371570
vn 0.02592994 -0.90067661 0.43371570
vn 0.02592994 -0.90067661 0.43371570
vn 0.12317292 -0.97526175 0.18355663
vn 0.12317292 -0.97526175 0.18355663
vn 0.12317292 -0.97526175 0.18355663
vn 0.22009151 -0.97417253 -0.05047269
vn 0.22009151 -0.97417253 -0.05047269
vn 0.22009151 -0.97417253 -0.05047269
vn 0.27208585 -0.93014294 -0.24658328
vn 0.27208585 -0.93014294 -0.24658328
vn 0.27208585 -0.93014294 -0.24658328
vn 0.31449810 -0.83518684 -0.45116943
vn 0.31449810 -0.83518684 -0.45116943
vn 0.31449810 -0.83518684 -0.45116943
vn 0.47647187 0.74449688 -0.46765256
vn 0.47647187 0.74449688 -0.46765256
vn 0.47647187 0.74449688 -0.46765256
vn 0.28931767 0.91475761 -0.28198203
vn 0.28931767 0.91475761 -0.28198203
vn 0.28931767 0.91475761 -0.28198203
vn 0.04710943 0.99708188 -0.06006978
vn 0.04710943 0.99708188 -0.06006978
vn 0.04710943 0.99708188 -0.06006978
vn -0.24602008 0.94685453 0.20722091
vn -0.24602008 0.94685453 0.20722091
vn -0.24602008 0.94685453 0.20722091
vn -0.48660004 0.76226348 0.42681929
vn -0.48660004 0.76226348 0.42681929
vn -0.48660004 0.76226348 0.42681929
vn -0.53949898 -0.74672043 0.38903654
vn -0.53949898 -0.74672043 0.38903654
vn -0.53949898 -0.74672043 0.38903654
vn -0.34762302 -0.91877913 0.18709117
vn -0.34762302 -0.91877913 0.18709117
vn -0.34762302 -0.91877913 0.18709117
vn -0.11289935 -0.99204904 -0.05560952
vn -0.11289935 -0.99204904 -0.05560952
vn -0.11289935 -0.99204904 -0.05560952
vn 0.11482961 -0.95488423 -0.27388006
vn 0.11482961 -0.95488423 -0.27388006
vn 0.11482961 -0.95488423 -0.27388006
vn 0.33646637 -0.81301826 -0.47517532
vn 0.33646637 -0.81301826 -0.47517532
vn 0.33646637 -0.81301826 -0.47517532
vn 0.22321422 0.80621153 -0.54790378
vn 0.22321422 0.80621153 -0.54790378
vn 0.22321422 0.80621153 -0.54790378
vn 0.01909067 0.94845980 -0.31632218
vn 0.01909067 0.94845980 -0.31632218
vn 0.01909067 0.94845980 -0.31632218
vn -0.14981560 0.98662025 -0.06430882
vn -0.14981560 0.98662025 -0.06430882
vn -0.14981560 0.98662025 -0.06430882
vn -0.24031836 0.94457662 0.22365619
vn -0.24031836 0.94457662 0.22365619
vn -0.24031836 0.94457662 0.22365619
vn -0.21852502 0.78523928 0.57934970
vn -0.21852502 0.78523928 0.57934970
vn -0.21852502 0.78523928 0.57934970
vn 0.08835511 -0.84106827 0.53366423
vn 0.08835511 -0.84106827 0.53366423
vn 0.08835511 -0.84106827 0.53366423
vn 0.07604532 -0.96778733 0.24000975
vn 0.07604532 -0.96778733 0.24000975
vn 0.07604532 -0.96778733 0.24000975
vn 0.12025912 -0.99043715 -0.06761617
vn 0.12025912 -0.99043715 -0.06761617
vn 0.12025912 -0.99043715 -0.06761617
vn 0.23566540 -0.91747016 -0.32048428
vn 0.23566540 -0.91747016 -0.32048428
vn 0.23566540 -0.91747016 -0.32048428
vn 0.38333535 -0.75245476 -0.53559870
vn 0.38333535 -0.75245476 -0.53559870
vn 0.38333535 -0.75245476 -0.53559870
vn 0.59040540 0.62176448 -0.51461685
vn 0.59040540 0.62176448 -0.51461685
vn 0.59040540 0.62176448 -0.51461685
vn 0.50876892 0.79761803 -0.32397470
vn 0.50876892 0.79761803 -0.32397470
vn 0.50876892 0.79761803 -0.32397470
vn 0.34055385 0.93727642 -0.07440381
vn 0.34055385 0.93727642 -0.07440381
vn 0.34055385 0.93727642 -0.07440381
vn -0.08583073 0.95730126 0.27605674
vn -0.08583073 0.95730126 0.27605674
vn -0.08583073 0.95730126 0.27605674
vn -0.55855423 0.66746205 0.49245462
vn -0.55855423 0.66746205 0.49245462
vn -0.55855423 0.66746205 0.49245462
vn -0.61268342 -0.72010380 0.32568330
vn -0.61268342 -0.72010380 0.32568330
vn -0.61268342 -0.72010380 0.32568330
vn -0.31137660 -0.93577844 0.16541860
vn -0.31137660 -0.93577844 0.16541860
vn -0.31137660 -0.93577844 0.16541860
vn 0.03084616 -0.99834281 -0.04858113
vn 0.03084616 -0.99834281 -0.04858113
vn 0.03084616 -0.99834281 -0.04858113
vn 0.22983314 -0.94439638 -0.23514317
vn 0.22983314 -0.94439638 -0.23514317
vn 0.22983314 -0.94439638 -0.23514317
vn 0.36154255 -0.83145940 -0.42185578
vn 0.36154255 -0.83145940 -0.42185578
vn 0.36154255 -0.83145940 -0.42185578
vn 0.36075529 0.80328465 -0.47390872
vn 0.36075529 0.80328465 -0.47390872
vn 0.36075529 0.80328465 -0.47390872
vn 0.17314239 0.94604468 -0.27389967
vn 0.17314239 0.94604468 -0.27389967
vn 0.17314239 0.94604468 -0.27389967
vn 0.02297574 0.99813944 -0.05647810
vn 0.02297574 0.99813944 -0.05647810
vn 0.02297574 0.99813944 -0.05647810
vn -0.03029081 0.96187282 0.27181450
vn -0.03029081 0.96187282 0.27181450
vn -0.03029081 0.96187282 0.27181450
vn 0.10610826 0.80580246 0.58260047
vn 0.10610826 0.80580246 0.58260047
vn 0.10610826 0.80580246 0.58260047
vn 0.12308674 -0.90421611 0.40895346
vn 0.12308674 -0.90421611 0.40895346
vn 0.12308674 -0.90421611 0.40895346
vn -0.00648479 -0.98471206 0.17406958
vn -0.00648479 -0.98471206 0.17406958
vn -0.00648479 -0.98471206 0.17406958
vn -0.03718777 -0.99707955 -0.06670467
vn -0.03718777 -0.99707955 -0.06670467
vn -0.03718777 -0.99707955 -0.06670467
vn 0.08173857 -0.94293922 -0.32277608
vn 0.08173857 -0.94293922 -0.32277608
vn 0.08173857 -0.94293922 -0.32277608
vn 0.29692620 -0.78319323 -0.54629958
vn 0.29692620 -0.78319323 -0.54629958
vn 0.29692620 -0.78319323 -0.54629958
vn 0.52943081 0.65887606 -0.53440195
vn 0.52943081 0.65887606 -0.53440195
vn 0.52943081 0.65887606 -0.53440195
vn 0.33410770 0.87571424 -0.34856364
vn 0.33410770 0.87571424 -0.34856364
vn 0.33410770 0.87571424 -0.34856364
vn 0.05272256 0.99560142 -0.07744881
vn 0.05272256 0.99560142 -0.07744881
vn 0.05272256 0.99560142 -0.07744881
vn -0.29898790 0.91829526 0.25949949
vn -0.29898790 0.91829526 0.25949949
vn -0.29898790 0.91829526 0.25949949
vn -0.54404271 0.67995244 0.49161190
vn -0.54404271 0.67995244 0.49161190
vn -0.54404271 0.67995244 0.49161190
vn -0.46022302 -0.75959289 0.45957953
vn -0.46022302 -0.75959289 0.45957953
vn -0.46022302 -0.75959289 0.45957953
vn -0.19552198 -0.95437688 0.22569002
vn -0.19552198 -0.95437688 0.22569002
vn -0.19552198 -0.95437688 0.22569002
vn 0.11795238 -0.99092180 -0.06450710
vn 0.11795238 -0.99092180 -0.06450710
vn 0.11795238 -0.99092180 -0.06450710
vn 0.35365015 -0.88744247 -0.29559666
vn 0.35365015 -0.88744247 -0.29559666
vn 0.35365015 -0.88744247 -0.29559666
vn 0.52874118 -0.70229375 -0.47667199
vn 0.52874118 -0.70229375 -0.47667199
vn 0.52874118 -0.70229375 -0.47667199
vn 0.50116587 0.67927980 -0.53610796
vn 0.50116587 0.67927980 -0.53610796
vn 0.50116587 0.67927980 -0.53610796
vn 0.37770796 0.86342573 -0.33441374
vn 0.37770796 0.86342573 -0.33441374
vn 0.37770796 0.86342573 -0.33441374
vn 0.21388948 0.97407132 -0.07373237
vn 0.21388948 0.97407132 -0.07373237
vn 0.21388948 0.97407132 -0.07373237
vn -0.02705087 0.96385854 0.26503745
vn -0.02705087 0.96385854 0.26503745
vn -0.02705087 0.96385854 0.26503745
vn -0.26525310 0.78857625 0.55478674
vn -0.26525310 0.78857625 0.55478674
vn -0.26525310 0.78857625 0.55478674
vn -0.33870357 -0.82670969 0.44925609
vn -0.33870357 -0.82670969 0.44925609
vn -0.33870357 -0.82670969 0.44925609
vn -0.14903188 -0.96725494 0.20544431
vn -0.14903188 -0.96725494 0.20544431
vn -0.14903188 -0.96725494 0.20544431
vn 0.06260893 -0.99633646 -0.05825510
vn 0.06260893 -0.99633646 -0.05825510
vn 0.06260893 -0.99633646 -0.05825510
vn 0.22819550 -0.93276685 -0.27905685
vn 0.22819550 -0.93276685 -0.27905685
vn 0.22819550 -0.93276685 -0.27905685
vn 0.37735176 -0.79072064 -0.48204398
vn 0.37735176 -0.79072064 -0.48204398
vn 0.37735176 -0.79072064 -0.48204398
vn 0.53903079 0.68715280 -0.48710036
vn 0.53903079 0.68715280 -0.48710036
vn 0.53903079 0.68715280 -0.48710036
vn 0.36917424 0.87776506 -0.30535048
vn 0.36917424 0.87776506 -0.30535048
vn 0.36917424 0.87776506 -0.30535048
vn 0.16809876 0.98349977 -0.06686538
vn 0.16809876 0.98349977 -0.06686538
vn 0.16809876 0.98349977 -0.06686538
vn -0.05510284 0.96935427 0.23940770
vn -0.05510284 0.96935427 0.23940770
vn -0.05510284 0.96935427 0.23940770
vn -0.22000344 0.82465696 0.52109432
vn -0.22000344 0.82465696 0.52109432
vn -0.22000344 0.82465696 0.52109432
vn -0.25468865 -0.84093356 0.47745618
vn -0.25468865 -0.84093356 0.47745618
vn -0.25468865 -0.84093356 0.47745618
vn -0.11693713 -0.96955293 0.21515730
vn -0.11693713 -0.96955293 0.21515730
vn -0.11693713 -0.96955293 0.21515730
vn 0.07421764 -0.99538654 -0.06080654
vn 0.07421764 -0.99538654 -0.06080654
vn 0.07421764 -0.99538654 -0.06080654
vn 0.27002367 -0.91900581 -0.28725517
vn 0.27002367 -0.91900581 -0.28725517
vn 0.27002367 -0.91900581 -0.28725517
vn 0.46365610 -0.74730361 -0.47598362
vn 0.46365610 -0.74730361 -0.47598362
vn 0.46365610 -0.74730361 -0.47598362
vn 0.46286264 0.71233761 -0.52757305
vn 0.46286264 0.71233761 -0.52757305
vn 0.46286264 0.71233761 -0.52757305
vn 0.30421555 0.89530200 -0.32540321
vn 0.30421555 0.89530200 -0.32540321
vn 0.30421555 0.89530200 -0.32540321
vn 0.10163879 0.99232101 -0.07048771
vn 0.10163879 0.99232101 -0.07048771
vn 0.10163879 0.99232101 -0.07048771
vn -0.17504564 0.95333332 0.24599703
vn -0.17504564 0.95333332 0.24599703
vn -0.17504564 0.95333332 0.24599703
vn -0.42319816 0.75611883 0.49918693
vn -0.42319816 0.75611883 0.49918693
vn -0.42319816 0.75611883 0.49918693
vn -0.34600911 -0.84168518 0.41454053
vn -0.34600911 -0.84168518 0.41454053
vn -0.34600911 -0.84168518 0.41454053
vn -0.11190049 -0.97580415 0.18784158
vn -0.11190049 -0.97580415 0.18784158
vn -0.11190049 -0.97580415 0.18784158
vn 0.12149050 -0.99120188 -0.05252482
vn 0.12149050 -0.99120188 -0.05252482
vn 0.12149050 -0.99120188 -0.05252482
vn 0.28881463 -0.92402160 -0.25053948
vn 0.28881463 -0.92402160 -0.25053948
vn 0.28881463 -0.92402160 -0.25053948
vn 0.43044597 -0.79004872 -0.43650806
vn 0.43044597 -0.79004872 -0.43650806
vn 0.43044597 -0.79004872 -0.43650806
vn 0.53141332 0.71270436 -0.45787826
vn 0.53141332 0.71270436 -0.45787826
vn 0.53141332 0.71270436 -0.45787826
vn 0.31587940 0.90489101 -0.28529358
vn 0.31587940 0.90489101 -0.28529358
vn 0.31587940 0.90489101 -0.28529358
vn 0.06866406 0.99575138 -0.06135569
vn 0.06866406 0.99575138 -0.06135569
vn 0.06866406 0.99575138 -0.06135569
vn -0.15632300 0.96385550 0.21574485
vn -0.15632300 0.96385550 0.21574485
vn -0.15632300 0.96385550 0.21574485
vn -0.27754912 0.83367836 0.47743779
vn -0.27754912 0.83367836 0.47743779
vn -0.27754912 0.83367836 0.47743779
vn -0.30663851 -0.78468370 0.53874326
vn -0.30663851 -0.78468370 0.53874326
vn -0.30663851 -0.78468370 0.53874326
vn -0.20428626 -0.94546145 0.25371182
vn -0.20428626 -0.94546145 0.25371182
vn -0.20428626 -0.94546145 0.25371182
vn -0.00252639 -0.99727947 -0.07366949
vn -0.00252639 -0.99727947 -0.07366949
vn -0.00252639 -0.99727947 -0.07366949
vn 0.26102120 -0.90298337 -0.34130469
vn 0.26102120 -0.90298337 -0.34130469
vn 0.26102120 -0.90298337 -0.34130469
vn 0.50983649 -0.68154979 -0.52493489
vn 0.50983649 -0.68154979 -0.52493489
vn 0.50983649 -0.68154979 -0.52493489
vn 0.61775112 0.58578908 -0.52462804
vn 0.61775112 0.58578908 -0.52462804
vn 0.61775112 0.58578908 -0.52462804
vn 0.48505598 0.80057389 -0.35185531
vn 0.48505598 0.80057389 -0.35185531
vn 0.48505598 0.80057389 -0.35185531
vn 0.25868160 0.96241874 -0.08266815
vn 0.25868160 0.96241874 -0.08266815
vn 0.25868160 0.96241874 -0.08266815
vn -0.14341344 0.94473910 0.29478881
vn -0.14341344 0.94473910 0.29478881
vn -0.14341344 0.94473910 0.29478881
vn -0.49255708 0.68012428 0.54297203
vn -0.49255708 0.68012428 0.54297203
vn -0.49255708 0.68012428 0.54297203
vn -0.39801273 -0.84197617 0.36422789
vn -0.39801273 -0.84197617 0.36422789
vn -0.39801273 -0.84197617 0.36422789
vn -0.10682023 -0.98036420 0.16575752
vn -0.10682023 -0.98036420 0.16575752
vn -0.10682023 -0.98036420 0.16575752
vn 0.17358446 -0.98375404 -0.04578690
vn 0.17358446 -0.98375404 -0.04578690
vn 0.17358446 -0.98375404 -0.04578690
vn 0.34509796 -0.91303188 -0.21744037
vn 0.34509796 -0.91303188 -0.21744037
vn 0.34509796 -0.91303188 -0.21744037
vn 0.47890866 -0.78978026 -0.38326710
vn 0.47890866 -0.78978026 -0.38326710
vn 0.47890866 -0.78978026 -0.38326710
vn 0.52071977 0.74352032 -0.41955748
vn 0.52071977 0.74352032 -0.41955748
vn 0.52071977 0.74352032 -0.41955748
vn 0.32590088 0.91111499 -0.25230554
vn 0.32590088 0.91111499 -0.25230554
vn 0.32590088 0.91111499 -0.25230554
vn 0.12834865 0.99027991 -0.05359456
vn 0.12834865 0.99027991 -0.05359456
vn 0.12834865 0.99027991 -0.05359456
vn -0.04332167 0.98029554 0.19272757
vn -0.04332167 0.98029554 0.19272757
vn -0.04332167 0.98029554 0.19272757
vn -0.13113339 0.88563460 0.44548330
vn -0.13113339 0.88563460 0.44548330
vn -0.13113339 0.88563460 0.44548330
vn -0.19403282 -0.80559611 0.55979115
vn -0.19403282 -0.80559611 0.55979115
vn -0.19403282 -0.80559611 0.55979115
vn -0.13225588 -0.95656329 0.25979823
vn -0.13225588 -0.95656329 0.25979823
vn -0.13225588 -0.95656329 0.25979823
vn 0.04264131 -0.99630976 -0.07448841
vn 0.04264131 -0.99630976 -0.07448841
vn 0.04264131 -0.99630976 -0.07448841
vn 0.29230368 -0.89319968 -0.34169137
vn 0.29230368 -0.89319968 -0.34169137
vn 0.29230368 -0.89319968 -0.34169137
vn 0.53358537 -0.66702735 -0.51996273
vn 0.53358537 -0.66702735 -0.51996273
vn 0.53358537 -0.66702735 -0.51996273
vn 0.63858521 0.57018030 -0.51682049
vn 0.63858521 0.57018030 -0.51682049
vn 0.63858521 0.57018030 -0.51682049
vn 0.49493900 0.79392469 -0.35315579
vn 0.49493900 0.79392469 -0.35315579
vn 0.49493900 0.79392469 -0.35315579
vn 0.29111847 0.95309222 -0.08285622
vn 0.29111847 0.95309222 -0.08285622
vn 0.29111847 0.95309222 -0.08285622
vn 0.03995582 0.95281720 0.30090335
vn 0.03995582 0.95281720 0.30090335
vn 0.03995582 0.95281720 0.30090335
vn -0.12368781 0.77185380 0.62365299
vn -0.12368781 0.77185380 0.62365299
vn -0.12368781 0.77185380 0.62365299
vn -0.17607862 -0.80837572 0.56171608
vn -0.17607862 -0.80837572 0.56171608
vn -0.17607862 -0.80837572 0.56171608
vn -0.04236722 -0.96417487 0.26186225
vn -0.04236722 -0.96417487 0.26186225
vn -0.04236722 -0.96417487 0.26186225
vn 0.17922068 -0.98107094 -0.07334712
vn 0.17922068 -0.98107094 -0.07334712
vn 0.17922068 -0.98107094 -0.07334712
vn 0.39193326 -0.85926598 -0.32871014
vn 0.39193326 -0.85926598 -0.32871014
vn 0.39193326 -0.85926598 -0.32871014
vn 0.57155812 -0.64716649 -0.50447679
vn 0.57155812 -0.64716649 -0.50447679
vn 0.57155812 -0.64716649 -0.50447679
vn -0.61002761 0.58266592 -0.53699785
vn -0.61002761 0.58266592 -0.53699785
vn -0.61002761 0.58266592 -0.53699785
vn -0.43104827 0.82214940 -0.37184387
vn -0.43104827 0.82214940 -0.37184387
vn -0.43104827 0.82214940 -0.37184387
vn -0.18080793 0.97969824 -0.08660179
vn -0.18080793 0.97969824 -0.08660179
vn -0.18080793 0.97969824 -0.08660179
vn 0.08881526 0.94835645 0.30451897
vn 0.08881526 0.94835645 0.30451897
vn 0.08881526 0.94835645 0.30451897
vn 0.24760093 0.74862272 0.61502671
vn 0.24760093 0.74862272 0.61502671
vn 0.24760093 0.74862272 0.61502671
vn 0.25125393 -0.83739012 0.48543715
vn 0.25125393 -0.83739012 0.48543715
vn 0.25125393 -0.83739012 0.48543715
vn 0.11220944 -0.96912009 0.21957999
vn 0.11220944 -0.96912009 0.21957999
vn 0.11220944 -0.96912009 0.21957999
vn -0.10031807 -0.99302578 -0.06193678
vn -0.10031807 -0.99302578 -0.06193678
vn -0.10031807 -0.99302578 -0.06193678
vn -0.31564635 -0.90395862 -0.28848955
vn -0.31564635 -0.90395862 -0.28848955
vn -0.31564635 -0.90395862 -0.28848955
vn -0.51418889 -0.71900803 -0.46758661
vn -0.51418889 -0.71900803 -0.46758661
vn -0.51418889 -0.71900803 -0.46758661
vn -0.55173433 0.66523641 -0.50304037
vn -0.55173433 0.66523641 -0.50304037
vn -0.55173433 0.66523641 -0.50304037
vn -0.36641264 0.87232554 -0.32371244
vn -0.36641264 0.87232554 -0.32371244
vn -0.36641264 0.87232554 -0.32371244
vn -0.12248715 0.98987007 -0.07179149
vn -0.12248715 0.98987007 -0.07179149
vn -0.12248715 0.98987007 -0.07179149
vn 0.16847084 0.95318055 0.25112617
vn 0.16847084 0.95318055 0.25112617
vn 0.16847084 0.95318055 0.25112617
vn 0.38964188 0.76367015 0.51476896
vn 0.38964188 0.76367015 0.51476896
vn 0.38964188 0.76367015 0.51476896
vn 0.37811854 -0.81120026 0.44607222
vn 0.37811854 -0.81120026 0.44607222
vn 0.37811854 -0.81120026 0.44607222
vn 0.18243475 -0.96126670 0.20660064
vn 0.18243475 -0.96126670 0.20660064
vn 0.18243475 -0.96126670 0.20660064
vn -0.06196163 -0.99633634 -0.05894773
vn -0.06196163 -0.99633634 -0.05894773
vn -0.06196163 -0.99633634 -0.05894773
vn -0.28260216 -0.91808993 -0.27793321
vn -0.28260216 -0.91808993 -0.27793321
vn -0.28260216 -0.91808993 -0.27793321
vn -0.47967771 -0.74678552 -0.46067405
vn -0.47967771 -0.74678552 -0.46067405
vn -0.47967771 -0.74678552 -0.46067405
vn -0.57570904 0.66440505 -0.47657633
vn -0.57570904 0.66440505 -0.47657633
vn -0.57570904 0.66440505 -0.47657633
vn -0.40416303 0.86279297 -0.30371112
vn -0.40416303 0.86279297 -0.30371112
vn -0.40416303 0.86279297 -0.30371112
vn -0.20697357 0.97603953 -0.06714795
vn -0.20697357 0.97603953 -0.06714795
vn -0.20697357 0.97603953 -0.06714795
vn 0.00006322 0.97016251 0.24245563
vn 0.00006322 0.97016251 0.24245563
vn 0.00006322 0.97016251 0.24245563
vn 0.14121838 0.83405519 0.53330046
vn 0.14121838 0.83405519 0.53330046
vn 0.14121838 0.83405519 0.53330046
vn 0.17703266 -0.86894244 0.46216714
vn 0.17703266 -0.86894244 0.46216714
vn 0.17703266 -0.86894244 0.46216714
vn 0.05690376 -0.97748172 0.20320261
vn 0.05690376 -0.97748172 0.20320261
vn 0.05690376 -0.97748172 0.20320261
vn -0.12295800 -0.99079084 -0.05669878
vn -0.12295800 -0.99079084 -0.05669878
vn -0.12295800 -0.99079084 -0.05669878
vn -0.31010208 -0.91239429 -0.26715797
vn -0.31010208 -0.91239429 -0.26715797
vn -0.31010208 -0.91239429 -0.26715797
vn -0.49888822 -0.74425280 -0.44407007
vn -0.49888822 -0.74425280 -0.44407007
vn -0.49888822 -0.74425280 -0.44407007
vn -0.59530842 0.66016787 -0.45802405
vn -0.59530842 0.66016787 -0.45802405
vn -0.59530842 0.66016787 -0.45802405
vn -0.47529656 0.83287346 -0.28357533
vn -0.47529656 0.83287346 -0.28357533
vn -0.47529656 0.83287346 -0.28357533
vn -0.26441950 0.96227974 -0.06403240
vn -0.26441950 0.96227974 -0.06403240
vn -0.26441950 0.96227974 -0.06403240
vn 0.13084157 0.96364933 0.23293877
vn 0.13084157 0.96364933 0.23293877
vn 0.13084157 0.96364933 0.23293877
vn 0.50120413 0.73595220 0.45515788
vn 0.50120413 0.73595220 0.45515788
vn 0.50120413 0.73595220 0.45515788
vn 0.60375535 -0.65792412 0.45012796
vn 0.60375535 -0.65792412 0.45012796
vn 0.60375535 -0.65792412 0.45012796
vn 0.32557523 -0.91342217 0.24425517
vn 0.32557523 -0.91342217 0.24425517
vn 0.32557523 -0.91342217 0.24425517
vn -0.03534906 -0.99667835 -0.07336719
vn -0.03534906 -0.99667835 -0.07336719
vn -0.03534906 -0.99667835 -0.07336719
vn -0.29467145 -0.89426869 -0.33682662
vn -0.29467145 -0.89426869 -0.33682662
vn -0.29467145 -0.89426869 -0.33682662
vn -0.48213714 -0.69499391 -0.53341097
vn -0.48213714 -0.69499391 -0.53341097
vn -0.48213714 -0.69499391 -0.53341097
vn -0.45398173 0.66477370 -0.59327596
vn -0.45398173 0.66477370 -0.59327596
vn -0.45398173 0.66477370 -0.59327596
vn -0.22652800 0.89218909 -0.39074749
vn -0.22652800 0.89218909 -0.39074749
vn -0.22652800 0.89218909 -0.39074749
vn 0.01387512 0.99626076 -0.08527497
vn 0.01387512 0.99626076 -0.08527497
vn 0.01387512 0.99626076 -0.08527497
vn 0.18778080 0.93791693 0.29163373
vn 0.18778080 0.93791693 0.29163373
vn 0.18778080 0.93791693 0.29163373
vn 0.25740209 0.75619978 0.60158634
vn 0.25740209 0.75619978 0.60158634
vn 0.25740209 0.75619978 0.60158634
vn 0.18640272 -0.86120385 0.47284463
vn 0.18640272 -0.86120385 0.47284463
vn 0.18640272 -0.86120385 0.47284463
vn 0.09549955 -0.97327137 0.20886046
vn 0.09549955 -0.97327137 0.20886046
vn 0.09549955 -0.97327137 0.20886046
vn -0.07327072 -0.99557644 -0.05881264
vn -0.07327072 -0.99557644 -0.05881264
vn -0.07327072 -0.99557644 -0.05881264
vn -0.26532507 -0.92291939 -0.27896672
vn -0.26532507 -0.92291939 -0.27896672
vn -0.26532507 -0.92291939 -0.27896672
vn -0.45092568 -0.75997198 -0.46809042
vn -0.45092568 -0.75997198 -0.46809042
vn -0.45092568 -0.75997198 -0.46809042
vn -0.55772954 0.67480510 -0.48329675
vn -0.55772954 0.67480510 -0.48329675
vn -0.55772954 0.67480510 -0.48329675
vn -0.41252407 0.85940969 -0.30205768
vn -0.41252407 0.85940969 -0.30205768
vn -0.41252407 0.85940969 -0.30205768
vn -0.22427171 0.97223568 -0.06678417
vn -0.22427171 0.97223568 -0.06678417
vn -0.22427171 0.97223568 -0.06678417
vn 0.02180761 0.97001863 0.24205014
vn 0.02180761 0.97001863 0.24205014
vn 0.02180761 0.97001863 0.24205014
vn 0.24333468 0.81753683 0.52194023
vn 0.24333468 0.81753683 0.52194023
vn 0.24333468 0.81753683 0.52194023
vn 0.38609815 -0.80904442 0.44314271
vn 0.38609815 -0.80904442 0.44314271
vn 0.38609815 -0.80904442 0.44314271
vn 0.22920014 -0.95181185 0.20376804
vn 0.22920014 -0.95181185 0.20376804
vn 0.22920014 -0.95181185 0.20376804
vn 0.02300047 -0.99800390 -0.05881530
vn 0.02300047 -0.99800390 -0.05881530
vn 0.02300047 -0.99800390 -0.05881530
vn -0.18005818 -0.94177043 -0.28398523
vn -0.18005818 -0.94177043 -0.28398523
vn -0.18005818 -0.94177043 -0.28398523
vn -0.38426551 -0.78659439 -0.48333150
vn -0.38426551 -0.78659439 -0.48333150
vn -0.38426551 -0.78659439 -0.48333150
vn -0.46775326 0.71915615 -0.51383018
vn -0.46775326 0.71915615 -0.51383018
vn -0.46775326 0.71915615 -0.51383018
vn -0.30344632 0.89917678 -0.31528011
vn -0.30344632 0.89917678 -0.31528011
vn -0.30344632 0.89917678 -0.31528011
vn -0.06156243 0.99576795 -0.06823687
vn -0.06156243 0.99576795 -0.06823687
vn -0.06156243 0.99576795 -0.06823687
vn 0.29473177 0.92728072 0.23083274
vn 0.29473177 0.92728072 0.23083274
vn 0.29473177 0.92728072 0.23083274
vn 0.56582600 0.69544911 0.44293490
vn 0.56582600 0.69544911 0.44293490
vn 0.56582600 0.69544911 0.44293490
vn 0.41095060 -0.75791591 0.50663894
vn 0.41095060 -0.75791591 0.50663894
vn 0.41095060 -0.75791591 0.50663894
vn 0.06068540 -0.96573943 0.25231862
vn 0.06068540 -0.96573943 0.25231862
vn 0.06068540 -0.96573943 0.25231862
vn -0.26459360 -0.96187550 -0.06917942
vn -0.26459360 -0.96187550 -0.06917942
vn -0.26459360 -0.96187550 -0.06917942
vn -0.44679746 -0.83958852 -0.30897120
vn -0.44679746 -0.83958852 -0.30897120
vn -0.44679746 -0.83958852 -0.30897120
vn -0.56630242 -0.65939206 -0.49447313
vn -0.56630242 -0.65939206 -0.49447313
vn -0.56630242 -0.65939206 -0.49447313
vn -0.51454878 0.64627522 -0.56353158
vn -0.51454878 0.64627522 -0.56353158
vn -0.51454878 0.64627522 -0.56353158
vn -0.35884383 0.85813272 -0.36720484
vn -0.35884383 0.85813272 -0.36720484
vn -0.35884383 0.85813272 -0.36720484
vn -0.19421640 0.97754622 -0.08175275
vn -0.19421640 0.97754622 -0.08175275
vn -0.19421640 0.97754622 -0.08175275
vn -0.07555974 0.95408434 0.28985178
vn -0.07555974 0.95408434 0.28985178
vn -0.07555974 0.95408434 0.28985178
vn -0.02867636 0.78921741 0.61344391
vn -0.02867636 0.78921741 0.61344391
vn -0.02867636 0.78921741 0.61344391
vn 0.25248346 -0.84296793 0.47503382
vn 0.25248346 -0.84296793 0.47503382
vn 0.25248346 -0.84296793 0.47503382
vn 0.23187600 -0.94997549 0.20923676
vn 0.23187600 -0.94997549 0.20923676
vn 0.23187600 -0.94997549 0.20923676
vn 0.11159430 -0.99193227 -0.06014243
vn 0.11159430 -0.99193227 -0.06014243
vn 0.11159430 -0.99193227 -0.06014243
vn -0.07181664 -0.95262790 -0.29553750
vn -0.07181664 -0.95262790 -0.29553750
vn -0.07181664 -0.95262790 -0.29553750
vn -0.28928491 -0.80912310 -0.51150167
vn -0.28928491 -0.80912310 -0.51150167
vn -0.28928491 -0.80912310 -0.51150167
vn -0.37039351 0.74842513 -0.55015308
vn -0.37039351 0.74842513 -0.55015308
vn -0.37039351 0.74842513 -0.55015308
vn -0.10333424 0.93563062 -0.33751637
vn -0.10333424 0.93563062 -0.33751637
vn -0.10333424 0.93563062 -0.33751637
vn 0.17186600 0.98268116 -0.06928070
vn 0.17186600 0.98268116 -0.06928070
vn 0.17186600 0.98268116 -0.06928070
vn 0.40688294 0.88491946 0.22663590
vn 0.40688294 0.88491946 0.22663590
vn 0.40688294 0.88491946 0.22663590
vn 0.55939209 0.69331759 0.45430285
vn 0.55939209 0.69331759 0.45430285
vn 0.55939209 0.69331759 0.45430285
vn 0.37153843 -0.83684975 0.40204680
vn 0.37153843 -0.83684975 0.40204680
vn 0.37153843 -0.83684975 0.40204680
vn 0.17146927 -0.96826667 0.18181828
vn 0.17146927 -0.96826667 0.18181828
vn 0.17146927 -0.96826667 0.18181828
vn -0.06785071 -0.99636513 -0.05150335
vn -0.06785071 -0.99636513 -0.05150335
vn -0.06785071 -0.99636513 -0.05150335
vn -0.28393370 -0.92696929 -0.24517271
vn -0.28393370 -0.92696929 -0.24517271
vn -0.28393370 -0.92696929 -0.24517271
vn -0.46872431 -0.77759898 -0.41909108
vn -0.46872431 -0.77759898 -0.41909108
vn -0.46872431 -0.77759898 -0.41909108
vn -0.44166067 0.76023066 -0.47642979
vn -0.44166067 0.76023066 -0.47642979
vn -0.44166067 0.76023066 -0.47642979
vn -0.32936540 0.90248621 -0.27755553
vn -0.32936540 0.90248621 -0.27755553
vn -0.32936540 0.90248621 -0.27755553
vn -0.24682958 0.96731323 -0.05814119
vn -0.24682958 0.96731323 -0.05814119
vn -0.24682958 0.96731323 -0.05814119
vn -0.20853771 0.95550299 0.20862928
vn -0.20853771 0.95550299 0.20862928
vn -0.20853771 0.95550299 0.20862928
vn -0.22630791 0.85854590 0.46009094
vn -0.22630791 0.85854590 0.46009094
vn -0.22630791 0.85854590 0.46009094
vn 0.00257920 -0.90136826 0.43304551
vn 0.00257920 -0.90136826 0.43304551
vn 0.00257920 -0.90136826 0.43304551
vn 0.03872910 -0.98342222 0.17714573
vn 0.03872910 -0.98342222 0.17714573
vn 0.03872910 -0.98342222 0.17714573
vn -0.00232350 -0.99877012 -0.04952551
vn -0.00232350 -0.99877012 -0.04952551
vn -0.00232350 -0.99877012 -0.04952551
vn -0.09519470 -0.96488607 -0.24481168
vn -0.09519470 -0.96488607 -0.24481168
vn -0.09519470 -0.96488607 -0.24481168
vn -0.23883574 -0.86259413 -0.44596961
vn -0.23883574 -0.86259413 -0.44596961
vn -0.23883574 -0.86259413 -0.44596961
vn -0.35958499 0.79972202 -0.48077378
vn -0.35958499 0.79972202 -0.48077378
vn -0.35958499 0.79972202 -0.48077378
vn -0.28443751 0.91951281 -0.27127776
vn -0.28443751 0.91951281 -0.27127776
vn -0.28443751 0.91951281 -0.27127776
vn -0.13697968 0.98893130 -0.05702060
vn -0.13697968 0.98893130 -0.05702060
vn -0.13697968 0.98893130 -0.05702060
vn 0.15613943 0.96675622 0.20249170
vn 0.15613943 0.96675622 0.20249170
vn 0.15613943 0.96675622 0.20249170
vn 0.47645003 0.77494055 0.41528624
vn 0.47645003 0.77494055 0.41528624
vn 0.47645003 0.77494055 0.41528624
vn 0.54042882 -0.73766422 0.40470755
vn 0.54042882 -0.73766422 0.40470755
vn 0.54042882 -0.73766422 0.40470755
vn 0.27906942 -0.93892664 0.20133816
vn 0.27906942 -0.93892664 0.20133816
vn 0.27906942 -0.93892664 0.20133816
vn 0.04438263 -0.99727863 -0.05886905
vn 0.04438263 -0.99727863 -0.05886905
vn 0.04438263 -0.99727863 -0.05886905
vn -0.09049109 -0.95336026 -0.28795066
vn -0.09049109 -0.95336026 -0.28795066
vn -0.09049109 -0.95336026 -0.28795066
vn -0.19050466 -0.83602965 -0.51455063
vn -0.19050466 -0.83602965 -0.51455063
vn -0.19050466 -0.83602965 -0.51455063
vn -0.37653449 0.75335485 -0.53914583
vn -0.37653449 0.75335485 -0.53914583
vn -0.37653449 0.75335485 -0.53914583
vn -0.14428909 0.93362969 -0.32789660
vn -0.14428909 0.93362969 -0.32789660
vn -0.14428909 0.93362969 -0.32789660
vn 0.04952275 0.99642855 -0.06839392
vn 0.04952275 0.99642855 -0.06839392
vn 0.04952275 0.99642855 -0.06839392
vn 0.15336908 0.95881277 0.23907286
vn 0.15336908 0.95881277 0.23907286
vn 0.15336908 0.95881277 0.23907286
vn 0.18009378 0.82927114 0.52903253
vn 0.18009378 0.82927114 0.52903253
vn 0.18009378 0.82927114 0.52903253
vn 0.19554991 -0.90000355 0.38955599
vn 0.19554991 -0.90000355 0.38955599
vn 0.19554991 -0.90000355 0.38955599
vn 0.15165202 -0.97458583 0.16487600
vn 0.15165202 -0.97458583 0.16487600
vn 0.15165202 -0.97458583 0.16487600
vn 0.02600517 -0.99857944 -0.04650452
vn 0.02600517 -0.99857944 -0.04650452
vn 0.02600517 -0.99857944 -0.04650452
vn -0.14721976 -0.96216458 -0.22927235
vn -0.14721976 -0.96216458 -0.22927235
vn -0.14721976 -0.96216458 -0.22927235
vn -0.34210682 -0.84528285 -0.41043848
vn -0.34210682 -0.84528285 -0.41043848
vn -0.34210682 -0.84528285 -0.41043848
vn -0.09253447 0.86705327 -0.48954660
vn -0.09253447 0.86705327 -0.48954660
vn -0.09253447 0.86705327 -0.48954660
vn -0.00981244 0.96364492 -0.26700589
vn -0.00981244 0.96364492 -0.26700589
vn -0.00981244 0.96364492 -0.26700589
vn 0.05114479 0.99723011 -0.05400182
vn 0.05114479 0.99723011 -0.05400182
vn 0.05114479 0.99723011 -0.05400182
vn 0.09637135 0.97662848 0.19211811
vn 0.09637135 0.97662848 0.19211811
vn 0.09637135 0.97662848 0.19211811
vn 0.12074818 0.88670945 0.44628033
vn 0.12074818 0.88670945 0.44628033
vn 0.12074818 0.88670945 0.44628033
vn -0.01747581 -0.92116177 0.38878745
vn -0.01747581 -0.92116177 0.38878745
vn -0.01747581 -0.92116177 0.38878745
vn -0.05315621 -0.98527008 0.16253373
vn -0.05315621 -0.98527008 0.16253373
vn -0.05315621 -0.98527008 0.16253373
vn -0.09949284 -0.99401391 -0.04513939
vn -0.09949284 -0.99401391 -0.04513939
vn -0.09949284 -0.99401391 -0.04513939
vn -0.14992623 -0.96304202 -0.22376849
vn -0.14992623 -0.96304202 -0.22376849
vn -0.14992623 -0.96304202 -0.22376849
vn -0.21005507 -0.88364619 -0.41838524
vn -0.21005507 -0.88364619 -0.41838524
vn -0.21005507 -0.88364619 -0.41838524
vn -0.46103686 0.77735525 -0.42797643
vn -0.46103686 0.77735525 -0.42797643
vn -0.46103686 0.77735525 -0.42797643
vn -0.38595465 0.89058471 -0.24061960
vn -0.38595465 0.89058471 -0.24061960
vn -0.38595465 0.89058471 -0.24061960
vn -0.25858879 0.96464360 -0.05093664
vn -0.25858879 0.96464360 -0.05093664
vn -0.25858879 0.96464360 -0.05093664
vn -0.00148522 0.98209441 0.18838373
vn -0.00148522 0.98209441 0.18838373
vn -0.00148522 0.98209441 0.18838373
vn 0.31687874 0.85145414 0.41786826
vn 0.31687874 0.85145414 0.41786826
vn 0.31687874 0.85145414 0.41786826
vn 0.47949037 -0.78199208 0.39821789
vn 0.47949037 -0.78199208 0.39821789
vn 0.47949037 -0.78199208 0.39821789
vn 0.24893986 -0.94988668 0.18906158
vn 0.24893986 -0.94988668 0.18906158
vn 0.24893986 -0.94988668 0.18906158
vn 0.04366363 -0.99755001 -0.05465633
vn 0.04366363 -0.99755001 -0.05465633
vn 0.04366363 -0.99755001 -0.05465633
vn -0.09064107 -0.95891368 -0.26882860
vn -0.09064107 -0.95891368 -0.26882860
vn -0.09064107 -0.95891368 -0.26882860
vn -0.21652074 -0.84770465 -0.48426807
vn -0.21652074 -0.84770465 -0.48426807
vn -0.21652074 -0.84770465 -0.48426807
vn -0.15680929 0.82266724 -0.54646993
vn -0.15680929 0.82266724 -0.54646993
vn -0.15680929 0.82266724 -0.54646993
vn -0.04165783 0.94993311 -0.30966401
vn -0.04165783 0.94993311 -0.30966401
vn -0.04165783 0.94993311 -0.30966401
vn 0.03719452 0.99728614 -0.06353700
vn 0.03719452 0.99728614 -0.06353700
vn 0.03719452 0.99728614 -0.06353700
vn 0.08266230 0.97091419 0.22470537
vn 0.08266230 0.97091419 0.22470537
vn 0.08266230 0.97091419 0.22470537
vn 0.06922551 0.85477233 0.51436573
vn 0.06922551 0.85477233 0.51436573
vn 0.06922551 0.85477233 0.51436573
vn -0.21698743 -0.86695993 0.44866112
vn -0.21698743 -0.86695993 0.44866112
vn -0.21698743 -0.86695993 0.44866112
vn -0.23288575 -0.95320028 0.19280408
vn -0.23288575 -0.95320028 0.19280408
vn -0.23288575 -0.95320028 0.19280408
vn -0.26996240 -0.96138173 -0.05353048
vn -0.26996240 -0.96138173 -0.05353048
vn -0.26996240 -0.96138173 -0.05353048
vn -0.31808570 -0.91177928 -0.25976902
vn -0.31808570 -0.91177928 -0.25976902
vn -0.31808570 -0.91177928 -0.25976902
vn -0.38129476 -0.79948872 -0.46414670
vn -0.38129476 -0.79948872 -0.46414670
vn -0.38129476 -0.79948872 -0.46414670
vn -0.43759799 0.74525565 -0.50309229
vn -0.43759799 0.74525565 -0.50309229
vn -0.43759799 0.74525565 -0.50309229
vn -0.28231376 0.91065174 -0.30168259
vn -0.28231376 0.91065174 -0.30168259
vn -0.28231376 0.91065174 -0.30168259
vn -0.09024992 0.99383831 -0.06434623
vn -0.09024992 0.99383831 -0.06434623
vn -0.09024992 0.99383831 -0.06434623
vn 0.14404364 0.96328646 0.22656292
vn 0.14404364 0.96328646 0.22656292
vn 0.14404364 0.96328646 0.22656292
vn 0.37056220 0.79582828 0.47889540
vn 0.37056220 0.79582828 0.47889540
vn 0.37056220 0.79582828 0.47889540
vn 0.52870101 -0.76756847 0.36237267
vn 0.52870101 -0.76756847 0.36237267
vn 0.52870101 -0.76756847 0.36237267
vn 0.39021063 -0.90544009 0.16707428
vn 0.39021063 -0.90544009 0.16707428
vn 0.39021063 -0.90544009 0.16707428
vn 0.21113375 -0.97619855 -0.04958619
vn 0.21113375 -0.97619855 -0.04958619
vn 0.21113375 -0.97619855 -0.04958619
vn 0.02337198 -0.96758032 -0.25147969
vn 0.02337198 -0.96758032 -0.25147969
vn 0.02337198 -0.96758032 -0.25147969
vn -0.17640895 -0.86985415 -0.46068823
vn -0.17640895 -0.86985415 -0.46068823
vn -0.17640895 -0.86985415 -0.46068823
vn -0.24999946 0.82445037 -0.50772238
vn -0.24999946 0.82445037 -0.50772238
vn -0.24999946 0.82445037 -0.50772238
vn -0.19045815 0.93971831 -0.28399852
vn -0.19045815 0.93971831 -0.28399852
vn -0.19045815 0.93971831 -0.28399852
vn -0.18124217 0.98182547 -0.05630228
vn -0.18124217 0.98182547 -0.05630228
vn -0.18124217 0.98182547 -0.05630228
vn -0.23656614 0.95119625 0.19814716
vn -0.23656614 0.95119625 0.19814716
vn -0.23656614 0.95119625 0.19814716
vn -0.35069785 0.82643688 0.44046932
vn -0.35069785 0.82643688 0.44046932
vn -0.35069785 0.82643688 0.44046932
vn -0.22545631 -0.88100713 0.41592771
vn -0.22545631 -0.88100713 0.41592771
vn -0.22545631 -0.88100713 0.41592771
vn -0.10130434 -0.97833931 0.18052588
vn -0.10130434 -0.97833931 0.18052588
vn -0.10130434 -0.97833931 0.18052588
vn -0.05557005 -0.99716914 -0.05065158
vn -0.05557005 -0.99716914 -0.05065158
vn -0.05557005 -0.99716914 -0.05065158
vn -0.07358015 -0.96697867 -0.24400452
vn -0.07358015 -0.96697867 -0.24400452
vn -0.07358015 -0.96697867 -0.24400452
vn -0.14106429 -0.88042885 -0.45270953
vn -0.14106429 -0.88042885 -0.45270953
vn -0.14106429 -0.88042885 -0.45270953
vn 0.05566684 0.85695684 -0.51237315
vn 0.05566684 0.85695684 -0.51237315
vn 0.05566684 0.85695684 -0.51237315
vn 0.14159234 0.94988030 -0.27870956
vn 0.14159234 0.94988030 -0.27870956
vn 0.14159234 0.94988030 -0.27870956
vn 0.26255393 0.96333468 -0.05524215
vn 0.26255393 0.96333468 -0.05524215
vn 0.26255393 0.96333468 -0.05524215
vn 0.43920922 0.87950456 0.18321298
vn 0.43920922 0.87950456 0.18321298
vn 0.43920922 0.87950456 0.18321298
vn 0.61065072 0.69883931 0.37246388
vn 0.61065072 0.69883931 0.37246388
vn 0.61065072 0.69883931 0.37246388
vn 0.33703393 -0.84882486 0.40731373
vn 0.33703393 -0.84882486 0.40731373
vn 0.33703393 -0.84882486 0.40731373
vn 0.06412881 -0.98083973 0.18395917
vn 0.06412881 -0.98083973 0.18395917
vn 0.06412881 -0.98083973 0.18395917
vn -0.12347615 -0.99102759 -0.05116625
vn -0.12347615 -0.99102759 -0.05116625
vn -0.12347615 -0.99102759 -0.05116625
vn -0.21240473 -0.94477123 -0.24958298
vn -0.21240473 -0.94477123 -0.24958298
vn -0.21240473 -0.94477123 -0.24958298
vn -0.25174743 -0.85216665 -0.45873210
vn -0.25174743 -0.85216665 -0.45873210
vn -0.25174743 -0.85216665 -0.45873210
vn -0.27948764 0.81385988 -0.50942987
vn -0.27948764 0.81385988 -0.50942987
vn -0.27948764 0.81385988 -0.50942987
vn -0.27328300 0.91952878 -0.28245950
vn -0.27328300 0.91952878 -0.28245950
vn -0.27328300 0.91952878 -0.28245950
vn -0.27186719 0.96059185 -0.05789212
vn -0.27186719 0.96059185 -0.05789212
vn -0.27186719 0.96059185 -0.05789212
vn -0.27876848 0.93813878 0.20538704
vn -0.27876848 0.93813878 0.20538704
vn -0.27876848 0.93813878 0.20538704
vn -0.29510370 0.83360046 0.46693048
vn -0.29510370 0.83360046 0.46693048
vn -0.29510370 0.83360046 0.46693048
vn 0.08433697 -0.89836127 0.43108508
vn 0.08433697 -0.89836127 0.43108508
vn 0.08433697 -0.89836127 0.43108508
vn 0.13928026 -0.97328287 0.18254174
vn 0.13928026 -0.97328287 0.18254174
vn 0.13928026 -0.97328287 0.18254174
vn 0.15427437 -0.98670357 -0.05114064
vn 0.15427437 -0.98670357 -0.05114064
vn 0.15427437 -0.98670357 -0.05114064
vn 0.13864525 -0.95725214 -0.25386149
vn 0.13864525 -0.95725214 -0.25386149
vn 0.13864525 -0.95725214 -0.25386149
vn 0.09203547 -0.87602460 -0.47340298
vn 0.09203547 -0.87602460 -0.47340298
vn 0.09203547 -0.87602460 -0.47340298
vn -0.12229366 0.84035748 -0.52805644
vn -0.12229366 0.84035748 -0.52805644
vn -0.12229366 0.84035748 -0.52805644
vn -0.05720372 0.95403224 -0.29419425
vn -0.05720372 0.95403224 -0.29419425
vn -0.05720372 0.95403224 -0.29419425
vn 0.02992971 0.99774170 -0.06013108
vn 0.02992971 0.99774170 -0.06013108
vn 0.02992971 0.99774170 -0.06013108
vn 0.18277788 0.96040720 0.21026206
vn 0.18277788 0.96040720 0.21026206
vn 0.18277788 0.96040720 0.21026206
vn 0.32792723 0.82421076 0.46167123
vn 0.32792723 0.82421076 0.46167123
vn 0.32792723 0.82421076 0.46167123
vn -0.09176265 -0.86676627 0.49019983
vn -0.09176265 -0.86676627 0.49019983
vn -0.09176265 -0.86676627 0.49019983
vn -0.25524783 -0.94408619 0.20868617
vn -0.25524783 -0.94408619 0.20868617
vn -0.25524783 -0.94408619 0.20868617
vn -0.34400272 -0.93723512 -0.05703035
vn -0.34400272 -0.93723512 -0.05703035
vn -0.34400272 -0.93723512 -0.05703035
vn -0.37521777 -0.88503206 -0.27555409
vn -0.37521777 -0.88503206 -0.27555409
vn -0.37521777 -0.88503206 -0.27555409
vn -0.39520359 -0.77565676 -0.49210846
vn -0.39520359 -0.77565676 -0.49210846
vn -0.39520359 -0.77565676 -0.49210846
vn -0.06223063 0.77348542 -0.63075167
vn -0.06223063 0.77348542 -0.63075167
vn -0.06223063 0.77348542 -0.63075167
vn -0.10162140 0.93540877 -0.33864975
vn -0.10162140 0.93540877 -0.33864975
vn -0.10162140 0.93540877 -0.33864975
vn -0.08271077 0.99408841 -0.07033685
vn -0.08271077 0.99408841 -0.07033685
vn -0.08271077 0.99408841 -0.07033685
vn 0.02930622 0.96810335 0.24883126
vn 0.02930622 0.96810335 0.24883126
vn 0.02930622 0.96810335 0.24883126
vn 0.19334014 0.81975955 0.53908622
vn 0.19334014 0.81975955 0.53908622
vn 0.19334014 0.81975955 0.53908622
vn 0.24126476 -0.82289273 0.51443070
vn 0.24126476 -0.82289273 0.51443070
vn 0.24126476 -0.82289273 0.51443070
vn 0.11550941 -0.96492004 0.23576881
vn 0.11550941 -0.96492004 0.23576881
vn 0.11550941 -0.96492004 0.23576881
vn 0.05267926 -0.99636012 -0.06701720
vn 0.05267926 -0.99636012 -0.06701720
vn 0.05267926 -0.99636012 -0.06701720
vn 0.05209392 -0.94428355 -0.32498446
vn 0.05209392 -0.94428355 -0.32498446
vn 0.05209392 -0.94428355 -0.32498446
vn 0.07437720 -0.81646240 -0.57258821
vn 0.07437720 -0.81646240 -0.57258821
vn 0.07437720 -0.81646240 -0.57258821
vn -0.03233005 0.77458233 -0.63164616
vn -0.03233005 0.77458233 -0.63164616
vn -0.03233005 0.77458233 -0.63164616
vn 0.12022021 0.92168361 -0.36884484
vn 0.12022021 0.92168361 -0.36884484
vn 0.12022021 0.92168361 -0.36884484
vn 0.15228775 0.98676211 -0.05575793
vn 0.15228775 0.98676211 -0.05575793
vn 0.15228775 0.98676211 -0.05575793
vn 0.01094902 0.97951722 0.20106286
vn 0.01094902 0.97951722 0.20106286
vn 0.01094902 0.97951722 0.20106286
vn -0.22581391 0.86246455 0.45294914
vn -0.22581391 0.86246455 0.45294914
vn -0.22581391 0.86246455 0.45294914
vn -0.07191700 -0.84574550 0.52871776
vn -0.07191700 -0.84574550 0.52871776
vn -0.07191700 -0.84574550 0.52871776
vn 0.13357016 -0.96271765 0.23523088
vn 0.13357016 -0.96271765 0.23523088
vn 0.13357016 -0.96271765 0.23523088
vn 0.16261372 -0.98446542 -0.06621711
vn 0.16261372 -0.98446542 -0.06621711
vn 0.16261372 -0.98446542 -0.06621711
vn 0.07145257 -0.96797001 -0.24068341
vn 0.07145257 -0.96797001 -0.24068341
vn 0.07145257 -0.96797001 -0.24068341
vn -0.06290743 -0.89026612 -0.45107526
vn -0.06290743 -0.89026612 -0.45107526
vn -0.06290743 -0.89026612 -0.45107526
vn -0.19084656 0.79270166 -0.57896608
vn -0.19084656 0.79270166 -0.57896608
vn -0.19084656 0.79270166 -0.57896608
vn -0.25045392 0.93003619 -0.26889691
vn -0.25045392 0.93003619 -0.26889691
vn -0.25045392 0.93003619 -0.26889691
vn -0.23543952 0.97034115 -0.05483014
vn -0.23543952 0.97034115 -0.05483014
vn -0.23543952 0.97034115 -0.05483014
vn -0.09590555 0.97506040 0.20014833
vn -0.09590555 0.97506040 0.20014833
vn -0.09590555 0.97506040 0.20014833
vn 0.12843983 0.87799942 0.46110779
vn 0.12843983 0.87799942 0.46110779
vn 0.12843983 0.87799942 0.46110779
vn 0.25779349 -0.84304762 0.47203094
vn 0.25779349 -0.84304762 0.47203094
vn 0.25779349 -0.84304762 0.47203094
vn 0.09626990 -0.97234392 0.21278943
vn 0.09626990 -0.97234392 0.21278943
vn 0.09626990 -0.97234392 0.21278943
vn 0.02951637 -0.99775547 -0.06010744
vn 0.02951637 -0.99775547 -0.06010744
vn 0.02951637 -0.99775547 -0.06010744
vn 0.04628713 -0.95460635 -0.29425180
vn 0.04628713 -0.95460635 -0.29425180
vn 0.04628713 -0.95460635 -0.29425180
vn 0.08335896 -0.84386277 -0.53004420
vn 0.08335896 -0.84386277 -0.53004420
vn 0.08335896 -0.84386277 -0.53004420
vn -0.06290821 0.80594593 -0.58863723
vn -0.06290821 0.80594593 -0.58863723
vn -0.06290821 0.80594593 -0.58863723
vn -0.00063555 0.95643735 -0.29193714
vn -0.00063555 0.95643735 -0.29193714
vn -0.00063555 0.95643735 -0.29193714
vn -0.02639286 0.99787772 -0.05952765
vn -0.02639286 0.99787772 -0.05952765
vn -0.02639286 0.99787772 -0.05952765
vn -0.18583418 0.96029180 0.20809913
vn -0.18583418 0.96029180 0.20809913
vn -0.18583418 0.96029180 0.20809913
vn -0.41008511 0.79764986 0.44225001
vn -0.41008511 0.79764986 0.44225001
vn -0.41008511 0.79764986 0.44225001
vn -0.32149214 -0.82621825 0.46260795
vn -0.32149214 -0.82621825 0.46260795
vn -0.32149214 -0.82621825 0.46260795
vn -0.09446776 -0.97251254 0.21282651
vn -0.09446776 -0.97251254 0.21282651
vn -0.09446776 -0.97251254 0.21282651
vn 0.00822043 -0.99815655 -0.06013165
vn 0.00822043 -0.99815655 -0.06013165
vn 0.00822043 -0.99815655 -0.06013165
vn -0.00790032 -0.95560068 -0.29455894
vn -0.00790032 -0.95560068 -0.29455894
vn -0.00790032 -0.95560068 -0.29455894
vn -0.06790372 -0.87974191 -0.47057769
vn -0.06790372 -0.87974191 -0.47057769
vn -0.06790372 -0.87974191 -0.47057769
vn -0.03374795 0.78440732 -0.61932713
vn -0.03374795 0.78440732 -0.61932713
vn -0.03374795 0.78440732 -0.61932713
vn -0.10896008 0.95074302 -0.29019901
vn -0.10896008 0.95074302 -0.29019901
vn -0.10896008 0.95074302 -0.29019901
vn -0.06984545 0.99578762 -0.05940297
vn -0.06984545 0.99578762 -0.05940297
vn -0.06984545 0.99578762 -0.05940297
vn 0.15438531 0.96559829 0.20924917
vn 0.15438531 0.96559829 0.20924917
vn 0.15438531 0.96559829 0.20924917
vn 0.45304975 0.77966678 0.43227953
vn 0.45304975 0.77966678 0.43227953
vn 0.45304975 0.77966678 0.43227953
vn 0.42380100 -0.77486843 0.46901140
vn 0.42380100 -0.77486843 0.46901140
vn 0.42380100 -0.77486843 0.46901140
vn 0.13757707 -0.96388519 0.22803035
vn 0.13757707 -0.96388519 0.22803035
vn 0.13757707 -0.96388519 0.22803035
vn -0.00657245 -0.99786454 -0.06498500
vn -0.00657245 -0.99786454 -0.06498500
vn -0.00657245 -0.99786454 -0.06498500
vn 0.00912498 -0.94867563 -0.31611905
vn 0.00912498 -0.94867563 -0.31611905
vn 0.00912498 -0.94867563 -0.31611905
vn 0.07939710 -0.87899345 -0.47017729
vn 0.07939710 -0.87899345 -0.47017729
vn 0.07939710 -0.87899345 -0.47017729
vn 0.36329603 0.77992988 -0.50963259
vn 0.36329603 0.77992988 -0.50963259
vn 0.36329603 0.77992988 -0.50963259
vn 0.37145388 0.88410753 -0.28350624
vn 0.37145388 0.88410753 -0.28350624
vn 0.37145388 0.88410753 -0.28350624
vn 0.31349650 0.94772995 -0.05939511
vn 0.31349650 0.94772995 -0.05939511
vn 0.31349650 0.94772995 -0.05939511
vn 0.12096260 0.96789098 0.22035244
vn 0.12096260 0.96789098 0.22035244
vn 0.12096260 0.96789098 0.22035244
vn -0.16058680 0.85288554 0.49678767
vn -0.16058680 0.85288554 0.49678767
vn -0.16058680 0.85288554 0.49678767
vn -0.39764431 -0.78494960 0.47511387
vn -0.39764431 -0.78494960 0.47511387
vn -0.39764431 -0.78494960 0.47511387
vn -0.21829131 -0.94967020 0.22466731
vn -0.21829131 -0.94967020 0.22466731
vn -0.21829131 -0.94967020 0.22466731
vn -0.09257290 -0.99360120 -0.06470735
vn -0.09257290 -0.99360120 -0.06470735
vn -0.09257290 -0.99360120 -0.06470735
vn -0.04179591 -0.94788611 -0.31585604
vn -0.04179591 -0.94788611 -0.31585604
vn -0.04179591 -0.94788611 -0.31585604
vn -0.00225325 -0.82730472 -0.56174898
vn -0.00225325 -0.82730472 -0.56174898
vn -0.00225325 -0.82730472 -0.56174898
vn 0.07999989 0.80040431 -0.59409857
vn 0.07999989 0.80040431 -0.59409857
vn 0.07999989 0.80040431 -0.59409857
vn -0.00240704 0.93960392 -0.34225509
vn -0.00240704 0.93960392 -0.34225509
vn -0.00240704 0.93960392 -0.34225509
vn -0.06048926 0.99564904 -0.07087940
vn -0.06048926 0.99564904 -0.07087940
vn -0.06048926 0.99564904 -0.07087940
vn -0.07305691 0.96556318 0.24970075
vn -0.07305691 0.96556318 0.24970075
vn -0.07305691 0.96556318 0.24970075
vn -0.06676005 0.83211625 0.55056834
vn -0.06676005 0.83211625 0.55056834
vn -0.06676005 0.83211625 0.55056834
vn -0.18303531 -0.87898898 0.44031399
vn -0.18303531 -0.87898898 0.44031399
vn -0.18303531 -0.87898898 0.44031399
vn -0.18140037 -0.96508563 0.18895388
vn -0.18140037 -0.96508563 0.18895388
vn -0.18140037 -0.96508563 0.18895388
vn -0.13359074 -0.98960030 -0.05333650
vn -0.13359074 -0.98960030 -0.05333650
vn -0.13359074 -0.98960030 -0.05333650
vn -0.05742289 -0.96242332 -0.26541278
vn -0.05742289 -0.96242332 -0.26541278
vn -0.05742289 -0.96242332 -0.26541278
vn 0.02778677 -0.87144250 -0.48971015
vn 0.02778677 -0.87144250 -0.48971015
vn 0.02778677 -0.87144250 -0.48971015
vn 0.22085847 0.80234003 -0.55450159
vn 0.22085847 0.80234003 -0.55450159
vn 0.22085847 0.80234003 -0.55450159
vn 0.13502607 0.93834341 -0.31824437
vn 0.13502607 0.93834341 -0.31824437
vn 0.13502607 0.93834341 -0.31824437
vn 0.05874670 0.99608713 -0.06602456
vn 0.05874670 0.99608713 -0.06602456
vn 0.05874670 0.99608713 -0.06602456
vn -0.02407169 0.97193170 0.23402877
vn -0.02407169 0.97193170 0.23402877
vn -0.02407169 0.97193170 0.23402877
vn -0.06680173 0.83211392 0.55056703
vn -0.06680173 0.83211392 0.55056703
vn -0.06680173 0.83211392 0.55056703
vn 0.15103219 -0.85917401 0.48888567
vn 0.15103219 -0.85917401 0.48888567
vn 0.15103219 -0.85917401 0.48888567
vn 0.20096017 -0.95623606 0.21266814
vn 0.20096017 -0.95623606 0.21266814
vn 0.20096017 -0.95623606 0.21266814
vn 0.25104460 -0.96616656 -0.05915112
vn 0.25104460 -0.96616656 -0.05915112
vn 0.25104460 -0.96616656 -0.05915112
vn 0.29526448 -0.91172773 -0.28560683
vn 0.29526448 -0.91172773 -0.28560683
vn 0.29526448 -0.91172773 -0.28560683
vn 0.35105693 -0.78926134 -0.50381112
vn 0.35105693 -0.78926134 -0.50381112
vn 0.35105693 -0.78926134 -0.50381112
vn 0.15624921 0.81860512 -0.55269504
vn 0.15624921 0.81860512 -0.55269504
vn 0.15624921 0.81860512 -0.55269504
vn 0.03728086 0.94859105 -0.31430122
vn 0.03728086 0.94859105 -0.31430122
vn 0.03728086 0.94859105 -0.31430122
vn -0.10979252 0.99187708 -0.06422938
vn -0.10979252 0.99187708 -0.06422938
vn -0.10979252 0.99187708 -0.06422938
vn -0.30458170 0.92717868 0.21810469
vn -0.30458170 0.92717868 0.21810469
vn -0.30458170 0.92717868 0.21810469
vn -0.48586845 0.74886322 0.45070574
vn -0.48586845 0.74886322 0.45070574
vn -0.48586845 0.74886322 0.45070574
vn -0.33079872 -0.83389449 0.44180545
vn -0.33079872 -0.83389449 0.44180545
vn -0.33079872 -0.83389449 0.44180545
vn -0.11502273 -0.97272611 0.20142910
vn -0.11502273 -0.97272611 0.20142910
vn -0.11502273 -0.97272611 0.20142910
vn 0.06550084 -0.99623513 -0.05678955
vn 0.06550084 -0.99623513 -0.05678955
vn 0.06550084 -0.99623513 -0.05678955
vn 0.18153448 -0.94404721 -0.27535456
vn 0.18153448 -0.94404721 -0.27535456
vn 0.18153448 -0.94404721 -0.27535456
vn 0.26798004 -0.82818735 -0.49223197
vn 0.26798004 -0.82818735 -0.49223197
vn 0.26798004 -0.82818735 -0.49223197
vn 0.22313069 0.77214319 -0.59498525
vn 0.22313069 0.77214319 -0.59498525
vn 0.22313069 0.77214319 -0.59498525
vn 0.09235586 0.93135875 -0.35219496
vn 0.09235586 0.93135875 -0.35219496
vn 0.09235586 0.93135875 -0.35219496
vn 0.01080866 0.99722195 -0.07369988
vn 0.01080866 0.99722195 -0.07369988
vn 0.01080866 0.99722195 -0.07369988
vn 0.01589048 0.96567726 0.25925836
vn 0.01589048 0.96567726 0.25925836
vn 0.01589048 0.96567726 0.25925836
vn 0.07900991 0.85411364 0.51404989
vn 0.07900991 0.85411364 0.51404989
vn 0.07900991 0.85411364 0.51404989
vn -0.01872547 -0.86084378 0.50852466
vn -0.01872547 -0.86084378 0.50852466
vn -0.01872547 -0.86084378 0.50852466
vn -0.06439935 -0.97810990 0.19787326
vn -0.06439935 -0.97810990 0.19787326
vn -0.06439935 -0.97810990 0.19787326
vn -0.02642025 -0.99810445 -0.05558404
vn -0.02642025 -0.99810445 -0.05558404
vn -0.02642025 -0.99810445 -0.05558404
vn 0.06630363 -0.95960206 -0.27343699
vn 0.06630363 -0.95960206 -0.27343699
vn 0.06630363 -0.95960206 -0.27343699
vn 0.18815912 -0.84934264 -0.49316642
vn 0.18815912 -0.84934264 -0.49316642
vn 0.18815912 -0.84934264 -0.49316642
vn 0.37757689 0.81847858 -0.43304569
vn 0.37757689 0.81847858 -0.43304569
vn 0.37757689 0.81847858 -0.43304569
vn 0.35428885 0.90512359 -0.23501222
vn 0.35428885 0.90512359 -0.23501222
vn 0.35428885 0.90512359 -0.23501222
vn 0.23280409 0.97127396 -0.04928715
vn 0.23280409 0.97127396 -0.04928715
vn 0.23280409 0.97127396 -0.04928715
vn -0.11607403 0.97678322 0.18005925
vn -0.11607403 0.97678322 0.18005925
vn -0.11607403 0.97678322 0.18005925
vn -0.51915467 0.77301902 0.36458212
vn -0.51915467 0.77301902 0.36458212
vn -0.51915467 0.77301902 0.36458212
vn -0.52645409 -0.73202109 0.43242481
vn -0.52645409 -0.73202109 0.43242481
vn -0.52645409 -0.73202109 0.43242481
vn -0.13282560 -0.96573263 0.22297473
vn -0.13282560 -0.96573263 0.22297473
vn -0.13282560 -0.96573263 0.22297473
vn 0.15174454 -0.98642933 -0.06269597
vn 0.15174454 -0.98642933 -0.06269597
vn 0.15174454 -0.98642933 -0.06269597
vn 0.24283004 -0.92251134 -0.30001083
vn 0.24283004 -0.92251134 -0.30001083
vn 0.24283004 -0.92251134 -0.30001083
vn 0.28053969 -0.80010289 -0.53021944
vn 0.28053969 -0.80010289 -0.53021944
vn 0.28053969 -0.80010289 -0.53021944
vn 0.26234314 0.80473983 -0.53251272
vn 0.26234314 0.80473983 -0.53251272
vn 0.26234314 0.80473983 -0.53251272
vn 0.19531220 0.94926482 -0.24647380
vn 0.19531220 0.94926482 -0.24647380
vn 0.19531220 0.94926482 -0.24647380
vn 0.20499043 0.97750622 -0.04960333
vn 0.20499043 0.97750622 -0.04960333
vn 0.20499043 0.97750622 -0.04960333
vn 0.32907665 0.92865670 0.17118791
vn 0.32907665 0.92865670 0.17118791
vn 0.32907665 0.92865670 0.17118791
vn 0.50419706 0.78107578 0.36838302
vn 0.50419706 0.78107578 0.36838302
vn 0.50419706 0.78107578 0.36838302
vn 0.13003938 -0.88424122 0.44856122
vn 0.13003938 -0.88424122 0.44856122
vn 0.13003938 -0.88424122 0.44856122
vn -0.12516333 -0.97319150 0.19295725
vn -0.12516333 -0.97319150 0.19295725
vn -0.12516333 -0.97319150 0.19295725
vn -0.20664743 -0.97696131 -0.05332285
vn -0.20664743 -0.97696131 -0.05332285
vn -0.20664743 -0.97696131 -0.05332285
vn -0.16975670 -0.96179950 -0.21476614
vn -0.16975670 -0.96179950 -0.21476614
vn -0.16975670 -0.96179950 -0.21476614
vn -0.07244205 -0.90781403 -0.41306889
vn -0.07244205 -0.90781403 -0.41306889
vn -0.07244205 -0.90781403 -0.41306889
vn 0.20804811 0.82809383 -0.52055401
vn 0.20804811 0.82809383 -0.52055401
vn 0.20804811 0.82809383 -0.52055401
vn 0.10211205 0.95056963 -0.29324144
vn 0.10211205 0.95056963 -0.29324144
vn 0.10211205 0.95056963 -0.29324144
vn -0.02392324 0.99790180 -0.06016442
vn -0.02392324 0.99790180 -0.06016442
vn -0.02392324 0.99790180 -0.06016442
vn -0.19756176 0.95759249 0.20972869
vn -0.19756176 0.95759249 0.20972869
vn -0.19756176 0.95759249 0.20972869
vn -0.37035337 0.81034034 0.45407829
vn -0.37035337 0.81034034 0.45407829
vn -0.37035337 0.81034034 0.45407829
vn -0.24412426 -0.86483055 0.43871582
vn -0.24412426 -0.86483055 0.43871582
vn -0.24412426 -0.86483055 0.43871582
vn -0.06203038 -0.97901624 0.19411215
vn -0.06203038 -0.97901624 0.19411215
vn -0.06203038 -0.97901624 0.19411215
vn 0.08604022 -0.99481094 -0.05429732
vn 0.08604022 -0.99481094 -0.05429732
vn 0.08604022 -0.99481094 -0.05429732
vn 0.18509376 -0.94650334 -0.26433280
vn 0.18509376 -0.94650334 -0.26433280
vn 0.18509376 -0.94650334 -0.26433280
vn 0.27012512 -0.83681178 -0.47621259
vn 0.27012512 -0.83681178 -0.47621259
vn 0.27012512 -0.83681178 -0.47621259
vn 0.42613113 0.72128725 -0.54603744
vn 0.42613113 0.72128725 -0.54603744
vn 0.42613113 0.72128725 -0.54603744
vn 0.20156379 0.91816103 -0.34110436
vn 0.20156379 0.91816103 -0.34110436
vn 0.20156379 0.91816103 -0.34110436
vn -0.03361590 0.99681085 -0.07237525
vn -0.03361590 0.99681085 -0.07237525
vn -0.03361590 0.99681085 -0.07237525
vn -0.22916448 0.94119978 0.24824728
vn -0.22916448 0.94119978 0.24824728
vn -0.22916448 0.94119978 0.24824728
vn -0.36262387 0.77249616 0.52129990
vn -0.36262387 0.77249616 0.52129990
vn -0.36262387 0.77249616 0.52129990
vn -0.40311569 -0.82441390 0.39729017
vn -0.40311569 -0.82441390 0.39729017
vn -0.40311569 -0.82441390 0.39729017
vn -0.29044783 -0.94035566 0.17711972
vn -0.29044783 -0.94035566 0.17711972
vn -0.29044783 -0.94035566 0.17711972
vn -0.10722335 -0.99290121 -0.05148205
vn -0.10722335 -0.99290121 -0.05148205
vn -0.10722335 -0.99290121 -0.05148205
vn 0.10826749 -0.96088088 -0.25492337
vn 0.10826749 -0.96088088 -0.25492337
vn 0.10826749 -0.96088088 -0.25492337
vn 0.32967141 -0.83050317 -0.44897789
vn 0.32967141 -0.83050317 -0.44897789
vn 0.32967141 -0.83050317 -0.44897789
vn 0.32789472 0.79998416 -0.50250417
vn 0.32789472 0.79998416 -0.50250417
vn 0.32789472 0.79998416 -0.50250417
vn 0.28585705 0.91575080 -0.28228742
vn 0.28585705 0.91575080 -0.28228742
vn 0.28585705 0.91575080 -0.28228742
vn 0.22811884 0.97187126 -0.05855076
vn 0.22811884 0.97187126 -0.05855076
vn 0.22811884 0.97187126 -0.05855076
vn 0.11534955 0.97035879 0.21236396
vn 0.11534955 0.97035879 0.21236396
vn 0.11534955 0.97035879 0.21236396
vn 0.00479187 0.87252015 0.48855457
vn 0.00479187 0.87252015 0.48855457
vn 0.00479187 0.87252015 0.48855457
vn 0.08593240 -0.86170077 0.50008738
vn 0.08593240 -0.86170077 0.50008738
vn 0.08593240 -0.86170077 0.50008738
vn 0.15806054 -0.96296686 0.21843016
vn 0.15806054 -0.96296686 0.21843016
vn 0.15806054 -0.96296686 0.21843016
vn 0.21220672 -0.97532523 -0.06090105
vn 0.21220672 -0.97532523 -0.06090105
vn 0.21220672 -0.97532523 -0.06090105
vn 0.24804649 -0.92279369 -0.29483008
vn 0.24804649 -0.92279369 -0.29483008
vn 0.24804649 -0.92279369 -0.29483008
vn 0.30132443 -0.79909182 -0.52024603
vn 0.30132443 -0.79909182 -0.52024603
vn 0.30132443 -0.79909182 -0.52024603
vn 0.47954863 0.72577524 -0.49323767
vn 0.47954863 0.72577524 -0.49323767
vn 0.47954863 0.72577524 -0.49323767
vn 0.28993514 0.90788555 -0.30278954
vn 0.28993514 0.90788555 -0.30278954
vn 0.28993514 0.90788555 -0.30278954
vn 0.04703790 0.99677795 -0.06497057
vn 0.04703790 0.99677795 -0.06497057
vn 0.04703790 0.99677795 -0.06497057
vn -0.24565296 0.94327623 0.22334832
vn -0.24565296 0.94327623 0.22334832
vn -0.24565296 0.94327623 0.22334832
vn -0.49191099 0.74465895 0.45111719
vn -0.49191099 0.74465895 0.45111719
vn -0.49191099 0.74465895 0.45111719
vn -0.53529119 -0.76102799 0.36646914
vn -0.53529119 -0.76102799 0.36646914
vn -0.53529119 -0.76102799 0.36646914
vn -0.34809783 -0.92128241 0.17339687
vn -0.34809783 -0.92128241 0.17339687
vn -0.34809783 -0.92128241 0.17339687
vn -0.11287650 -0.99227804 -0.05141104
vn -0.11287650 -0.99227804 -0.05141104
vn -0.11287650 -0.99227804 -0.05141104
vn 0.11295696 -0.96042383 -0.25461081
vn 0.11295696 -0.96042383 -0.25461081
vn 0.11295696 -0.96042383 -0.25461081
vn 0.32901880 -0.83084434 -0.44882566
vn 0.32901880 -0.83084434 -0.44882566
vn 0.32901880 -0.83084434 -0.44882566
vn 0.21803015 0.75182688 -0.62226939
vn 0.21803015 0.75182688 -0.62226939
vn 0.21803015 0.75182688 -0.62226939
vn -0.00342846 0.92648447 -0.37631753
vn -0.00342846 0.92648447 -0.37631753
vn -0.00342846 0.92648447 -0.37631753
vn -0.15865256 0.98423821 -0.07813127
vn -0.15865256 0.98423821 -0.07813127
vn -0.15865256 0.98423821 -0.07813127
vn -0.19870715 0.94168651 0.27155480
vn -0.19870715 0.94168651 0.27155480
vn -0.19870715 0.94168651 0.27155480
vn -0.14636949 0.84608310 0.51256156
vn -0.14636949 0.84608310 0.51256156
vn -0.14636949 0.84608310 0.51256156
vn 0.03342433 -0.88636082 0.46178716
vn 0.03342433 -0.88636082 0.46178716
vn 0.03342433 -0.88636082 0.46178716
vn 0.04038373 -0.97909129 0.19937269
vn 0.04038373 -0.97909129 0.19937269
vn 0.04038373 -0.97909129 0.19937269
vn 0.12818868 -0.99019527 -0.05550606
vn 0.12818868 -0.99019527 -0.05550606
vn 0.12818868 -0.99019527 -0.05550606
vn 0.25760913 -0.92880011 -0.26639810
vn 0.25760913 -0.92880011 -0.26639810
vn 0.25760913 -0.92880011 -0.26639810
vn 0.39509290 -0.79311466 -0.46354145
vn 0.39509290 -0.79311466 -0.46354145
vn 0.39509290 -0.79311466 -0.46354145
vn 0.58083081 0.70110464 -0.41362756
vn 0.58083081 0.70110464 -0.41362756
vn 0.58083081 0.70110464 -0.41362756
vn 0.50295955 0.83021486 -0.24036433
vn 0.50295955 0.83021486 -0.24036433
vn 0.50295955 0.83021486 -0.24036433
vn 0.33721057 0.93992585 -0.05318393
vn 0.33721057 0.93992585 -0.05318393
vn 0.33721057 0.93992585 -0.05318393
vn -0.06264243 0.97759789 0.20094395
vn -0.06264243 0.97759789 0.20094395
vn -0.06264243 0.97759789 0.20094395
vn -0.50808281 0.76231825 0.40090251
vn -0.50808281 0.76231825 0.40090251
vn -0.50808281 0.76231825 0.40090251
vn -0.64413458 -0.64586872 0.40980989
vn -0.64413458 -0.64586872 0.40980989
vn -0.64413458 -0.64586872 0.40980989
vn -0.32555804 -0.91772175 0.22759353
vn -0.32555804 -0.91772175 0.22759353
vn -0.32555804 -0.91772175 0.22759353
vn 0.03473507 -0.99707580 -0.06806935
vn 0.03473507 -0.99707580 -0.06806935
vn 0.03473507 -0.99707580 -0.06806935
vn 0.24778944 -0.91461909 -0.31948769
vn 0.24778944 -0.91461909 -0.31948769
vn 0.24778944 -0.91461909 -0.31948769
vn 0.40205362 -0.74594319 -0.53096288
vn 0.40205362 -0.74594319 -0.53096288
vn 0.40205362 -0.74594319 -0.53096288
vn 0.35689321 0.72550666 -0.58844483
vn 0.35689321 0.72550666 -0.58844483
vn 0.35689321 0.72550666 -0.58844483
vn 0.13972732 0.91999096 -0.36618704
vn 0.13972732 0.91999096 -0.36618704
vn 0.13972732 0.91999096 -0.36618704
vn 0.00769102 0.99695849 -0.07755439
vn 0.00769102 0.99695849 -0.07755439
vn 0.00769102 0.99695849 -0.07755439
vn 0.04249745 0.97863674 0.20115694
vn 0.04249745 0.97863674 0.20115694
vn 0.04249745 0.97863674 0.20115694
vn 0.18220358 0.87025481 0.45766628
vn 0.18220358 0.87025481 0.45766628
vn 0.18220358 0.87025481 0.45766628
vn 0.05876126 -0.84775573 0.52712172
vn 0.05876126 -0.84775573 0.52712172
vn 0.05876126 -0.84775573 0.52712172
vn -0.06884149 -0.96941066 0.23559210
vn -0.06884149 -0.96941066 0.23559210
vn -0.06884149 -0.96941066 0.23559210
vn -0.02409967 -0.99852794 -0.04859016
vn -0.02409967 -0.99852794 -0.04859016
vn -0.02409967 -0.99852794 -0.04859016
vn 0.10944071 -0.96454453 -0.24015960
vn 0.10944071 -0.96454453 -0.24015960
vn 0.10944071 -0.96454453 -0.24015960
vn 0.29195377 -0.85293037 -0.43275020
vn 0.29195377 -0.85293037 -0.43275020
vn 0.29195377 -0.85293037 -0.43275020
vn 0.52679163 0.66722411 -0.52659529
vn 0.52679163 0.66722411 -0.52659529
vn 0.52679163 0.66722411 -0.52659529
vn 0.33201984 0.87960243 -0.34067959
vn 0.33201984 0.87960243 -0.34067959
vn 0.33201984 0.87960243 -0.34067959
vn 0.05227764 0.99578387 -0.07537614
vn 0.05227764 0.99578387 -0.07537614
vn 0.05227764 0.99578387 -0.07537614
vn -0.29830208 0.92031223 0.25306368
vn -0.29830208 0.92031223 0.25306368
vn -0.29830208 0.92031223 0.25306368
vn -0.54290110 0.68684751 0.48321700
vn -0.54290110 0.68684751 0.48321700
vn -0.54290110 0.68684751 0.48321700
vn -0.46247447 -0.75294805 0.46817365
vn -0.46247447 -0.75294805 0.46817365
vn -0.46247447 -0.75294805 0.46817365
vn -0.19639276 -0.95279211 0.23155341
vn -0.19639276 -0.95279211 0.23155341
vn -0.19639276 -0.95279211 0.23155341
vn 0.11832242 -0.99076056 -0.06628206
vn 0.11832242 -0.99076056 -0.06628206
vn 0.11832242 -0.99076056 -0.06628206
vn 0.35548794 -0.88430625 -0.30270600
vn 0.35548794 -0.88430625 -0.30270600
vn 0.35548794 -0.88430625 -0.30270600
vn 0.53144610 -0.69476861 -0.48462516
vn 0.53144610 -0.69476861 -0.48462516
vn 0.53144610 -0.69476861 -0.48462516
vn 0.49691004 0.70796871 -0.50185710
vn 0.49691004 0.70796871 -0.50185710
vn 0.49691004 0.70796871 -0.50185710
vn 0.37735894 0.87465459 -0.30426875
vn 0.37735894 0.87465459 -0.30426875
vn 0.37735894 0.87465459 -0.30426875
vn 0.21442418 0.97449106 -0.06625357
vn 0.21442418 0.97449106 -0.06625357
vn 0.21442418 0.97449106 -0.06625357
vn -0.03123687 0.97035563 0.23965438
vn -0.03123687 0.97035563 0.23965438
vn -0.03123687 0.97035563 0.23965438
vn -0.26827899 0.81437856 0.51460081
vn -0.26827899 0.81437856 0.51460081
vn -0.26827899 0.81437856 0.51460081
vn -0.33508191 -0.80612367 0.48773429
vn -0.33508191 -0.80612367 0.48773429
vn -0.33508191 -0.80612367 0.48773429
vn -0.14494167 -0.96288317 0.22770108
vn -0.14494167 -0.96288317 0.22770108
vn -0.14494167 -0.96288317 0.22770108
vn 0.06219618 -0.99595588 -0.06483457
vn 0.06219618 -0.99595588 -0.06483457
vn 0.06219618 -0.99595588 -0.06483457
vn 0.23062523 -0.92317790 -0.30749753
vn 0.23062523 -0.92317790 -0.30749753
vn 0.23062523 -0.92317790 -0.30749753
vn 0.38755661 -0.76274645 -0.51770425
vn 0.38755661 -0.76274645 -0.51770425
vn 0.38755661 -0.76274645 -0.51770425
vn 0.54358989 0.67450637 -0.49955097
vn 0.54358989 0.67450637 -0.49955097
vn 0.54358989 0.67450637 -0.49955097
vn 0.37178147 0.87247998 -0.31710774
vn 0.37178147 0.87247998 -0.31710774
vn 0.37178147 0.87247998 -0.31710774
vn 0.16830119 0.98325813 -0.06984425
vn 0.16830119 0.98325813 -0.06984425
vn 0.16830119 0.98325813 -0.06984425
vn -0.05392848 0.96687406 0.24949194
vn -0.05392848 0.96687406 0.24949194
vn -0.05392848 0.96687406 0.24949194
vn -0.21802996 0.81445545 0.53770357
vn -0.21802996 0.81445545 0.53770357
vn -0.21802996 0.81445545 0.53770357
vn -0.25653332 -0.84923935 0.46150097
vn -0.25653332 -0.84923935 0.46150097
vn -0.25653332 -0.84923935 0.46150097
vn -0.11804541 -0.97133958 0.20631219
vn -0.11804541 -0.97133958 0.20631219
vn -0.11804541 -0.97133958 0.20631219
vn 0.07401807 -0.99555659 -0.05820958
vn 0.07401807 -0.99555659 -0.05820958
vn 0.07401807 -0.99555659 -0.05820958
vn 0.26688799 -0.92329419 -0.27622220
vn 0.26688799 -0.92329419 -0.27622220
vn 0.26688799 -0.92329419 -0.27622220
vn 0.45714414 -0.75940430 -0.46295169
vn 0.45714414 -0.75940430 -0.46295169
vn 0.45714414 -0.75940430 -0.46295169
vn 0.44522345 0.75334680 -0.48398834
vn 0.44522345 0.75334680 -0.48398834
vn 0.44522345 0.75334680 -0.48398834
vn 0.29265904 0.91196555 -0.28752315
vn 0.29265904 0.91196555 -0.28752315
vn 0.29265904 0.91196555 -0.28752315
vn 0.09930471 0.99317354 -0.06119698
vn 0.09930471 0.99317354 -0.06119698
vn 0.09930471 0.99317354 -0.06119698
vn -0.16915736 0.96178919 0.21528387
vn -0.16915736 0.96178919 0.21528387
vn -0.16915736 0.96178919 0.21528387
vn -0.41166499 0.79083103 0.45289958
vn -0.41166499 0.79083103 0.45289958
vn -0.41166499 0.79083103 0.45289958
vn -0.36072767 -0.81106055 0.46049571
vn -0.36072767 -0.81106055 0.46049571
vn -0.36072767 -0.81106055 0.46049571
vn -0.11762476 -0.96947366 0.21513997
vn -0.11762476 -0.96947366 0.21513997
vn -0.11762476 -0.96947366 0.21513997
vn 0.12348127 -0.99050045 -0.06050836
vn 0.12348127 -0.99050045 -0.06050836
vn 0.12348127 -0.99050045 -0.06050836
vn 0.29942790 -0.91066843 -0.28465047
vn 0.29942790 -0.91066843 -0.28465047
vn 0.29942790 -0.91066843 -0.28465047
vn 0.44877020 -0.75374115 -0.48008296
vn 0.44877020 -0.75374115 -0.48008296
vn 0.44877020 -0.75374115 -0.48008296
vn 0.57713985 0.60833973 -0.54482305
vn 0.57713985 0.60833973 -0.54482305
vn 0.57713985 0.60833973 -0.54482305
vn 0.35515988 0.85579765 -0.37612748
vn 0.35515988 0.85579765 -0.37612748
vn 0.35515988 0.85579765 -0.37612748
vn 0.07544207 0.99349183 -0.08533726
vn 0.07544207 0.99349183 -0.08533726
vn 0.07544207 0.99349183 -0.08533726
vn -0.16235557 0.94194186 0.29391557
vn -0.16235557 0.94194186 0.29391557
vn -0.16235557 0.94194186 0.29391557
vn -0.28158945 0.74987924 0.59865564
vn -0.28158945 0.74987924 0.59865564
vn -0.28158945 0.74987924 0.59865564
vn -0.30279341 -0.85498500 0.42109007
vn -0.30279341 -0.85498500 0.42109007
vn -0.30279341 -0.85498500 0.42109007
vn -0.19948806 -0.96223420 0.18522899
vn -0.19948806 -0.96223420 0.18522899
vn -0.19948806 -0.96223420 0.18522899
vn -0.00852324 -0.99856263 -0.05291524
vn -0.00852324 -0.99856263 -0.05291524
vn -0.00852324 -0.99856263 -0.05291524
vn 0.21883668 -0.94175774 -0.25534856
vn 0.21883668 -0.94175774 -0.25534856
vn 0.21883668 -0.94175774 -0.25534856
vn 0.44856584 -0.78228730 -0.43222135
vn 0.44856584 -0.78228730 -0.43222135
vn 0.44856584 -0.78228730 -0.43222135
vn 0.54604083 0.72961354 -0.41170785
vn 0.54604083 0.72961354 -0.41170785
vn 0.54604083 0.72961354 -0.41170785
vn 0.42186031 0.87377703 -0.24196622
vn 0.42186031 0.87377703 -0.24196622
vn 0.42186031 0.87377703 -0.24196622
vn 0.24081270 0.96915340 -0.05245118
vn 0.24081270 0.96915340 -0.05245118
vn 0.24081270 0.96915340 -0.05245118
vn -0.08155654 0.97794801 0.19226582
vn -0.08155654 0.97794801 0.19226582
vn -0.08155654 0.97794801 0.19226582
vn -0.41215259 0.81394488 0.40941909
vn -0.41215259 0.81394488 0.40941909
vn -0.41215259 0.81394488 0.40941909
vn -0.47797394 -0.72413099 0.49716720
vn -0.47797394 -0.72413099 0.49716720
vn -0.47797394 -0.72413099 0.49716720
vn -0.15996890 -0.95339185 0.25583938
vn -0.15996890 -0.95339185 0.25583938
vn -0.15996890 -0.95339185 0.25583938
vn 0.18986911 -0.97914153 -0.07232987
vn 0.18986911 -0.97914153 -0.07232987
vn 0.18986911 -0.97914153 -0.07232987
vn 0.41231284 -0.85219955 -0.32210898
vn 0.41231284 -0.85219955 -0.32210898
vn 0.41231284 -0.85219955 -0.32210898
vn 0.56737131 -0.65238774 -0.50247413
vn 0.56737131 -0.65238774 -0.50247413
vn 0.56737131 -0.65238774 -0.50247413
vn 0.60445642 0.59024996 -0.53501165
vn 0.60445642 0.59024996 -0.53501165
vn 0.60445642 0.59024996 -0.53501165
vn 0.39771864 0.83831120 -0.37289992
vn 0.39771864 0.83831120 -0.37289992
vn 0.39771864 0.83831120 -0.37289992
vn 0.14168270 0.98619252 -0.08573376
vn 0.14168270 0.98619252 -0.08573376
vn 0.14168270 0.98619252 -0.08573376
vn -0.06363557 0.95164502 0.30053660
vn -0.06363557 0.95164502 0.30053660
vn -0.06363557 0.95164502 0.30053660
vn -0.14330941 0.76979703 0.62199277
vn -0.14330941 0.76979703 0.62199277
vn -0.14330941 0.76979703 0.62199277
vn -0.18759666 -0.90150958 0.38998449
vn -0.18759666 -0.90150958 0.38998449
vn -0.18759666 -0.90150958 0.38998449
vn -0.11630288 -0.97931457 0.16557996
vn -0.11630288 -0.97931457 0.16557996
vn -0.11630288 -0.97931457 0.16557996
vn 0.03066165 -0.99844897 -0.04647143
vn 0.03066165 -0.99844897 -0.04647143
vn 0.03066165 -0.99844897 -0.04647143
vn 0.21550554 -0.94993597 -0.22622773
vn 0.21550554 -0.94993597 -0.22622773
vn 0.21550554 -0.94993597 -0.22622773
vn 0.42477554 -0.81446129 -0.39524490
vn 0.42477554 -0.81446129 -0.39524490
vn 0.42477554 -0.81446129 -0.39524490
f 1/1/1 3/2/2 2/3/3
f 1/4/4 4/5/5 3/6/6
f 1/7/7 5/8/8 4/9/9
f 1/10/10 6/11/11 5/12/12
f 1/13/13 7/14/14 6/15/15
f 1/16/16 8/17/17 7/18/18
f 1/19/19 9/20/20 8/21/21
f 1/22/22 10/23/23 9/24/24
f 1/25/25 11/26/26 10/27/27
f 1/28/28 2/29/29 11/30/30
f 2/31/31 13/32/32 12/33/33
f 3/34/34 14/35/35 13/36/36
f 4/37/37 15/38/38 14/39/39
f 5/40/40 16/41/41 15/42/42
f 6/43/43 17/44/44 16/45/45
f 8/46/46 17/47/47 7/48/48
f 9/49/49 18/50/50 8/51/51
f 10/52/52 19/53/53 9/54/54
f 11/55/55 20/56/56 10/57/57
f 2/58/58 21/59/59 11/60/60
f 12/61/61 23/62/62 22/63/63
f 13/64/64 24/65/65 23/66/66
f 14/67/67 25/68/68 24/69/69
f 15/70/70 26/71/71 25/72/72
f 16/73/73 27/74/74 26/75/75
f 18/76/76 27/77/77 17/78/78
f 19/79/79 28/80/80 18/81/81
f 20/82/82 29/83/83 19/84/84
f 21/85/85 30/86/86 20/87/87
f 12/88/88 31/89/89 21/90/90
f 22/91/91 33/92/92 32/93/93
f 23/94/94 34/95/95 33/96/96
f 24/97/97 35/98/98 34/99/99
f 25/100/100 36/101/101 35/102/102
f 26/103/103 37/104/104 36/105/105
f 28/106/106 37/107/107 27/108/108
f 29/109/109 38/110/110 28/111/111
f 30/112/112 39/113/113 29/114/114
f 31/115/115 40/116/116 30/117/117
f 22/118/118 41/119/119 31/120/120
f 32/121/121 43/122/122 42/123/123
f 33/124/124 44/125/125 43/126/126
f 34/127/127 45/128/128 44/129/129
f 35/130/130 46/131/131 45/132/132
f 36/133/133 47/134/134 46/135/135
f 38/136/136 47/137/137 37/138/138
f 39/139/139 48/140/140 38/141/141
f 40/142/142 49/143/143 39/144/144
f 41/145/145 50/146/146 40/147/147
f 32/148/148 51/149/149 41/150/150
f 42/151/151 53/152/152 52/153/153
f 43/154/154 54/155/155 53/156/156
f 44/157/157 55/158/158 54/159/159
f 45/160/160 56/161/161 55/162/162
f 46/163/163 57/164/164 56/165/165
f 48/166/166 57/167/167 47/168/168
f 49/169/169 58/170/170 48/171/171
f 50/172/172 59/173/173 49/174/174
f 51/175/175 60/176/176 50/177/177
f 42/178/178 61/179/179 51/180/180
f 52/181/181 63/182/182 62/183/183
f 53/184/184 64/185/185 63/186/186
f 54/187/187 65/188/188 64/189/189
f 55/190/190 66/191/191 65/192/192
f 56/193/193 67/194/194 66/195/195
f 58/196/196 67/197/197 57/198/198
f 59/199/199 68/200/200 58/201/201
f 60/202/202 69/203/203 59/204/204
f 61/205/205 70/206/206 60/207/207
f 52/208/208 71/209/209 61/210/210
f 62/211/211 73/212/212 72/213/213
f 63/214/214 74/215/215 73/216/216
f 64/217/217 75/218/218 74/219/219
f 65/220/220 76/221/221 75/222/222
f 66/223/223 77/224/224 76/225/225
f 68/226/226 77/227/227 67/228/228
f 69/229/229 78/230/230 68/231/231
f 70/232/232 79/233/233 69/234/234
f 71/235/235 80/236/236 70/237/237
f 62/238/238 81/239/239 71/240/240
f 72/241/241 83/242/242 82/243/243
f 73/244/244 84/245/245 83/246/246
f 74/247/247 85/248/248 84/249/249
f 75/250/250 86/251/251 85/252/252
f 76/253/253 87/254/254 86/255/255
f 78/256/256 87/257/257 77/258/258
f 79/259/259 88/260/260 78/261/261
f 80/262/262 89/263/263 79/264/264
f 81/265/265 90/266/266 80/267/267
f 72/268/268 91/269/269 81/270/270
f 82/271/271 93/272/272 92/273/273
f 83/274/274 94/275/275 93/276/276
f 84/277/277 95/278/278 94/279/279
f 85/280/280 96/281/281 95/282/282
f 86/283/283 97/284/284 96/285/285
f 88/286/286 97/287/287 87/288/288
f 89/289/289 98/290/290 88/291/291
f 90/292/292 99/293/293 89/294/294
f 91/295/295 100/296/296 90/297/297
f 82/298/298 101/299/299 91/300/300
f 92/301/301 103/302/302 102/303/303
f 93/304/304 104/305/305 103/306/306
f 94/307/307 105/308/308 104/309/309
f 95/310/310 106/311/311 105/312/312
f 97/313/313 106/314/314 96/315/315
f 97/316/316 108/317/317 107/318/318
f 99/319/319 108/320/320 98/321/321
f 100/322/322 109/323/323 99/324/324
f 101/325/325 110/326/326 100/327/327
f 92/328/328 111/329/329 101/330/330
f 102/331/331 113/332/332 112/333/333
f 103/334/334 114/335/335 113/336/336
f 104/337/337 115/338/338 114/339/339
f 105/340/340 116/341/341 115/342/342
f 106/343/343 117/344/344 116/345/345
f 108/346/346 117/347/347 107/348/348
f 109/349/349 118/350/350 108/351/351
f 110/352/352 119/353/353 109/354/354
f 111/355/355 120/356/356 110/357/357
f 102/358/358 121/359/359 111/360/360
f 112/361/361 123/362/362 122/363/363
f 113/364/364 124/365/365 123/366/366
f 114/367/367 125/368/368 124/369/369
f 115/370/370 126/371/371 125/372/372
f 116/373/373 127/374/374 126/375/375
f 118/376/376 127/377/377 117/378/378
f 119/379/379 128/380/380 118/381/381
f 120/382/382 129/383/383 119/384/384
f 121/385/385 130/386/386 120/387/387
f 112/388/388 131/389/389 121/390/390
f 122/391/391 133/392/392 132/393/393
f 123/394/394 134/395/395 133/396/396
f 124/397/397 135/398/398 134/399/399
f 125/400/400 136/401/401 135/402/402
f 126/403/403 137/404/404 136/405/405
f 128/406/406 137/407/407 127/408/408
f 129/409/409 138/410/410 128/411/411
f 130/412/412 139/413/413 129/414/414
f 131/415/415 140/416/416 130/417/417
f 122/418/418 141/419/419 131/420/420
f 132/421/421 143/422/422 142/423/423
f 133/424/424 144/425/425 143/426/426
f 134/427/427 145/428/428 144/429/429
f 135/430/430 146/431/431 145/432/432
f 136/433/433 147/434/434 146/435/435
f 138/436/436 147/437/437 137/438/438
f 139/439/439 148/440/440 138/441/441
f 140/442/442 149/443/443 139/444/444
f 141/445/445 150/446/446 140/447/447
f 132/448/448 151/449/449 141/450/450
f 142/451/451 153/452/452 152/453/453
f 143/454/454 154/455/455 153/456/456
f 144/457/457 155/458/458 154/459/459
f 145/460/460 156/461/461 155/462/462
f 147/463/463 156/464/464 146/465/465
f 148/466/466 157/467/467 147/468/468
f 149/469/469 158/470/470 148/471/471
f 150/472/472 159/473/473 149/474/474
f 151/475/475 160/476/476 150/477/477
f 142/478/478 161/479/479 151/480/480
f 152/481/481 163/482/482 162/483/483
f 153/484/484 164/485/485 163/486/486
f 154/487/487 165/488/488 164/489/489
f 155/490/490 166/491/491 165/492/492
f 156/493/493 167/494/494 166/495/495
f 158/496/496 167/497/497 157/498/498
f 159/499/499 168/500/500 158/501/501
f 160/502/502 169/503/503 159/504/504
f 161/505/505 170/506/506 160/507/507
f 152/508/508 171/509/509 161/510/510
f 162/511/511 173/512/512 172/513/513
f 163/514/514 174/515/515 173/516/516
f 165/517/517 174/518/518 164/519/519
f 166/520/520 175/521/521 165/522/522
f 167/523/523 176/524/524 166/525/525
f 167/526/526 178/527/527 177/528/528
f 168/529/529 179/530/530 178/531/531
f 169/532/532 180/533/533 179/534/534
f 171/535/535 180/536/536 170/537/537
f 162/538/538 181/539/539 171/540/540
f 172/541/541 183/542/542 182/543/543
f 173/544/544 184/545/545 183/546/546
f 174/547/547 185/548/548 184/549/549
f 175/550/550 186/551/551 185/552/552
f 176/553/553 187/554/554 186/555/555
f 178/556/556 187/557/557 177/558/558
f 179/559/559 188/560/560 178/561/561
f 180/562/562 189/563/563 179/564/564
f 181/565/565 190/566/566 180/567/567
f 172/568/568 191/569/569 181/570/570
f 182/571/571 193/572/572 192/573/573
f 183/574/574 194/575/575 193/576/576
f 185/577/577 194/578/578 184/579/579
f 186/580/580 195/581/581 185/582/582
f 187/583/583 196/584/584 186/585/585
f 187/586/586 198/587/587 197/588/588
f 188/589/589 199/590/590 198/591/591
f 190/592/592 199/593/593 189/594/594
f 191/595/595 200/596/596 190/597/597
f 182/598/598 201/599/599 191/600/600
f 192/601/601 203/602/602 202/603/603
f 193/604/604 204/605/605 203/606/606
f 194/607/607 205/608/608 204/609/609
f 195/610/610 206/611/611 205/612/612
f 196/613/613 207/614/614 206/615/615
f 198/616/616 207/617/617 197/618/618
f 199/619/619 208/620/620 198/621/621
f 200/622/622 209/623/623 199/624/624
f 201/625/625 210/626/626 200/627/627
f 192/628/628 211/629/629 201/630/630
f 203/631/631 212/632/632 202/633/633
f 203/634/634 214/635/635 213/636/636
f 204/637/637 215/638/638 214/639/639
f 205/640/640 216/641/641 215/642/642
f 206/643/643 217/644/644 216/645/645
f 208/646/646 217/647/647 207/648/648
f 209/649/649 218/650/650 208/651/651
f 210/652/652 219/653/653 209/654/654
f 211/655/655 220/656/656 210/657/657
f 202/658/658 221/659/659 211/660/660
f 212/661/661 223/662/662 222/663/663
f 213/664/664 224/665/665 223/666/666
f 215/667/667 224/668/668 214/669/669
f 216/670/670 225/671/671 215/672/672
f 217/673/673 226/674/674 216/675/675
f 217/676/676 228/677/677 227/678/678
f 218/679/679 229/680/680 228/681/681
f 219/682/682 230/683/683 229/684/684
f 221/685/685 230/686/686 220/687/687
f 212/688/688 231/689/689 221/690/690
f 223/691/691 232/692/692 222/693/693
f 223/694/694 234/695/695 233/696/696
f 224/697/697 235/698/698 234/699/699
f 225/700/700 236/701/701 235/702/702
f 226/703/703 237/704/704 236/705/705
f 228/706/706 237/707/707 227/708/708
f 229/709/709 238/710/710 228/711/711
f 230/712/712 239/713/713 229/714/714
f 231/715/715 240/716/716 230/717/717
f 222/718/718 241/719/719 231/720/720
f 232/721/721 243/722/722 242/723/723
f 234/724/724 243/725/725 233/726/726
f 235/727/727 244/728/728 234/729/729
f 236/730/730 245/731/731 235/732/732
f 237/733/733 246/734/734 236/735/735
f 237/736/736 248/737/737 247/738/738
f 238/739/739 249/740/740 248/741/741
f 239/742/742 250/743/743 249/744/744
f 240/745/745 251/746/746 250/747/747
f 232/748/748 251/749/749 241/750/750
f 243/751/751 252/752/752 242/753/753
f 243/754/754 254/755/755 253/756/756
f 244/757/757 255/758/758 254/759/759
f 245/760/760 256/761/761 255/762/762
f 246/763/763 257/764/764 256/765/765
f 248/766/766 257/767/767 247/768/768
f 249/769/769 258/770/770 248/771/771
f 250/772/772 259/773/773 249/774/774
f 251/775/775 260/776/776 250/777/777
f 251/778/778 252/779/779 261/780/780
f 253/781/781 262/782/782 252/783/783
f 254/784/784 263/785/785 253/786/786
f 255/787/787 264/788/788 254/789/789
f 256/790/790 265/791/791 255/792/792
f 257/793/793 266/794/794 256/795/795
f 257/796/796 268/797/797 267/798/798
f 258/799/799 269/800/800 268/801/801
f 259/802/802 270/803/803 269/804/804
f 260/805/805 271/806/806 270/807/807
f 261/808/808 262/809/809 271/810/810
f 263/811/811 272/812/812 262/813/813
f 264/814/814 273/815/815 263/816/816
f 265/817/817 274/818/818 264/819/819
f 266/820/820 275/821/821 265/822/822
f 267/823/823 276/824/824 266/825/825
f 267/826/826 278/827/827 277/828/828
f 268/829/829 279/830/830 278/831/831
f 269/832/832 280/833/833 279/834/834
f 270/835/835 281/836/836 280/837/837
f 271/838/838 272/839/839 281/840/840
f 273/841/841 282/842/842 272/843/843
f 274/844/844 283/845/845 273/846/846
f 275/847/847 284/848/848 274/849/849
f 276/850/850 285/851/851 275/852/852
f 276/853/853 287/854/854 286/855/855
f 277/856/856 288/857/857 287/858/858
f 278/859/859 289/860/860 288/861/861
f 279/862/862 290/863/863 289/864/864
f 280/865/865 291/866/866 290/867/867
f 281/868/868 282/869/869 291/870/870
f 283/871/871 292/872/872 282/873/873
f 284/874/874 293/875/875 283/876/876
f 285/877/877 294/878/878 284/879/879
f 286/880/880 295/881/881 285/882/882
f 287/883/883 296/884/884 286/885/885
f 287/886/886 298/887/887 297/888/888
f 288/889/889 299/890/890 298/891/891
f 289/892/892 300/893/893 299/894/894
f 290/895/895 301/896/896 300/897/897
f 291/898/898 292/899/899 301/900/900
f 293/901/901 302/902/902 292/903/903
f 294/904/904 303/905/905 293/906/906
f 295/907/907 304/908/908 294/909/909
f 296/910/910 305/911/911 295/912/912
f 296/913/913 307/914/914 306/915/915
f 298/916/916 307/917/917 297/918/918
f 298/919/919 309/920/920 308/921/921
f 299/922/922 310/923/923 309/924/924
f 300/925/925 311/926/926 310/927/927
f 301/928/928 302/929/929 311/930/930
f 303/931/931 312/932/932 302/933/933
f 304/934/934 313/935/935 303/936/936
f 305/937/937 314/938/938 304/939/939
f 306/940/940 315/941/941 305/942/942
f 307/943/943 316/944/944 306/945/945
f 307/946/946 318/947/947 317/948/948
f 308/949/949 319/950/950 318/951/951
f 309/952/952 320/953/953 319/954/954
f 310/955/955 321/956/956 320/957/957
f 311/958/958 312/959/959 321/960/960
f 313/961/961 322/962/962 312/963/963
f 313/964/964 324/965/965 323/966/966
f 314/967/967 325/968/968 324/969/969
f 315/970/970 326/971/971 325/972/972
f 316/973/973 327/974/974 326/975/975
f 318/976/976 327/977/977 317/978/978
f 319/979/979 328/980/980 318/981/981
f 320/982/982 329/983/983 319/984/984
f 320/985/985 331/986/986 330/987/987
f 321/988/988 322/989/989 331/990/990
f 323/991/991 332/992/992 322/993/993
f 324/994/994 333/995/995 323/996/996
f 325/997/997 334/998/998 324/999/999
f 326/1000/1000 335/1001/1001 325/1002/1002
f 327/1003/1003 336/1004/1004 326/1005/1005
f 327/1006/1006 338/1007/1007 337/1008/1008
f 328/1009/1009 339/1010/1010 338/1011/1011
f 329/1012/1012 340/1013/1013 339/1014/1014
f 330/1015/1015 341/1016/1016 340/1017/1017
f 331/1018/1018 332/1019/1019 341/1020/1020
f 333/1021/1021 342/1022/1022 332/1023/1023
f 334/1024/1024 343/1025/1025 333/1026/1026
f 335/1027/1027 344/1028/1028 334/1029/1029
f 336/1030/1030 345/1031/1031 335/1032/1032
f 337/1033/1033 346/1034/1034 336/1035/1035
f 337/1036/1036 348/1037/1037 347/1038/1038
f 338/1039/1039 349/1040/1040 348/1041/1041
f 339/1042/1042 350/1043/1043 349/1044/1044
f 340/1045/1045 351/1046/1046 350/1047/1047
f 341/1048/1048 342/1049/1049 351/1050/1050
f 343/1051/1051 352/1052/1052 342/1053/1053
f 344/1054/1054 353/1055/1055 343/1056/1056
f 345/1057/1057 354/1058/1058 344/1059/1059
f 346/1060/1060 355/1061/1061 345/1062/1062
f 347/1063/1063 356/1064/1064 346/1065/1065
f 347/1066/1066 358/1067/1067 357/1068/1068
f 348/1069/1069 359/1070/1070 358/1071/1071
f 349/1072/1072 360/1073/1073 359/1074/1074
f 350/1075/1075 361/1076/1076 360/1077/1077
f 351/1078/1078 352/1079/1079 361/1080/1080
f 353/1081/1081 362/1082/1082 352/1083/1083
f 354/1084/1084 363/1085/1085 353/1086/1086
f 355/1087/1087 364/1088/1088 354/1089/1089
f 356/1090/1090 365/1091/1091 355/1092/1092
f 357/1093/1093 366/1094/1094 356/1095/1095
f 357/1096/1096 368/1097/1097 367/1098/1098
f 358/1099/1099 369/1100/1100 368/1101/1101
f 359/1102/1102 370/1103/1103 369/1104/1104
f 360/1105/1105 371/1106/1106 370/1107/1107
f 361/1108/1108 362/1109/1109 371/1110/1110
f 363/1111/1111 372/1112/1112 362/1113/1113
f 364/1114/1114 373/1115/1115 363/1116/1116
f 365/1117/1117 374/1118/1118 364/1119/1119
f 366/1120/1120 375/1121/1121 365/1122/1122
f 366/1123/1123 377/1124/1124 376/1125/1125
f 367/1126/1126 378/1127/1127 377/1128/1128
f 368/1129/1129 379/1130/1130 378/1131/1131
f 369/1132/1132 380/1133/1133 379/1134/1134
f 370/1135/1135 381/1136/1136 380/1137/1137
f 371/1138/1138 372/1139/1139 381/1140/1140
f 373/1141/1141 382/1142/1142 372/1143/1143
f 374/1144/1144 383/1145/1145 373/1146/1146
f 375/1147/1147 384/1148/1148 374/1149/1149
f 376/1150/1150 385/1151/1151 375/1152/1152
f 377/1153/1153 386/1154/1154 376/1155/1155
f 377/1156/1156 388/1157/1157 387/1158/1158
f 378/1159/1159 389/1160/1160 388/1161/1161
f 379/1162/1162 390/1163/1163 389/1164/1164
f 380/1165/1165 391/1166/1166 390/1167/1167
f 381/1168/1168 382/1169/1169 391/1170/1170
f 383/1171/1171 392/1172/1172 382/1173/1173
f 384/1174/1174 393/1175/1175 383/1176/1176
f 385/1177/1177 394/1178/1178 384/1179/1179
f 385/1180/1180 396/1181/1181 395/1182/1182
f 386/1183/1183 397/1184/1184 396/1185/1185
f 388/1186/1186 397/1187/1187 387/1188/1188
f 389/1189/1189 398/1190/1190 388/1191/1191
f 389/1192/1192 400/1193/1193 399/1194/1194
f 390/1195/1195 401/1196/1196 400/1197/1197
f 391/1198/1198 392/1199/1199 401/1200/1200
f 393/1201/1201 402/1202/1202 392/1203/1203
f 394/1204/1204 403/1205/1205 393/1206/1206
f 395/1207/1207 404/1208/1208 394/1209/1209
f 396/1210/1210 405/1211/1211 395/1212/1212
f 397/1213/1213 406/1214/1214 396/1215/1215
f 397/1216/1216 408/1217/1217 407/1218/1218
f 398/1219/1219 409/1220/1220 408/1221/1221
f 399/1222/1222 410/1223/1223 409/1224/1224
f 400/1225/1225 411/1226/1226 410/1227/1227
f 401/1228/1228 402/1229/1229 411/1230/1230
f 403/1231/1231 412/1232/1232 402/1233/1233
f 404/1234/1234 413/1235/1235 403/1236/1236
f 405/1237/1237 414/1238/1238 404/1239/1239
f 406/1240/1240 415/1241/1241 405/1242/1242
f 407/1243/1243 416/1244/1244 406/1245/1245
f 407/1246/1246 418/1247/1247 417/1248/1248
f 408/1249/1249 419/1250/1250 418/1251/1251
f 409/1252/1252 420/1253/1253 419/1254/1254
f 410/1255/1255 421/1256/1256 420/1257/1257
f 411/1258/1258 412/1259/1259 421/1260/1260
f 413/1261/1261 422/1262/1262 412/1263/1263
f 414/1264/1264 423/1265/1265 413/1266/1266
f 415/1267/1267 424/1268/1268 414/1269/1269
f 416/1270/1270 425/1271/1271 415/1272/1272
f 417/1273/1273 426/1274/1274 416/1275/1275
f 417/1276/1276 428/1277/1277 427/1278/1278
f 418/1279/1279 429/1280/1280 428/1281/1281
f 419/1282/1282 430/1283/1283 429/1284/1284
f 420/1285/1285 431/1286/1286 430/1287/1287
f 421/1288/1288 422/1289/1289 431/1290/1290
f 423/1291/1291 432/1292/1292 422/1293/1293
f 424/1294/1294 433/1295/1295 423/1296/1296
f 425/1297/1297 434/1298/1298 424/1299/1299
f 426/1300/1300 435/1301/1301 425/1302/1302
f 427/1303/1303 436/1304/1304 426/1305/1305
f 427/1306/1306 438/1307/1307 437/1308/1308
f 428/1309/1309 439/1310/1310 438/1311/1311
f 429/1312/1312 440/1313/1313 439/1314/1314
f 430/1315/1315 441/1316/1316 440/1317/1317
f 431/1318/1318 432/1319/1319 441/1320/1320
f 433/1321/1321 442/1322/1322 432/1323/1323
f 434/1324/1324 443/1325/1325 433/1326/1326
f 435/1327/1327 444/1328/1328 434/1329/1329
f 436/1330/1330 445/1331/1331 435/1332/1332
f 437/1333/1333 446/1334/1334 436/1335/1335
f 437/1336/1336 448/1337/1337 447/1338/1338
f 438/1339/1339 449/1340/1340 448/1341/1341
f 439/1342/1342 450/1343/1343 449/1344/1344
f 440/1345/1345 451/1346/1346 450/1347/1347
f 441/1348/1348 442/1349/1349 451/1350/1350
f 443/1351/1351 452/1352/1352 442/1353/1353
f 444/1354/1354 453/1355/1355 443/1356/1356
f 445/1357/1357 454/1358/1358 444/1359/1359
f 446/1360/1360 455/1361/1361 445/1362/1362
f 447/1363/1363 456/1364/1364 446/1365/1365
f 447/1366/1366 458/1367/1367 457/1368/1368
f 448/1369/1369 459/1370/1370 458/1371/1371
f 449/1372/1372 460/1373/1373 459/1374/1374
f 450/1375/1375 461/1376/1376 460/1377/1377
f 451/1378/1378 452/1379/1379 461/1380/1380
f 453/1381/1381 462/1382/1382 452/1383/1383
f 454/1384/1384 463/1385/1385 453/1386/1386
f 455/1387/1387 464/1388/1388 454/1389/1389
f 456/1390/1390 465/1391/1391 455/1392/1392
f 457/1393/1393 466/1394/1394 456/1395/1395
f 457/1396/1396 468/1397/1397 467/1398/1398
f 458/1399/1399 469/1400/1400 468/1401/1401
f 459/1402/1402 470/1403/1403 469/1404/1404
f 460/1405/1405 471/1406/1406 470/1407/1407
f 461/1408/1408 462/1409/1409 471/1410/1410
f 472/1411/1411 462/1412/1412 463/1413/1413
f 472/1414/1414 463/1415/1415 464/1416/1416
f 472/1417/1417 464/1418/1418 465/1419/1419
f 472/1420/1420 465/1421/1421 466/1422/1422
f 472/1423/1423 466/1424/1424 467/1425/1425
f 472/1426/1426 467/1427/1427 468/1428/1428
f 472/1429/1429 468/1430/1430 469/1431/1431
f 472/1432/1432 469/1433/1433 470/1434/1434
f 472/1435/1435 470/1436/1436 471/1437/1437
f 472/1438/1438 471/1439/1439 462/1440/1440
f 2/1441/1441 3/1442/1442 13/1443/1443
f 3/1444/1444 4/1445/1445 14/1446/1446
f 4/1447/1447 5/1448/1448 15/1449/1449
f 5/1450/1450 6/1451/1451 16/1452/1452
f 6/1453/1453 7/1454/1454 17/1455/1455
f 8/1456/1456 18/1457/1457 17/1458/1458
f 9/1459/1459 19/1460/1460 18/1461/1461
f 10/1462/1462 20/1463/1463 19/1464/1464
f 11/1465/1465 21/1466/1466 20/1467/1467
f 2/1468/1468 12/1469/1469 21/1470/1470
f 12/1471/1471 13/1472/1472 23/1473/1473
f 13/1474/1474 14/1475/1475 24/1476/1476
f 14/1477/1477 15/1478/1478 25/1479/1479
f 15/1480/1480 16/1481/1481 26/1482/1482
f 16/1483/1483 17/1484/1484 27/1485/1485
f 18/1486/1486 28/1487/1487 27/1488/1488
f 19/1489/1489 29/1490/1490 28/1491/1491
f 20/1492/1492 30/1493/1493 29/1494/1494
f 21/1495/1495 31/1496/1496 30/1497/1497
f 12/1498/1498 22/1499/1499 31/1500/1500
f 22/1501/1501 23/1502/1502 33/1503/1503
f 23/1504/1504 24/1505/1505 34/1506/1506
f 24/1507/1507 25/1508/1508 35/1509/1509
f 25/1510/1510 26/1511/1511 36/1512/1512
f 26/1513/1513 27/1514/1514 37/1515/1515
f 28/1516/1516 38/1517/1517 37/1518/1518
f 29/1519/1519 39/1520/1520 38/1521/1521
f 30/1522/1522 40/1523/1523 39/1524/1524
f 31/1525/1525 41/1526/1526 40/1527/1527
f 22/1528/1528 32/1529/1529 41/1530/1530
f 32/1531/1531 33/1532/1532 43/1533/1533
f 33/1534/1534 34/1535/1535 44/1536/1536
f 34/1537/1537 35/1538/1538 45/1539/1539
f 35/1540/1540 36/1541/1541 46/1542/1542
f 36/1543/1543 37/1544/1544 47/1545/1545
f 38/1546/1546 48/1547/1547 47/1548/1548
f 39/1549/1549 49/1550/1550 48/1551/1551
f 40/1552/1552 50/1553/1553 49/1554/1554
f 41/1555/1555 51/1556/1556 50/1557/1557
f 32/1558/1558 42/1559/1559 51/1560/1560
f 42/1561/1561 43/1562/1562 53/1563/1563
f 43/1564/1564 44/1565/1565 54/1566/1566
f 44/1567/1567 45/1568/1568 55/1569/1569
f 45/1570/1570 46/1571/1571 56/1572/1572
f 46/1573/1573 47/1574/1574 57/1575/1575
f 48/1576/1576 58/1577/1577 57/1578/1578
f 49/1579/1579 59/1580/1580 58/1581/1581
f 50/1582/1582 60/1583/1583 59/1584/1584
f 51/1585/1585 61/1586/1586 60/1587/1587
f 42/1588/1588 52/1589/1589 61/1590/1590
f 52/1591/1591 53/1592/1592 63/1593/1593
f 53/1594/1594 54/1595/1595 64/1596/1596
f 54/1597/1597 55/1598/1598 65/1599/1599
f 55/1600/1600 56/1601/1601 66/1602/1602
f 56/1603/1603 57/1604/1604 67/1605/1605
f 58/1606/1606 68/1607/1607 67/1608/1608
f 59/1609/1609 69/1610/1610 68/1611/1611
f 60/1612/1612 70/1613/1613 69/1614/1614
f 61/1615/1615 71/1616/1616 70/1617/1617
f 52/1618/1618 62/1619/1619 71/1620/1620
f 62/1621/1621 63/1622/1622 73/1623/1623
f 63/1624/1624 64/1625/1625 74/1626/1626
f 64/1627/1627 65/1628/1628 75/1629/1629
f 65/1630/1630 66/1631/1631 76/1632/1632
f 66/1633/1633 67/1634/1634 77/1635/1635
f 68/1636/1636 78/1637/1637 77/1638/1638
f 69/1639/1639 79/1640/1640 78/1641/1641
f 70/1642/1642 80/1643/1643 79/1644/1644
f 71/1645/1645 81/1646/1646 80/1647/1647
f 62/1648/1648 72/1649/1649 81/1650/1650
f 72/1651/1651 73/1652/1652 83/1653/1653
f 73/1654/1654 74/1655/1655 84/1656/1656
f 74/1657/1657 75/1658/1658 85/1659/1659
f 75/1660/1660 76/1661/1661 86/1662/1662
f 76/1663/1663 77/1664/1664 87/1665/1665
f 78/1666/1666 88/1667/1667 87/1668/1668
f 79/1669/1669 89/1670/1670 88/1671/1671
f 80/1672/1672 90/1673/1673 89/1674/1674
f 81/1675/1675 91/1676/1676 90/1677/1677
f 72/1678/1678 82/1679/1679 91/1680/1680
f 82/1681/1681 83/1682/1682 93/1683/1683
f 83/1684/1684 84/1685/1685 94/1686/1686
f 84/1687/1687 85/1688/1688 95/1689/1689
f 85/1690/1690 86/1691/1691 96/1692/1692
f 86/1693/1693 87/1694/1694 97/1695/1695
f 88/1696/1696 98/1697/1697 97/1698/1698
f 89/1699/1699 99/1700/1700 98/1701/1701
f 90/1702/1702 100/1703/1703 99/1704/1704
f 91/1705/1705 101/1706/1706 100/1707/1707
f 82/1708/1708 92/1709/1709 101/1710/1710
f 92/1711/1711 93/1712/1712 103/1713/1713
f 93/1714/1714 94/1715/1715 104/1716/1716
f 94/1717/1717 95/1718/1718 105/1719/1719
f 95/1720/1720 96/1721/1721 106/1722/1722
f 97/1723/1723 107/1724/1724 106/1725/1725
f 97/1726/1726 98/1727/1727 108/1728/1728
f 99/1729/1729 109/1730/1730 108/1731/1731
f 100/1732/1732 110/1733/1733 109/1734/1734
f 101/1735/1735 111/1736/1736 110/1737/1737
f 92/1738/1738 102/1739/1739 111/1740/1740
f 102/1741/1741 103/1742/1742 113/1743/1743
f 103/1744/1744 104/1745/1745 114/1746/1746
f 104/1747/1747 105/1748/1748 115/1749/1749
f 105/1750/1750 106/1751/1751 116/1752/1752
f 106/1753/1753 107/1754/1754 117/1755/1755
f 108/1756/1756 118/1757/1757 117/1758/1758
f 109/1759/1759 119/1760/1760 118/1761/1761
f 110/1762/1762 120/1763/1763 119/1764/1764
f 111/1765/1765 121/1766/1766 120/1767/1767
f 102/1768/1768 112/1769/1769 121/1770/1770
f 112/1771/1771 113/1772/1772 123/1773/1773
f 113/1774/1774 114/1775/1775 124/1776/1776
f 114/1777/1777 115/1778/1778 125/1779/1779
f 115/1780/1780 116/1781/1781 126/1782/1782
f 116/1783/1783 117/1784/1784 127/1785/1785
f 118/1786/1786 128/1787/1787 127/1788/1788
f 119/1789/1789 129/1790/1790 128/1791/1791
f 120/1792/1792 130/1793/1793 129/1794/1794
f 121/1795/1795 131/1796/1796 130/1797/1797
f 112/1798/1798 122/1799/1799 131/1800/1800
f 122/1801/1801 123/1802/1802 133/1803/1803
f 123/1804/1804 124/1805/1805 134/1806/1806
f 124/1807/1807 125/1808/1808 135/1809/1809
f 125/1810/1810 126/1811/1811 136/1812/1812
f 126/1813/1813 127/1814/1814 137/1815/1815
f 128/1816/1816 138/1817/1817 137/1818/1818
f 129/1819/1819 139/1820/1820 138/1821/1821
f 130/1822/1822 140/1823/1823 139/1824/1824
f 131/1825/1825 141/1826/1826 140/1827/1827
f 122/1828/1828 132/1829/1829 141/1830/1830
f 132/1831/1831 133/1832/1832 143/1833/1833
f 133/1834/1834 134/1835/1835 144/1836/1836
f 134/1837/1837 135/1838/1838 145/1839/1839
f 135/1840/1840 136/1841/1841 146/1842/1842
f 136/1843/1843 137/1844/1844 147/1845/1845
f 138/1846/1846 148/1847/1847 147/1848/1848
f 139/1849/1849 149/1850/1850 148/1851/1851
f 140/1852/1852 150/1853/1853 149/1854/1854
f 141/1855/1855 151/1856/1856 150/1857/1857
f 132/1858/1858 142/1859/1859 151/1860/1860
f 142/1861/1861 143/1862/1862 153/1863/1863
f 143/1864/1864 144/1865/1865 154/1866/1866
f 144/1867/1867 145/1868/1868 155/1869/1869
f 145/1870/1870 146/1871/1871 156/1872/1872
f 147/1873/1873 157/1874/1874 156/1875/1875
f 148/1876/1876 158/1877/1877 157/1878/1878
f 149/1879/1879 159/1880/1880 158/1881/1881
f 150/1882/1882 160/1883/1883 159/1884/1884
f 151/1885/1885 161/1886/1886 160/1887/1887
f 142/1888/1888 152/1889/1889 161/1890/1890
f 152/1891/1891 153/1892/1892 163/1893/1893
f 153/1894/1894 154/1895/1895 164/1896/1896
f 154/1897/1897 155/1898/1898 165/1899/1899
f 155/1900/1900 156/1901/1901 166/1902/1902
f 156/1903/1903 157/1904/1904 167/1905/1905
f 158/1906/1906 168/1907/1907 167/1908/1908
f 159/1909/1909 169/1910/1910 168/1911/1911
f 160/1912/1912 170/1913/1913 169/1914/1914
f 161/1915/1915 171/1916/1916 170/1917/1917
f 152/1918/1918 162/1919/1919 171/1920/1920
f 162/1921/1921 163/1922/1922 173/1923/1923
f 163/1924/1924 164/1925/1925 174/1926/1926
f 165/1927/1927 175/1928/1928 174/1929/1929
f 166/1930/1930 176/1931/1931 175/1932/1932
f 167/1933/1933 177/1934/1934 176/1935/1935
f 167/1936/1936 168/1937/1937 178/1938/1938
f 168/1939/1939 169/1940/1940 179/1941/1941
f 169/1942/1942 170/1943/1943 180/1944/1944
f 171/1945/1945 181/1946/1946 180/1947/1947
f 162/1948/1948 172/1949/1949 181/1950/1950
f 172/1951/1951 173/1952/1952 183/1953/1953
f 173/1954/1954 174/1955/1955 184/1956/1956
f 174/1957/1957 175/1958/1958 185/1959/1959
f 175/1960/1960 176/1961/1961 186/1962/1962
f 176/1963/1963 177/1964/1964 187/1965/1965
f 178/1966/1966 188/1967/1967 187/1968/1968
f 179/1969/1969 189/1970/1970 188/1971/1971
f 180/1972/1972 190/1973/1973 189/1974/1974
f 181/1975/1975 191/1976/1976 190/1977/1977
f 172/1978/1978 182/1979/1979 191/1980/1980
f 182/1981/1981 183/1982/1982 193/1983/1983
f 183/1984/1984 184/1985/1985 194/1986/1986
f 185/1987/1987 195/1988/1988 194/1989/1989
f 186/1990/1990 196/1991/1991 195/1992/1992
f 187/1993/1993 197/1994/1994 196/1995/1995
f 187/1996/1996 188/1997/1997 198/1998/1998
f 188/1999/1999 189/2000/2000 199/2001/2001
f 190/2002/2002 200/2003/2003 199/2004/2004
f 191/2005/2005 201/2006/2006 200/2007/2007
f 182/2008/2008 192/2009/2009 201/2010/2010
f 192/2011/2011 193/2012/2012 203/2013/2013
f 193/2014/2014 194/2015/2015 204/2016/2016
f 194/2017/2017 195/2018/2018 205/2019/2019
f 195/2020/2020 196/2021/2021 206/2022/2022
f 196/2023/2023 197/2024/2024 207/2025/2025
f 198/2026/2026 208/2027/2027 207/2028/2028
f 199/2029/2029 209/2030/2030 208/2031/2031
f 200/2032/2032 210/2033/2033 209/2034/2034
f 201/2035/2035 211/2036/2036 210/2037/2037
f 192/2038/2038 202/2039/2039 211/2040/2040
f 203/2041/2041 213/2042/2042 212/2043/2043
f 203/2044/2044 204/2045/2045 214/2046/2046
f 204/2047/2047 205/2048/2048 215/2049/2049
f 205/2050/2050 206/2051/2051 216/2052/2052
f 206/2053/2053 207/2054/2054 217/2055/2055
f 208/2056/2056 218/2057/2057 217/2058/2058
f 209/2059/2059 219/2060/2060 218/2061/2061
f 210/2062/2062 220/2063/2063 219/2064/2064
f 211/2065/2065 221/2066/2066 220/2067/2067
f 202/2068/2068 212/2069/2069 221/2070/2070
f 212/2071/2071 213/2072/2072 223/2073/2073
f 213/2074/2074 214/2075/2075 224/2076/2076
f 215/2077/2077 225/2078/2078 224/2079/2079
f 216/2080/2080 226/2081/2081 225/2082/2082
f 217/2083/2083 227/2084/2084 226/2085/2085
f 217/2086/2086 218/2087/2087 228/2088/2088
f 218/2089/2089 219/2090/2090 229/2091/2091
f 219/2092/2092 220/2093/2093 230/2094/2094
f 221/2095/2095 231/2096/2096 230/2097/2097
f 212/2098/2098 222/2099/2099 231/2100/2100
f 223/2101/2101 233/2102/2102 232/2103/2103
f 223/2104/2104 224/2105/2105 234/2106/2106
f 224/2107/2107 225/2108/2108 235/2109/2109
f 225/2110/2110 226/2111/2111 236/2112/2112
f 226/2113/2113 227/2114/2114 237/2115/2115
f 228/2116/2116 238/2117/2117 237/2118/2118
f 229/2119/2119 239/2120/2120 238/2121/2121
f 230/2122/2122 240/2123/2123 239/2124/2124
f 231/2125/2125 241/2126/2126 240/2127/2127
f 222/2128/2128 232/2129/2129 241/2130/2130
f 232/2131/2131 233/2132/2132 243/2133/2133
f 234/2134/2134 244/2135/2135 243/2136/2136
f 235/2137/2137 245/2138/2138 244/2139/2139
f 236/2140/2140 246/2141/2141 245/2142/2142
f 237/2143/2143 247/2144/2144 246/2145/2145
f 237/2146/2146 238/2147/2147 248/2148/2148
f 238/2149/2149 239/2150/2150 249/2151/2151
f 239/2152/2152 240/2153/2153 250/2154/2154
f 240/2155/2155 241/2156/2156 251/2157/2157
f 232/2158/2158 242/2159/2159 251/2160/2160
f 243/2161/2161 253/2162/2162 252/2163/2163
f 243/2164/2164 244/2165/2165 254/2166/2166
f 244/2167/2167 245/2168/2168 255/2169/2169
f 245/2170/2170 246/2171/2171 256/2172/2172
f 246/2173/2173 247/2174/2174 257/2175/2175
f 248/2176/2176 258/2177/2177 257/2178/2178
f 249/2179/2179 259/2180/2180 258/2181/2181
f 250/2182/2182 260/2183/2183 259/2184/2184
f 251/2185/2185 261/2186/2186 260/2187/2187
f 251/2188/2188 242/2189/2189 252/2190/2190
f 253/2191/2191 263/2192/2192 262/2193/2193
f 254/2194/2194 264/2195/2195 263/2196/2196
f 255/2197/2197 265/2198/2198 264/2199/2199
f 256/2200/2200 266/2201/2201 265/2202/2202
f 257/2203/2203 267/2204/2204 266/2205/2205
f 257/2206/2206 258/2207/2207 268/2208/2208
f 258/2209/2209 259/2210/2210 269/2211/2211
f 259/2212/2212 260/2213/2213 270/2214/2214
f 260/2215/2215 261/2216/2216 271/2217/2217
f 261/2218/2218 252/2219/2219 262/2220/2220
f 263/2221/2221 273/2222/2222 272/2223/2223
f 264/2224/2224 274/2225/2225 273/2226/2226
f 265/2227/2227 275/2228/2228 274/2229/2229
f 266/2230/2230 276/2231/2231 275/2232/2232
f 267/2233/2233 277/2234/2234 276/2235/2235
f 267/2236/2236 268/2237/2237 278/2238/2238
f 268/2239/2239 269/2240/2240 279/2241/2241
f 269/2242/2242 270/2243/2243 280/2244/2244
f 270/2245/2245 271/2246/2246 281/2247/2247
f 271/2248/2248 262/2249/2249 272/2250/2250
f 273/2251/2251 283/2252/2252 282/2253/2253
f 274/2254/2254 284/2255/2255 283/2256/2256
f 275/2257/2257 285/2258/2258 284/2259/2259
f 276/2260/2260 286/2261/2261 285/2262/2262
f 276/2263/2263 277/2264/2264 287/2265/2265
f 277/2266/2266 278/2267/2267 288/2268/2268
f 278/2269/2269 279/2270/2270 289/2271/2271
f 279/2272/2272 280/2273/2273 290/2274/2274
f 280/2275/2275 281/2276/2276 291/2277/2277
f 281/2278/2278 272/2279/2279 282/2280/2280
f 283/2281/2281 293/2282/2282 292/2283/2283
f 284/2284/2284 294/2285/2285 293/2286/2286
f 285/2287/2287 295/2288/2288 294/2289/2289
f 286/2290/2290 296/2291/2291 295/2292/2292
f 287/2293/2293 297/2294/2294 296/2295/2295
f 287/2296/2296 288/2297/2297 298/2298/2298
f 288/2299/2299 289/2300/2300 299/2301/2301
f 289/2302/2302 290/2303/2303 300/2304/2304
f 290/2305/2305 291/2306/2306 301/2307/2307
f 291/2308/2308 282/2309/2309 292/2310/2310
f 293/2311/2311 303/2312/2312 302/2313/2313
f 294/2314/2314 304/2315/2315 303/2316/2316
f 295/2317/2317 305/2318/2318 304/2319/2319
f 296/2320/2320 306/2321/2321 305/2322/2322
f 296/2323/2323 297/2324/2324 307/2325/2325
f 298/2326/2326 308/2327/2327 307/2328/2328
f 298/2329/2329 299/2330/2330 309/2331/2331
f 299/2332/2332 300/2333/2333 310/2334/2334
f 300/2335/2335 301/2336/2336 311/2337/2337
f 301/2338/2338 292/2339/2339 302/2340/2340
f 303/2341/2341 313/2342/2342 312/2343/2343
f 304/2344/2344 314/2345/2345 313/2346/2346
f 305/2347/2347 315/2348/2348 314/2349/2349
f 306/2350/2350 316/2351/2351 315/2352/2352
f 307/2353/2353 317/2354/2354 316/2355/2355
f 307/2356/2356 308/2357/2357 318/2358/2358
f 308/2359/2359 309/2360/2360 319/2361/2361
f 309/2362/2362 310/2363/2363 320/2364/2364
f 310/2365/2365 311/2366/2366 321/2367/2367
f 311/2368/2368 302/2369/2369 312/2370/2370
f 313/2371/2371 323/2372/2372 322/2373/2373
f 313/2374/2374 314/2375/2375 324/2376/2376
f 314/2377/2377 315/2378/2378 325/2379/2379
f 315/2380/2380 316/2381/2381 326/2382/2382
f 316/2383/2383 317/2384/2384 327/2385/2385
f 318/2386/2386 328/2387/2387 327/2388/2388
f 319/2389/2389 329/2390/2390 328/2391/2391
f 320/2392/2392 330/2393/2393 329/2394/2394
f 320/2395/2395 321/2396/2396 331/2397/2397
f 321/2398/2398 312/2399/2399 322/2400/2400
f 323/2401/2401 333/2402/2402 332/2403/2403
f 324/2404/2404 334/2405/2405 333/2406/2406
f 325/2407/2407 335/2408/2408 334/2409/2409
f 326/2410/2410 336/2411/2411 335/2412/2412
f 327/2413/2413 337/2414/2414 336/2415/2415
f 327/2416/2416 328/2417/2417 338/2418/2418
f 328/2419/2419 329/2420/2420 339/2421/2421
f 329/2422/2422 330/2423/2423 340/2424/2424
f 330/2425/2425 331/2426/2426 341/2427/2427
f 331/2428/2428 322/2429/2429 332/2430/2430
f 333/2431/2431 343/2432/2432 342/2433/2433
f 334/2434/2434 344/2435/2435 343/2436/2436
f 335/2437/2437 345/2438/2438 344/2439/2439
f 336/2440/2440 346/2441/2441 345/2442/2442
f 337/2443/2443 347/2444/2444 346/2445/2445
f 337/2446/2446 338/2447/2447 348/2448/2448
f 338/2449/2449 339/2450/2450 349/2451/2451
f 339/2452/2452 340/2453/2453 350/2454/2454
f 340/2455/2455 341/2456/2456 351/2457/2457
f 341/2458/2458 332/2459/2459 342/2460/2460
f 343/2461/2461 353/2462/2462 352/2463/2463
f 344/2464/2464 354/2465/2465 353/2466/2466
f 345/2467/2467 355/2468/2468 354/2469/2469
f 346/2470/2470 356/2471/2471 355/2472/2472
f 347/2473/2473 357/2474/2474 356/2475/2475
f 347/2476/2476 348/2477/2477 358/2478/2478
f 348/2479/2479 349/2480/2480 359/2481/2481
f 349/2482/2482 350/2483/2483 360/2484/2484
f 350/2485/2485 351/2486/2486 361/2487/2487
f 351/2488/2488 342/2489/2489 352/2490/2490
f 353/2491/2491 363/2492/2492 362/2493/2493
f 354/2494/2494 364/2495/2495 363/2496/2496
f 355/2497/2497 365/2498/2498 364/2499/2499
f 356/2500/2500 366/2501/2501 365/2502/2502
f 357/2503/2503 367/2504/2504 366/2505/2505
f 357/2506/2506 358/2507/2507 368/2508/2508
f 358/2509/2509 359/2510/2510 369/2511/2511
f 359/2512/2512 360/2513/2513 370/2514/2514
f 360/2515/2515 361/2516/2516 371/2517/2517
f 361/2518/2518 352/2519/2519 362/2520/2520
f 363/2521/2521 373/2522/2522 372/2523/2523
f 364/2524/2524 374/2525/2525 373/2526/2526
f 365/2527/2527 375/2528/2528 374/2529/2529
f 366/2530/2530 376/2531/2531 375/2532/2532
f 366/2533/2533 367/2534/2534 377/2535/2535
f 367/2536/2536 368/2537/2537 378/2538/2538
f 368/2539/2539 369/2540/2540 379/2541/2541
f 369/2542/2542 370/2543/2543 380/2544/2544
f 370/2545/2545 371/2546/2546 381/2547/2547
f 371/2548/2548 362/2549/2549 372/2550/2550
f 373/2551/2551 383/2552/2552 382/2553/2553
f 374/2554/2554 384/2555/2555 383/2556/2556
f 375/2557/2557 385/2558/2558 384/2559/2559
f 376/2560/2560 386/2561/2561 385/2562/2562
f 377/2563/2563 387/2564/2564 386/2565/2565
f 377/2566/2566 378/2567/2567 388/2568/2568
f 378/2569/2569 379/2570/2570 389/2571/2571
f 379/2572/2572 380/2573/2573 390/2574/2574
f 380/2575/2575 381/2576/2576 391/2577/2577
f 381/2578/2578 372/2579/2579 382/2580/2580
f 383/2581/2581 393/2582/2582 392/2583/2583
f 384/2584/2584 394/2585/2585 393/2586/2586
f 385/2587/2587 395/2588/2588 394/2589/2589
f 385/2590/2590 386/2591/2591 396/2592/2592
f 386/2593/2593 387/2594/2594 397/2595/2595
f 388/2596/2596 398/2597/2597 397/2598/2598
f 389/2599/2599 399/2600/2600 398/2601/2601
f 389/2602/2602 390/2603/2603 400/2604/2604
f 390/2605/2605 391/2606/2606 401/2607/2607
f 391/2608/2608 382/2609/2609 392/2610/2610
f 393/2611/2611 403/2612/2612 402/2613/2613
f 394/2614/2614 404/2615/2615 403/2616/2616
f 395/2617/2617 405/2618/2618 404/2619/2619
f 396/2620/2620 406/2621/2621 405/2622/2622
f 397/2623/2623 407/2624/2624 406/2625/2625
f 397/2626/2626 398/2627/2627 408/2628/2628
f 398/2629/2629 399/2630/2630 409/2631/2631
f 399/2632/2632 400/2633/2633 410/2634/2634
f 400/2635/2635 401/2636/2636 411/2637/2637
f 401/2638/2638 392/2639/2639 402/2640/2640
f 403/2641/2641 413/2642/2642 412/2643/2643
f 404/2644/2644 414/2645/2645 413/2646/2646
f 405/2647/2647 415/2648/2648 414/2649/2649
f 406/2650/2650 416/2651/2651 415/2652/2652
f 407/2653/2653 417/2654/2654 416/2655/2655
f 407/2656/2656 408/2657/2657 418/2658/2658
f 408/2659/2659 409/2660/2660 419/2661/2661
f 409/2662/2662 410/2663/2663 420/2664/2664
f 410/2665/2665 411/2666/2666 421/2667/2667
f 411/2668/2668 402/2669/2669 412/2670/2670
f 413/2671/2671 423/2672/2672 422/2673/2673
f 414/2674/2674 424/2675/2675 423/2676/2676
f 415/2677/2677 425/2678/2678 424/2679/2679
f 416/2680/2680 426/2681/2681 425/2682/2682
f 417/2683/2683 427/2684/2684 426/2685/2685
f 417/2686/2686 418/2687/2687 428/2688/2688
f 418/2689/2689 419/2690/2690 429/2691/2691
f 419/2692/2692 420/2693/2693 430/2694/2694
f 420/2695/2695 421/2696/2696 431/2697/2697
f 421/2698/2698 412/2699/2699 422/2700/2700
f 423/2701/2701 433/2702/2702 432/2703/2703
f 424/2704/2704 434/2705/2705 433/2706/2706
f 425/2707/2707 435/2708/2708 434/2709/2709
f 426/2710/2710 436/2711/2711 435/2712/2712
f 427/2713/2713 437/2714/2714 436/2715/2715
f 427/2716/2716 428/2717/2717 438/2718/2718
f 428/2719/2719 429/2720/2720 439/2721/2721
f 429/2722/2722 430/2723/2723 440/2724/2724
f 430/2725/2725 431/2726/2726 441/2727/2727
f 431/2728/2728 422/2729/2729 432/2730/2730
f 433/2731/2731 443/2732/2732 442/2733/2733
f 434/2734/2734 444/2735/2735 443/2736/2736
f 435/2737/2737 445/2738/2738 444/2739/2739
f 436/2740/2740 446/2741/2741 445/2742/2742
f 437/2743/2743 447/2744/2744 446/2745/2745
f 437/2746/2746 438/2747/2747 448/2748/2748
f 438/2749/2749 439/2750/2750 449/2751/2751
f 439/2752/2752 440/2753/2753 450/2754/2754
f 440/2755/2755 441/2756/2756 451/2757/2757
f 441/2758/2758 432/2759/2759 442/2760/2760
f 443/2761/2761 453/2762/2762 452/2763/2763
f 444/2764/2764 454/2765/2765 453/2766/2766
f 445/2767/2767 455/2768/2768 454/2769/2769
f 446/2770/2770 456/2771/2771 455/2772/2772
f 447/2773/2773 457/2774/2774 456/2775/2775
f 447/2776/2776 448/2777/2777 458/2778/2778
f 448/2779/2779 449/2780/2780 459/2781/2781
f 449/2782/2782 450/2783/2783 460/2784/2784
f 450/2785/2785 451/2786/2786 461/2787/2787
f 451/2788/2788 442/2789/2789 452/2790/2790
f 453/2791/2791 463/2792/2792 462/2793/2793
f 454/2794/2794 464/2795/2795 463/2796/2796
f 455/2797/2797 465/2798/2798 464/2799/2799
f 456/2800/2800 466/2801/2801 465/2802/2802
f 457/2803/2803 467/2804/2804 466/2805/2805
f 457/2806/2806 458/2807/2807 468/2808/2808
f 458/2809/2809 459/2810/2810 469/2811/2811
f 459/2812/2812 460/2813/2813 470/2814/2814
f 460/2815/2815 461/2816/2816 471/2817/2817
f 461/2818/2818 452/2819/2819 462/2820/2820
