# Godot basis: +Y up, forward -Z; clean UV mapped sword-wave mesh
o normal_crescent
v -1.00000000 0.00000000 0.22000000
v -0.95833331 0.00138715 0.17006184
v -0.95833331 0.00457955 0.17511205
v -0.95833331 0.00719063 0.18352908
v -0.95833331 0.00782851 0.19405036
v -0.95833331 0.00541862 0.20499247
v -0.95833331 0.00138715 0.21214695
v -0.95833331 -0.00207991 0.20499247
v -0.95833331 -0.00415242 0.19405036
v -0.95833331 -0.00360384 0.18352908
v -0.95833331 -0.00135831 0.17511205
v -0.91666669 0.00271528 0.12187304
v -0.91666669 0.00755661 0.12974033
v -0.91666669 0.01151636 0.14285247
v -0.91666669 0.01248372 0.15924266
v -0.91666669 0.00882907 0.17628844
v -0.91666669 0.00271528 0.18743378
v -0.91666669 -0.00254258 0.17628844
v -0.91666669 -0.00568558 0.15924266
v -0.91666669 -0.00485366 0.14285247
v -0.91666669 -0.00144826 0.12974033
v -0.87500000 0.00398437 0.07544766
v -0.87500000 0.01012515 0.08558083
v -0.87500000 0.01514773 0.10246944
v -0.87500000 0.01637473 0.12358022
v -0.87500000 0.01173915 0.14553542
v -0.87500000 0.00398437 0.15989076
v -0.87500000 -0.00268473 0.14553542
v -0.87500000 -0.00667133 0.12358022
v -0.87500000 -0.00561611 0.10246944
v -0.87500000 -0.00129669 0.08558083
v -0.83333331 0.00519444 0.03080053
v -0.83333331 0.01243270 0.04287209
v -0.83333331 0.01835292 0.06299136
v -0.83333331 0.01979922 0.08814044
v -0.83333331 0.01433515 0.11429549
v -0.83333331 0.00519444 0.13139687
v -0.83333331 -0.00266656 0.11429549
v -0.83333331 -0.00736566 0.08814044
v -0.83333331 -0.00612185 0.06299136
v -0.83333331 -0.00103045 0.04287209
v -0.79166669 0.00634549 -0.01205266
v -0.79166669 0.01454009 0.00172370
v -0.79166669 0.02124251 0.02468430
v -0.79166669 0.02287990 0.05338505
v -0.79166669 0.01669390 0.08323383
v -0.79166669 0.00634549 0.10275034
v -0.79166669 -0.00255415 0.08323383
v -0.79166669 -0.00787411 0.05338505
v -0.79166669 -0.00646596 0.02468430
v -0.79166669 -0.00070187 0.00172370
v -0.75000000 0.00743750 -0.05309524
v -0.75000000 0.01647991 -0.03779672
v -0.75000000 0.02387577 -0.01229919
v -0.75000000 0.02568256 0.01957273
v -0.75000000 0.01885656 0.05271953
v -0.75000000 0.00743750 0.07439243
v -0.75000000 -0.00238289 0.05271953
v -0.75000000 -0.00825325 0.01957273
v -0.75000000 -0.00669941 -0.01229919
v -0.75000000 -0.00033898 -0.03779672
v -0.70833331 0.00847049 -0.09230952
v -0.70833331 0.01827222 -0.07563984
v -0.70833331 0.02628913 -0.04785705
v -0.70833331 0.02824764 -0.01312856
v -0.70833331 0.02084844 0.02298907
v -0.70833331 0.00847049 0.04660444
v -0.70833331 -0.00217455 0.02298907
v -0.70833331 -0.00853786 -0.01312856
v -0.70833331 -0.00685354 -0.04785705
v -0.70833331 0.00004100 -0.07563984
v -0.66666669 0.00944444 -0.12967657
v -0.66666669 0.01993042 -0.11176539
v -0.66666669 0.02850698 -0.08191343
v -0.66666669 0.03060222 -0.04459849
v -0.66666669 0.02268649 -0.00579094
v -0.66666669 0.00944444 0.01958322
v -0.66666669 -0.00194371 -0.00579094
v -0.66666669 -0.00875124 -0.04459849
v -0.66666669 -0.00694934 -0.08191343
v -0.66666669 0.00042650 -0.11176539
v -0.62500000 0.01035937 -0.16517609
v -0.62500000 0.02146406 -0.14613782
v -0.62500000 0.03054667 -0.11440734
v -0.62500000 0.03276553 -0.07474425
v -0.62500000 0.02438275 -0.03349464
v -0.62500000 0.01035937 -0.00652374
v -0.62500000 -0.00170072 -0.03349464
v -0.62500000 -0.00890992 -0.07474425
v -0.62500000 -0.00700170 -0.11440734
v -0.62500000 0.00080934 -0.14613782
v -0.58333331 0.01121528 -0.19878627
v -0.58333331 0.02288020 -0.17872390
v -0.58333331 0.03242103 -0.14528662
v -0.58333331 0.03475183 -0.10349001
v -0.58333331 0.02594613 -0.06002154
v -0.58333331 0.01121528 -0.03159985
v -0.58333331 -0.00145325 -0.06002154
v -0.58333331 -0.00902615 -0.10349001
v -0.58333331 -0.00702167 -0.14528662
v -0.58333331 0.00118345 -0.17872390
v -0.54166669 0.01201215 -0.23048346
v -0.54166669 0.02418423 -0.20949128
v -0.54166669 0.03413986 -0.17450434
v -0.54166669 0.03657199 -0.13077064
v -0.54166669 0.02738345 -0.08528760
v -0.54166669 0.01201215 -0.05554869
v -0.54166669 -0.00120716 -0.08528760
v -0.54166669 -0.00910931 -0.13077064
v -0.54166669 -0.00701767 -0.17450434
v -0.54166669 0.00154417 -0.20949128
v -0.50000000 0.01275000 -0.26024196
v -0.50000000 0.02538037 -0.23840739
v -0.50000000 0.03571084 -0.20201647
v -0.50000000 0.03823454 -0.15652780
v -0.50000000 0.02870005 -0.10921960
v -0.50000000 0.01275000 -0.07828732
v -0.50000000 -0.00096704 -0.10921960
v -0.50000000 -0.00916671 -0.15652780
v -0.50000000 -0.00699632 -0.20201647
v -0.50000000 0.00188789 -0.23840739
v -0.45833334 0.01342882 -0.28803357
v -0.45833334 0.02647199 -0.26543856
v -0.45833334 0.03714009 -0.22778019
v -0.45833334 0.03974628 -0.18070725
v -0.45833334 0.02990017 -0.13175139
v -0.45833334 0.01342882 -0.09974178
v -0.45833334 -0.00073654 -0.13175139
v -0.45833334 -0.00920420 -0.18070725
v -0.45833334 -0.00696287 -0.22778019
v -0.45833334 0.00221170 -0.26543856
v -0.41666666 0.01404861 -0.31382722
v -0.41666666 0.02746181 -0.29054922
v -0.41666666 0.03843256 -0.25175253
v -0.41666666 0.04111269 -0.20325671
v -0.41666666 0.03098724 -0.15282103
v -0.41666666 0.01404861 -0.11984387
v -0.41666666 -0.00051861 -0.15282103
v -0.41666666 -0.00922650 -0.20325671
v -0.41666666 -0.00692159 -0.25175253
v -0.41666666 0.00251326 -0.29054922
v -0.37500000 0.01460938 -0.33758825
v -0.37500000 0.02835205 -0.31370109
v -0.37500000 0.03959228 -0.27388915
v -0.37500000 0.04233824 -0.22412424
v -0.37500000 0.03196408 -0.17236872
v -0.37500000 0.01460938 -0.13852859
v -0.37500000 -0.00031567 -0.17236872
v -0.37500000 -0.00923745 -0.22412424
v -0.37500000 -0.00687593 -0.27388915
v -0.37500000 0.00279068 -0.31370109
v -0.33333334 0.01511111 -0.35927770
v -0.33333334 0.02914453 -0.33485219
v -0.33333334 0.04062256 -0.29414305
v -0.33333334 0.04342662 -0.24325661
v -0.33333334 0.03283297 -0.19033472
v -0.33333334 0.01511111 -0.15573195
v -0.33333334 -0.00012969 -0.19033472
v -0.33333334 -0.00924022 -0.24325661
v -0.33333334 -0.00682874 -0.29414305
v -0.33333334 0.00304237 -0.33485219
v -0.29166666 0.01555382 -0.37885100
v -0.29166666 0.02984074 -0.35395554
v -0.29166666 0.04152612 -0.31246313
v -0.29166666 0.04438083 -0.26059759
v -0.29166666 0.03359582 -0.20665742
v -0.29166666 0.01555382 -0.17138886
v -0.29166666 0.00003770 -0.20665742
v -0.29166666 -0.00923741 -0.26059759
v -0.29166666 -0.00678236 -0.31246313
v -0.29166666 0.00326707 -0.35395554
v -0.25000000 0.01593750 -0.39625654
v -0.25000000 0.03044191 -0.37095743
v -0.25000000 0.04230518 -0.32879230
v -0.25000000 0.04520335 -0.27608585
v -0.25000000 0.03425415 -0.22127114
v -0.25000000 0.01593750 -0.18543075
v -0.25000000 0.00018518 -0.22127114
v -0.25000000 -0.00923113 -0.27608585
v -0.25000000 -0.00673870 -0.32879230
v -0.25000000 0.00346371 -0.37095743
v -0.20833333 0.01626215 -0.41143301
v -0.20833333 0.03094905 -0.38579494
v -0.20833333 0.04296157 -0.34306484
v -0.20833333 0.04589620 -0.28965223
v -0.20833333 0.03480925 -0.23410310
v -0.20833333 0.01626215 -0.19778252
v -0.20833333 0.00031165 -0.23410310
v -0.20833333 -0.00922313 -0.28965223
v -0.20833333 -0.00669935 -0.34306484
v -0.20833333 0.00363142 -0.38579494
v -0.16666667 0.01652778 -0.42430553
v -0.16666667 0.03136295 -0.39839184
v -0.16666667 0.04349675 -0.35520238
v -0.16666667 0.04646100 -0.30121553
v -0.16666667 0.03526213 -0.24506921
v -0.16666667 0.01652778 -0.20835815
v -0.16666667 0.00041624 -0.24506921
v -0.16666667 -0.00921480 -0.30121553
v -0.16666667 -0.00666554 -0.35520238
v -0.16666667 0.00376953 -0.39839184
v -0.12500000 0.01673437 -0.43477872
v -0.12500000 0.03168425 -0.40865171
v -0.12500000 0.04391186 -0.36510667
v -0.12500000 0.04689904 -0.31067538
v -0.12500000 0.03561357 -0.25406682
v -0.12500000 0.01673437 -0.21705355
v -0.12500000 0.00049827 -0.25406682
v -0.12500000 -0.00920723 -0.31067538
v -0.12500000 -0.00663826 -0.36510667
v -0.12500000 0.00387748 -0.40865171
v -0.08333334 0.01688194 -0.44272280
v -0.08333334 0.03191342 -0.41644394
v -0.08333334 0.04420777 -0.37264583
v -0.08333334 0.04721125 -0.31789821
v -0.08333334 0.03586419 -0.26096070
v -0.08333334 0.01688194 -0.22373232
v -0.08333334 0.00055722 -0.26096070
v -0.08333334 -0.00920126 -0.31789821
v -0.08333334 -0.00661827 -0.37264583
v -0.08333334 0.00395488 -0.41644394
v -0.04166667 0.01697049 -0.44793895
v -0.04166667 0.03205079 -0.42156920
v -0.04166667 0.04438508 -0.37761962
v -0.04166667 0.04739832 -0.32268268
v -0.04166667 0.03601439 -0.26554823
v -0.04166667 0.01697049 -0.22819109
v -0.04166667 0.00059273 -0.26554823
v -0.04166667 -0.00919745 -0.32268268
v -0.04166667 -0.00660607 -0.37761962
v -0.04166667 0.00400143 -0.42156920
v 0.00000000 0.01700000 -0.44999999
v 0.00000000 0.03209656 -0.42359999
v 0.00000000 0.04444415 -0.37959999
v 0.00000000 0.04746063 -0.32460001
v 0.00000000 0.03606443 -0.26740000
v 0.00000000 0.01700000 -0.23000000
v 0.00000000 0.00060459 -0.26740000
v 0.00000000 -0.00919614 -0.32460001
v 0.00000000 -0.00660197 -0.37959999
v 0.00000000 0.00401696 -0.42359999
v 0.04166667 0.01697049 -0.44793895
v 0.04166667 0.03205079 -0.42156920
v 0.04166667 0.04438508 -0.37761962
v 0.04166667 0.04739832 -0.32268268
v 0.04166667 0.03601439 -0.26554823
v 0.04166667 0.01697049 -0.22819109
v 0.04166667 0.00059273 -0.26554823
v 0.04166667 -0.00919745 -0.32268268
v 0.04166667 -0.00660607 -0.37761962
v 0.04166667 0.00400143 -0.42156920
v 0.08333334 0.01688194 -0.44272280
v 0.08333334 0.03191342 -0.41644394
v 0.08333334 0.04420777 -0.37264583
v 0.08333334 0.04721125 -0.31789821
v 0.08333334 0.03586419 -0.26096070
v 0.08333334 0.01688194 -0.22373232
v 0.08333334 0.00055722 -0.26096070
v 0.08333334 -0.00920126 -0.31789821
v 0.08333334 -0.00661827 -0.37264583
v 0.08333334 0.00395488 -0.41644394
v 0.12500000 0.01673437 -0.43477872
v 0.12500000 0.03168425 -0.40865171
v 0.12500000 0.04391186 -0.36510667
v 0.12500000 0.04689904 -0.31067538
v 0.12500000 0.03561357 -0.25406682
v 0.12500000 0.01673437 -0.21705355
v 0.12500000 0.00049827 -0.25406682
v 0.12500000 -0.00920723 -0.31067538
v 0.12500000 -0.00663826 -0.36510667
v 0.12500000 0.00387748 -0.40865171
v 0.16666667 0.01652778 -0.42430553
v 0.16666667 0.03136295 -0.39839184
v 0.16666667 0.04349675 -0.35520238
v 0.16666667 0.04646100 -0.30121553
v 0.16666667 0.03526213 -0.24506921
v 0.16666667 0.01652778 -0.20835815
v 0.16666667 0.00041624 -0.24506921
v 0.16666667 -0.00921480 -0.30121553
v 0.16666667 -0.00666554 -0.35520238
v 0.16666667 0.00376953 -0.39839184
v 0.20833333 0.01626215 -0.41143301
v 0.20833333 0.03094905 -0.38579494
v 0.20833333 0.04296157 -0.34306484
v 0.20833333 0.04589620 -0.28965223
v 0.20833333 0.03480925 -0.23410310
v 0.20833333 0.01626215 -0.19778252
v 0.20833333 0.00031165 -0.23410310
v 0.20833333 -0.00922313 -0.28965223
v 0.20833333 -0.00669935 -0.34306484
v 0.20833333 0.00363142 -0.38579494
v 0.25000000 0.01593750 -0.39625654
v 0.25000000 0.03044191 -0.37095743
v 0.25000000 0.04230518 -0.32879230
v 0.25000000 0.04520335 -0.27608585
v 0.25000000 0.03425415 -0.22127114
v 0.25000000 0.01593750 -0.18543075
v 0.25000000 0.00018518 -0.22127114
v 0.25000000 -0.00923113 -0.27608585
v 0.25000000 -0.00673870 -0.32879230
v 0.25000000 0.00346371 -0.37095743
v 0.29166666 0.01555382 -0.37885100
v 0.29166666 0.02984074 -0.35395554
v 0.29166666 0.04152612 -0.31246313
v 0.29166666 0.04438083 -0.26059759
v 0.29166666 0.03359582 -0.20665742
v 0.29166666 0.01555382 -0.17138886
v 0.29166666 0.00003770 -0.20665742
v 0.29166666 -0.00923741 -0.26059759
v 0.29166666 -0.00678236 -0.31246313
v 0.29166666 0.00326707 -0.35395554
v 0.33333334 0.01511111 -0.35927770
v 0.33333334 0.02914453 -0.33485219
v 0.33333334 0.04062256 -0.29414305
v 0.33333334 0.04342662 -0.24325661
v 0.33333334 0.03283297 -0.19033472
v 0.33333334 0.01511111 -0.15573195
v 0.33333334 -0.00012969 -0.19033472
v 0.33333334 -0.00924022 -0.24325661
v 0.33333334 -0.00682874 -0.29414305
v 0.33333334 0.00304237 -0.33485219
v 0.37500000 0.01460938 -0.33758825
v 0.37500000 0.02835205 -0.31370109
v 0.37500000 0.03959228 -0.27388915
v 0.37500000 0.04233824 -0.22412424
v 0.37500000 0.03196408 -0.17236872
v 0.37500000 0.01460938 -0.13852859
v 0.37500000 -0.00031567 -0.17236872
v 0.37500000 -0.00923745 -0.22412424
v 0.37500000 -0.00687593 -0.27388915
v 0.37500000 0.00279068 -0.31370109
v 0.41666666 0.01404861 -0.31382722
v 0.41666666 0.02746181 -0.29054922
v 0.41666666 0.03843256 -0.25175253
v 0.41666666 0.04111269 -0.20325671
v 0.41666666 0.03098724 -0.15282103
v 0.41666666 0.01404861 -0.11984387
v 0.41666666 -0.00051861 -0.15282103
v 0.41666666 -0.00922650 -0.20325671
v 0.41666666 -0.00692159 -0.25175253
v 0.41666666 0.00251326 -0.29054922
v 0.45833334 0.01342882 -0.28803357
v 0.45833334 0.02647199 -0.26543856
v 0.45833334 0.03714009 -0.22778019
v 0.45833334 0.03974628 -0.18070725
v 0.45833334 0.02990017 -0.13175139
v 0.45833334 0.01342882 -0.09974178
v 0.45833334 -0.00073654 -0.13175139
v 0.45833334 -0.00920420 -0.18070725
v 0.45833334 -0.00696287 -0.22778019
v 0.45833334 0.00221170 -0.26543856
v 0.50000000 0.01275000 -0.26024196
v 0.50000000 0.02538037 -0.23840739
v 0.50000000 0.03571084 -0.20201647
v 0.50000000 0.03823454 -0.15652780
v 0.50000000 0.02870005 -0.10921960
v 0.50000000 0.01275000 -0.07828732
v 0.50000000 -0.00096704 -0.10921960
v 0.50000000 -0.00916671 -0.15652780
v 0.50000000 -0.00699632 -0.20201647
v 0.50000000 0.00188789 -0.23840739
v 0.54166669 0.01201215 -0.23048346
v 0.54166669 0.02418423 -0.20949128
v 0.54166669 0.03413986 -0.17450434
v 0.54166669 0.03657199 -0.13077064
v 0.54166669 0.02738345 -0.08528760
v 0.54166669 0.01201215 -0.05554869
v 0.54166669 -0.00120716 -0.08528760
v 0.54166669 -0.00910931 -0.13077064
v 0.54166669 -0.00701767 -0.17450434
v 0.54166669 0.00154417 -0.20949128
v 0.58333331 0.01121528 -0.19878627
v 0.58333331 0.02288020 -0.17872390
v 0.58333331 0.03242103 -0.14528662
v 0.58333331 0.03475183 -0.10349001
v 0.58333331 0.02594613 -0.06002154
v 0.58333331 0.01121528 -0.03159985
v 0.58333331 -0.00145325 -0.06002154
v 0.58333331 -0.00902615 -0.10349001
v 0.58333331 -0.00702167 -0.14528662
v 0.58333331 0.00118345 -0.17872390
v 0.62500000 0.01035937 -0.16517609
v 0.62500000 0.02146406 -0.14613782
v 0.62500000 0.03054667 -0.11440734
v 0.62500000 0.03276553 -0.07474425
v 0.62500000 0.02438275 -0.03349464
v 0.62500000 0.01035937 -0.00652374
v 0.62500000 -0.00170072 -0.03349464
v 0.62500000 -0.00890992 -0.07474425
v 0.62500000 -0.00700170 -0.11440734
v 0.62500000 0.00080934 -0.14613782
v 0.66666669 0.00944444 -0.12967657
v 0.66666669 0.01993042 -0.11176539
v 0.66666669 0.02850698 -0.08191343
v 0.66666669 0.03060222 -0.04459849
v 0.66666669 0.02268649 -0.00579094
v 0.66666669 0.00944444 0.01958322
v 0.66666669 -0.00194371 -0.00579094
v 0.66666669 -0.00875124 -0.04459849
v 0.66666669 -0.00694934 -0.08191343
v 0.66666669 0.00042650 -0.11176539
v 0.70833331 0.00847049 -0.09230952
v 0.70833331 0.01827222 -0.07563984
v 0.70833331 0.02628913 -0.04785705
v 0.70833331 0.02824764 -0.01312856
v 0.70833331 0.02084844 0.02298907
v 0.70833331 0.00847049 0.04660444
v 0.70833331 -0.00217455 0.02298907
v 0.70833331 -0.00853786 -0.01312856
v 0.70833331 -0.00685354 -0.04785705
v 0.70833331 0.00004100 -0.07563984
v 0.75000000 0.00743750 -0.05309524
v 0.75000000 0.01647991 -0.03779672
v 0.75000000 0.02387577 -0.01229919
v 0.75000000 0.02568256 0.01957273
v 0.75000000 0.01885656 0.05271953
v 0.75000000 0.00743750 0.07439243
v 0.75000000 -0.00238289 0.05271953
v 0.75000000 -0.00825325 0.01957273
v 0.75000000 -0.00669941 -0.01229919
v 0.75000000 -0.00033898 -0.03779672
v 0.79166669 0.00634549 -0.01205266
v 0.79166669 0.01454009 0.00172370
v 0.79166669 0.02124251 0.02468430
v 0.79166669 0.02287990 0.05338505
v 0.79166669 0.01669390 0.08323383
v 0.79166669 0.00634549 0.10275034
v 0.79166669 -0.00255415 0.08323383
v 0.79166669 -0.00787411 0.05338505
v 0.79166669 -0.00646596 0.02468430
v 0.79166669 -0.00070187 0.00172370
v 0.83333331 0.00519444 0.03080053
v 0.83333331 0.01243270 0.04287209
v 0.83333331 0.01835292 0.06299136
v 0.83333331 0.01979922 0.08814044
v 0.83333331 0.01433515 0.11429549
v 0.83333331 0.00519444 0.13139687
v 0.83333331 -0.00266656 0.11429549
v 0.83333331 -0.00736566 0.08814044
v 0.83333331 -0.00612185 0.06299136
v 0.83333331 -0.00103045 0.04287209
v 0.87500000 0.00398437 0.07544766
v 0.87500000 0.01012515 0.08558083
v 0.87500000 0.01514773 0.10246944
v 0.87500000 0.01637473 0.12358022
v 0.87500000 0.01173915 0.14553542
v 0.87500000 0.00398437 0.15989076
v 0.87500000 -0.00268473 0.14553542
v 0.87500000 -0.00667133 0.12358022
v 0.87500000 -0.00561611 0.10246944
v 0.87500000 -0.00129669 0.08558083
v 0.91666669 0.00271528 0.12187304
v 0.91666669 0.00755661 0.12974033
v 0.91666669 0.01151636 0.14285247
v 0.91666669 0.01248372 0.15924266
v 0.91666669 0.00882907 0.17628844
v 0.91666669 0.00271528 0.18743378
v 0.91666669 -0.00254258 0.17628844
v 0.91666669 -0.00568558 0.15924266
v 0.91666669 -0.00485366 0.14285247
v 0.91666669 -0.00144826 0.12974033
v 0.95833331 0.00138715 0.17006184
v 0.95833331 0.00457955 0.17511205
v 0.95833331 0.00719063 0.18352908
v 0.95833331 0.00782851 0.19405036
v 0.95833331 0.00541862 0.20499247
v 0.95833331 0.00138715 0.21214695
v 0.95833331 -0.00207991 0.20499247
v 0.95833331 -0.00415242 0.19405036
v 0.95833331 -0.00360384 0.18352908
v 0.95833331 -0.00135831 0.17511205
v 1.00000000 0.00000000 0.22000000
vt 0.00000000 0.50000000
vt 0.02083333 0.12000000
vt 0.02083333 0.00000000
vt 0.00000000 0.50000000
vt 0.02083333 0.31999999
vt 0.02083333 0.12000000
vt 0.00000000 0.50000000
vt 0.02083333 0.56999999
vt 0.02083333 0.31999999
vt 0.00000000 0.50000000
vt 0.02083333 0.82999998
vt 0.02083333 0.56999999
vt 0.00000000 0.50000000
vt 0.02083333 1.00000000
vt 0.02083333 0.82999998
vt 0.00000000 0.50000000
vt 0.02083333 0.82999998
vt 0.02083333 1.00000000
vt 0.00000000 0.50000000
vt 0.02083333 0.56999999
vt 0.02083333 0.82999998
vt 0.00000000 0.50000000
vt 0.02083333 0.31999999
vt 0.02083333 0.56999999
vt 0.00000000 0.50000000
vt 0.02083333 0.12000000
vt 0.02083333 0.31999999
vt 0.00000000 0.50000000
vt 0.02083333 0.00000000
vt 0.02083333 0.12000000
vt 0.02083333 0.00000000
vt 0.04166667 0.12000000
vt 0.04166667 0.00000000
vt 0.02083333 0.12000000
vt 0.04166667 0.31999999
vt 0.04166667 0.12000000
vt 0.02083333 0.31999999
vt 0.04166667 0.56999999
vt 0.04166667 0.31999999
vt 0.02083333 0.56999999
vt 0.04166667 0.82999998
vt 0.04166667 0.56999999
vt 0.02083333 0.82999998
vt 0.04166667 1.00000000
vt 0.04166667 0.82999998
vt 0.02083333 0.82999998
vt 0.04166667 1.00000000
vt 0.02083333 1.00000000
vt 0.02083333 0.56999999
vt 0.04166667 0.82999998
vt 0.02083333 0.82999998
vt 0.02083333 0.31999999
vt 0.04166667 0.56999999
vt 0.02083333 0.56999999
vt 0.02083333 0.12000000
vt 0.04166667 0.31999999
vt 0.02083333 0.31999999
vt 0.02083333 0.00000000
vt 0.04166667 0.12000000
vt 0.02083333 0.12000000
vt 0.04166667 0.00000000
vt 0.06250000 0.12000000
vt 0.06250000 0.00000000
vt 0.04166667 0.12000000
vt 0.06250000 0.31999999
vt 0.06250000 0.12000000
vt 0.04166667 0.31999999
vt 0.06250000 0.56999999
vt 0.06250000 0.31999999
vt 0.04166667 0.56999999
vt 0.06250000 0.82999998
vt 0.06250000 0.56999999
vt 0.04166667 0.82999998
vt 0.06250000 1.00000000
vt 0.06250000 0.82999998
vt 0.04166667 0.82999998
vt 0.06250000 1.00000000
vt 0.04166667 1.00000000
vt 0.04166667 0.56999999
vt 0.06250000 0.82999998
vt 0.04166667 0.82999998
vt 0.04166667 0.31999999
vt 0.06250000 0.56999999
vt 0.04166667 0.56999999
vt 0.04166667 0.12000000
vt 0.06250000 0.31999999
vt 0.04166667 0.31999999
vt 0.04166667 0.00000000
vt 0.06250000 0.12000000
vt 0.04166667 0.12000000
vt 0.06250000 0.00000000
vt 0.08333334 0.12000000
vt 0.08333334 0.00000000
vt 0.06250000 0.12000000
vt 0.08333334 0.31999999
vt 0.08333334 0.12000000
vt 0.06250000 0.31999999
vt 0.08333334 0.56999999
vt 0.08333334 0.31999999
vt 0.06250000 0.56999999
vt 0.08333334 0.82999998
vt 0.08333334 0.56999999
vt 0.06250000 0.82999998
vt 0.08333334 1.00000000
vt 0.08333334 0.82999998
vt 0.06250000 0.82999998
vt 0.08333334 1.00000000
vt 0.06250000 1.00000000
vt 0.06250000 0.56999999
vt 0.08333334 0.82999998
vt 0.06250000 0.82999998
vt 0.06250000 0.31999999
vt 0.08333334 0.56999999
vt 0.06250000 0.56999999
vt 0.06250000 0.12000000
vt 0.08333334 0.31999999
vt 0.06250000 0.31999999
vt 0.06250000 0.00000000
vt 0.08333334 0.12000000
vt 0.06250000 0.12000000
vt 0.08333334 0.00000000
vt 0.10416666 0.12000000
vt 0.10416666 0.00000000
vt 0.08333334 0.12000000
vt 0.10416666 0.31999999
vt 0.10416666 0.12000000
vt 0.08333334 0.31999999
vt 0.10416666 0.56999999
vt 0.10416666 0.31999999
vt 0.08333334 0.56999999
vt 0.10416666 0.82999998
vt 0.10416666 0.56999999
vt 0.08333334 0.82999998
vt 0.10416666 1.00000000
vt 0.10416666 0.82999998
vt 0.08333334 0.82999998
vt 0.10416666 1.00000000
vt 0.08333334 1.00000000
vt 0.08333334 0.56999999
vt 0.10416666 0.82999998
vt 0.08333334 0.82999998
vt 0.08333334 0.31999999
vt 0.10416666 0.56999999
vt 0.08333334 0.56999999
vt 0.08333334 0.12000000
vt 0.10416666 0.31999999
vt 0.08333334 0.31999999
vt 0.08333334 0.00000000
vt 0.10416666 0.12000000
vt 0.08333334 0.12000000
vt 0.10416666 0.00000000
vt 0.12500000 0.12000000
vt 0.12500000 0.00000000
vt 0.10416666 0.12000000
vt 0.12500000 0.31999999
vt 0.12500000 0.12000000
vt 0.10416666 0.31999999
vt 0.12500000 0.56999999
vt 0.12500000 0.31999999
vt 0.10416666 0.56999999
vt 0.12500000 0.82999998
vt 0.12500000 0.56999999
vt 0.10416666 0.82999998
vt 0.12500000 1.00000000
vt 0.12500000 0.82999998
vt 0.10416666 0.82999998
vt 0.12500000 1.00000000
vt 0.10416666 1.00000000
vt 0.10416666 0.56999999
vt 0.12500000 0.82999998
vt 0.10416666 0.82999998
vt 0.10416666 0.31999999
vt 0.12500000 0.56999999
vt 0.10416666 0.56999999
vt 0.10416666 0.12000000
vt 0.12500000 0.31999999
vt 0.10416666 0.31999999
vt 0.10416666 0.00000000
vt 0.12500000 0.12000000
vt 0.10416666 0.12000000
vt 0.12500000 0.00000000
vt 0.14583333 0.12000000
vt 0.14583333 0.00000000
vt 0.12500000 0.12000000
vt 0.14583333 0.31999999
vt 0.14583333 0.12000000
vt 0.12500000 0.31999999
vt 0.14583333 0.56999999
vt 0.14583333 0.31999999
vt 0.12500000 0.56999999
vt 0.14583333 0.82999998
vt 0.14583333 0.56999999
vt 0.12500000 0.82999998
vt 0.14583333 1.00000000
vt 0.14583333 0.82999998
vt 0.12500000 0.82999998
vt 0.14583333 1.00000000
vt 0.12500000 1.00000000
vt 0.12500000 0.56999999
vt 0.14583333 0.82999998
vt 0.12500000 0.82999998
vt 0.12500000 0.31999999
vt 0.14583333 0.56999999
vt 0.12500000 0.56999999
vt 0.12500000 0.12000000
vt 0.14583333 0.31999999
vt 0.12500000 0.31999999
vt 0.12500000 0.00000000
vt 0.14583333 0.12000000
vt 0.12500000 0.12000000
vt 0.14583333 0.00000000
vt 0.16666667 0.12000000
vt 0.16666667 0.00000000
vt 0.14583333 0.12000000
vt 0.16666667 0.31999999
vt 0.16666667 0.12000000
vt 0.14583333 0.31999999
vt 0.16666667 0.56999999
vt 0.16666667 0.31999999
vt 0.14583333 0.56999999
vt 0.16666667 0.82999998
vt 0.16666667 0.56999999
vt 0.14583333 0.82999998
vt 0.16666667 1.00000000
vt 0.16666667 0.82999998
vt 0.14583333 0.82999998
vt 0.16666667 1.00000000
vt 0.14583333 1.00000000
vt 0.14583333 0.56999999
vt 0.16666667 0.82999998
vt 0.14583333 0.82999998
vt 0.14583333 0.31999999
vt 0.16666667 0.56999999
vt 0.14583333 0.56999999
vt 0.14583333 0.12000000
vt 0.16666667 0.31999999
vt 0.14583333 0.31999999
vt 0.14583333 0.00000000
vt 0.16666667 0.12000000
vt 0.14583333 0.12000000
vt 0.16666667 0.00000000
vt 0.18750000 0.12000000
vt 0.18750000 0.00000000
vt 0.16666667 0.12000000
vt 0.18750000 0.31999999
vt 0.18750000 0.12000000
vt 0.16666667 0.31999999
vt 0.18750000 0.56999999
vt 0.18750000 0.31999999
vt 0.16666667 0.56999999
vt 0.18750000 0.82999998
vt 0.18750000 0.56999999
vt 0.16666667 0.82999998
vt 0.18750000 1.00000000
vt 0.18750000 0.82999998
vt 0.16666667 0.82999998
vt 0.18750000 1.00000000
vt 0.16666667 1.00000000
vt 0.16666667 0.56999999
vt 0.18750000 0.82999998
vt 0.16666667 0.82999998
vt 0.16666667 0.31999999
vt 0.18750000 0.56999999
vt 0.16666667 0.56999999
vt 0.16666667 0.12000000
vt 0.18750000 0.31999999
vt 0.16666667 0.31999999
vt 0.16666667 0.00000000
vt 0.18750000 0.12000000
vt 0.16666667 0.12000000
vt 0.18750000 0.00000000
vt 0.20833333 0.12000000
vt 0.20833333 0.00000000
vt 0.18750000 0.12000000
vt 0.20833333 0.31999999
vt 0.20833333 0.12000000
vt 0.18750000 0.31999999
vt 0.20833333 0.56999999
vt 0.20833333 0.31999999
vt 0.18750000 0.56999999
vt 0.20833333 0.82999998
vt 0.20833333 0.56999999
vt 0.18750000 0.82999998
vt 0.20833333 1.00000000
vt 0.20833333 0.82999998
vt 0.18750000 0.82999998
vt 0.20833333 1.00000000
vt 0.18750000 1.00000000
vt 0.18750000 0.56999999
vt 0.20833333 0.82999998
vt 0.18750000 0.82999998
vt 0.18750000 0.31999999
vt 0.20833333 0.56999999
vt 0.18750000 0.56999999
vt 0.18750000 0.12000000
vt 0.20833333 0.31999999
vt 0.18750000 0.31999999
vt 0.18750000 0.00000000
vt 0.20833333 0.12000000
vt 0.18750000 0.12000000
vt 0.20833333 0.00000000
vt 0.22916667 0.12000000
vt 0.22916667 0.00000000
vt 0.20833333 0.12000000
vt 0.22916667 0.31999999
vt 0.22916667 0.12000000
vt 0.20833333 0.31999999
vt 0.22916667 0.56999999
vt 0.22916667 0.31999999
vt 0.20833333 0.56999999
vt 0.22916667 0.82999998
vt 0.22916667 0.56999999
vt 0.20833333 0.82999998
vt 0.22916667 1.00000000
vt 0.22916667 0.82999998
vt 0.20833333 0.82999998
vt 0.22916667 1.00000000
vt 0.20833333 1.00000000
vt 0.20833333 0.56999999
vt 0.22916667 0.82999998
vt 0.20833333 0.82999998
vt 0.20833333 0.31999999
vt 0.22916667 0.56999999
vt 0.20833333 0.56999999
vt 0.20833333 0.12000000
vt 0.22916667 0.31999999
vt 0.20833333 0.31999999
vt 0.20833333 0.00000000
vt 0.22916667 0.12000000
vt 0.20833333 0.12000000
vt 0.22916667 0.00000000
vt 0.25000000 0.12000000
vt 0.25000000 0.00000000
vt 0.22916667 0.12000000
vt 0.25000000 0.31999999
vt 0.25000000 0.12000000
vt 0.22916667 0.31999999
vt 0.25000000 0.56999999
vt 0.25000000 0.31999999
vt 0.22916667 0.56999999
vt 0.25000000 0.82999998
vt 0.25000000 0.56999999
vt 0.22916667 0.82999998
vt 0.25000000 1.00000000
vt 0.25000000 0.82999998
vt 0.22916667 0.82999998
vt 0.25000000 1.00000000
vt 0.22916667 1.00000000
vt 0.22916667 0.56999999
vt 0.25000000 0.82999998
vt 0.22916667 0.82999998
vt 0.22916667 0.31999999
vt 0.25000000 0.56999999
vt 0.22916667 0.56999999
vt 0.22916667 0.12000000
vt 0.25000000 0.31999999
vt 0.22916667 0.31999999
vt 0.22916667 0.00000000
vt 0.25000000 0.12000000
vt 0.22916667 0.12000000
vt 0.25000000 0.00000000
vt 0.27083334 0.12000000
vt 0.27083334 0.00000000
vt 0.25000000 0.12000000
vt 0.27083334 0.31999999
vt 0.27083334 0.12000000
vt 0.25000000 0.31999999
vt 0.27083334 0.56999999
vt 0.27083334 0.31999999
vt 0.25000000 0.56999999
vt 0.27083334 0.82999998
vt 0.27083334 0.56999999
vt 0.25000000 0.82999998
vt 0.27083334 1.00000000
vt 0.27083334 0.82999998
vt 0.25000000 0.82999998
vt 0.27083334 1.00000000
vt 0.25000000 1.00000000
vt 0.25000000 0.56999999
vt 0.27083334 0.82999998
vt 0.25000000 0.82999998
vt 0.25000000 0.31999999
vt 0.27083334 0.56999999
vt 0.25000000 0.56999999
vt 0.25000000 0.12000000
vt 0.27083334 0.31999999
vt 0.25000000 0.31999999
vt 0.25000000 0.00000000
vt 0.27083334 0.12000000
vt 0.25000000 0.12000000
vt 0.27083334 0.00000000
vt 0.29166666 0.12000000
vt 0.29166666 0.00000000
vt 0.27083334 0.12000000
vt 0.29166666 0.31999999
vt 0.29166666 0.12000000
vt 0.27083334 0.31999999
vt 0.29166666 0.56999999
vt 0.29166666 0.31999999
vt 0.27083334 0.56999999
vt 0.29166666 0.82999998
vt 0.29166666 0.56999999
vt 0.27083334 0.82999998
vt 0.29166666 1.00000000
vt 0.29166666 0.82999998
vt 0.27083334 0.82999998
vt 0.29166666 1.00000000
vt 0.27083334 1.00000000
vt 0.27083334 0.56999999
vt 0.29166666 0.82999998
vt 0.27083334 0.82999998
vt 0.27083334 0.31999999
vt 0.29166666 0.56999999
vt 0.27083334 0.56999999
vt 0.27083334 0.12000000
vt 0.29166666 0.31999999
vt 0.27083334 0.31999999
vt 0.27083334 0.00000000
vt 0.29166666 0.12000000
vt 0.27083334 0.12000000
vt 0.29166666 0.00000000
vt 0.31250000 0.12000000
vt 0.31250000 0.00000000
vt 0.29166666 0.12000000
vt 0.31250000 0.31999999
vt 0.31250000 0.12000000
vt 0.29166666 0.31999999
vt 0.31250000 0.56999999
vt 0.31250000 0.31999999
vt 0.29166666 0.56999999
vt 0.31250000 0.82999998
vt 0.31250000 0.56999999
vt 0.29166666 0.82999998
vt 0.31250000 1.00000000
vt 0.31250000 0.82999998
vt 0.29166666 0.82999998
vt 0.31250000 1.00000000
vt 0.29166666 1.00000000
vt 0.29166666 0.56999999
vt 0.31250000 0.82999998
vt 0.29166666 0.82999998
vt 0.29166666 0.31999999
vt 0.31250000 0.56999999
vt 0.29166666 0.56999999
vt 0.29166666 0.12000000
vt 0.31250000 0.31999999
vt 0.29166666 0.31999999
vt 0.29166666 0.00000000
vt 0.31250000 0.12000000
vt 0.29166666 0.12000000
vt 0.31250000 0.00000000
vt 0.33333334 0.12000000
vt 0.33333334 0.00000000
vt 0.31250000 0.12000000
vt 0.33333334 0.31999999
vt 0.33333334 0.12000000
vt 0.31250000 0.31999999
vt 0.33333334 0.56999999
vt 0.33333334 0.31999999
vt 0.31250000 0.56999999
vt 0.33333334 0.82999998
vt 0.33333334 0.56999999
vt 0.31250000 0.82999998
vt 0.33333334 1.00000000
vt 0.33333334 0.82999998
vt 0.31250000 0.82999998
vt 0.33333334 1.00000000
vt 0.31250000 1.00000000
vt 0.31250000 0.56999999
vt 0.33333334 0.82999998
vt 0.31250000 0.82999998
vt 0.31250000 0.31999999
vt 0.33333334 0.56999999
vt 0.31250000 0.56999999
vt 0.31250000 0.12000000
vt 0.33333334 0.31999999
vt 0.31250000 0.31999999
vt 0.31250000 0.00000000
vt 0.33333334 0.12000000
vt 0.31250000 0.12000000
vt 0.33333334 0.00000000
vt 0.35416666 0.12000000
vt 0.35416666 0.00000000
vt 0.33333334 0.12000000
vt 0.35416666 0.31999999
vt 0.35416666 0.12000000
vt 0.33333334 0.31999999
vt 0.35416666 0.56999999
vt 0.35416666 0.31999999
vt 0.33333334 0.56999999
vt 0.35416666 0.82999998
vt 0.35416666 0.56999999
vt 0.33333334 0.82999998
vt 0.35416666 1.00000000
vt 0.35416666 0.82999998
vt 0.33333334 0.82999998
vt 0.35416666 1.00000000
vt 0.33333334 1.00000000
vt 0.33333334 0.56999999
vt 0.35416666 0.82999998
vt 0.33333334 0.82999998
vt 0.33333334 0.31999999
vt 0.35416666 0.56999999
vt 0.33333334 0.56999999
vt 0.33333334 0.12000000
vt 0.35416666 0.31999999
vt 0.33333334 0.31999999
vt 0.33333334 0.00000000
vt 0.35416666 0.12000000
vt 0.33333334 0.12000000
vt 0.35416666 0.00000000
vt 0.37500000 0.12000000
vt 0.37500000 0.00000000
vt 0.35416666 0.12000000
vt 0.37500000 0.31999999
vt 0.37500000 0.12000000
vt 0.35416666 0.31999999
vt 0.37500000 0.56999999
vt 0.37500000 0.31999999
vt 0.35416666 0.56999999
vt 0.37500000 0.82999998
vt 0.37500000 0.56999999
vt 0.35416666 0.82999998
vt 0.37500000 1.00000000
vt 0.37500000 0.82999998
vt 0.35416666 0.82999998
vt 0.37500000 1.00000000
vt 0.35416666 1.00000000
vt 0.35416666 0.56999999
vt 0.37500000 0.82999998
vt 0.35416666 0.82999998
vt 0.35416666 0.31999999
vt 0.37500000 0.56999999
vt 0.35416666 0.56999999
vt 0.35416666 0.12000000
vt 0.37500000 0.31999999
vt 0.35416666 0.31999999
vt 0.35416666 0.00000000
vt 0.37500000 0.12000000
vt 0.35416666 0.12000000
vt 0.37500000 0.00000000
vt 0.39583334 0.12000000
vt 0.39583334 0.00000000
vt 0.37500000 0.12000000
vt 0.39583334 0.31999999
vt 0.39583334 0.12000000
vt 0.37500000 0.31999999
vt 0.39583334 0.56999999
vt 0.39583334 0.31999999
vt 0.37500000 0.56999999
vt 0.39583334 0.82999998
vt 0.39583334 0.56999999
vt 0.37500000 0.82999998
vt 0.39583334 1.00000000
vt 0.39583334 0.82999998
vt 0.37500000 0.82999998
vt 0.39583334 1.00000000
vt 0.37500000 1.00000000
vt 0.37500000 0.56999999
vt 0.39583334 0.82999998
vt 0.37500000 0.82999998
vt 0.37500000 0.31999999
vt 0.39583334 0.56999999
vt 0.37500000 0.56999999
vt 0.37500000 0.12000000
vt 0.39583334 0.31999999
vt 0.37500000 0.31999999
vt 0.37500000 0.00000000
vt 0.39583334 0.12000000
vt 0.37500000 0.12000000
vt 0.39583334 0.00000000
vt 0.41666666 0.12000000
vt 0.41666666 0.00000000
vt 0.39583334 0.12000000
vt 0.41666666 0.31999999
vt 0.41666666 0.12000000
vt 0.39583334 0.31999999
vt 0.41666666 0.56999999
vt 0.41666666 0.31999999
vt 0.39583334 0.56999999
vt 0.41666666 0.82999998
vt 0.41666666 0.56999999
vt 0.39583334 0.82999998
vt 0.41666666 1.00000000
vt 0.41666666 0.82999998
vt 0.39583334 0.82999998
vt 0.41666666 1.00000000
vt 0.39583334 1.00000000
vt 0.39583334 0.56999999
vt 0.41666666 0.82999998
vt 0.39583334 0.82999998
vt 0.39583334 0.31999999
vt 0.41666666 0.56999999
vt 0.39583334 0.56999999
vt 0.39583334 0.12000000
vt 0.41666666 0.31999999
vt 0.39583334 0.31999999
vt 0.39583334 0.00000000
vt 0.41666666 0.12000000
vt 0.39583334 0.12000000
vt 0.41666666 0.00000000
vt 0.43750000 0.12000000
vt 0.43750000 0.00000000
vt 0.41666666 0.12000000
vt 0.43750000 0.31999999
vt 0.43750000 0.12000000
vt 0.41666666 0.31999999
vt 0.43750000 0.56999999
vt 0.43750000 0.31999999
vt 0.41666666 0.56999999
vt 0.43750000 0.82999998
vt 0.43750000 0.56999999
vt 0.41666666 0.82999998
vt 0.43750000 1.00000000
vt 0.43750000 0.82999998
vt 0.41666666 0.82999998
vt 0.43750000 1.00000000
vt 0.41666666 1.00000000
vt 0.41666666 0.56999999
vt 0.43750000 0.82999998
vt 0.41666666 0.82999998
vt 0.41666666 0.31999999
vt 0.43750000 0.56999999
vt 0.41666666 0.56999999
vt 0.41666666 0.12000000
vt 0.43750000 0.31999999
vt 0.41666666 0.31999999
vt 0.41666666 0.00000000
vt 0.43750000 0.12000000
vt 0.41666666 0.12000000
vt 0.43750000 0.00000000
vt 0.45833334 0.12000000
vt 0.45833334 0.00000000
vt 0.43750000 0.12000000
vt 0.45833334 0.31999999
vt 0.45833334 0.12000000
vt 0.43750000 0.31999999
vt 0.45833334 0.56999999
vt 0.45833334 0.31999999
vt 0.43750000 0.56999999
vt 0.45833334 0.82999998
vt 0.45833334 0.56999999
vt 0.43750000 0.82999998
vt 0.45833334 1.00000000
vt 0.45833334 0.82999998
vt 0.43750000 0.82999998
vt 0.45833334 1.00000000
vt 0.43750000 1.00000000
vt 0.43750000 0.56999999
vt 0.45833334 0.82999998
vt 0.43750000 0.82999998
vt 0.43750000 0.31999999
vt 0.45833334 0.56999999
vt 0.43750000 0.56999999
vt 0.43750000 0.12000000
vt 0.45833334 0.31999999
vt 0.43750000 0.31999999
vt 0.43750000 0.00000000
vt 0.45833334 0.12000000
vt 0.43750000 0.12000000
vt 0.45833334 0.00000000
vt 0.47916666 0.12000000
vt 0.47916666 0.00000000
vt 0.45833334 0.12000000
vt 0.47916666 0.31999999
vt 0.47916666 0.12000000
vt 0.45833334 0.31999999
vt 0.47916666 0.56999999
vt 0.47916666 0.31999999
vt 0.45833334 0.56999999
vt 0.47916666 0.82999998
vt 0.47916666 0.56999999
vt 0.45833334 0.82999998
vt 0.47916666 1.00000000
vt 0.47916666 0.82999998
vt 0.45833334 0.82999998
vt 0.47916666 1.00000000
vt 0.45833334 1.00000000
vt 0.45833334 0.56999999
vt 0.47916666 0.82999998
vt 0.45833334 0.82999998
vt 0.45833334 0.31999999
vt 0.47916666 0.56999999
vt 0.45833334 0.56999999
vt 0.45833334 0.12000000
vt 0.47916666 0.31999999
vt 0.45833334 0.31999999
vt 0.45833334 0.00000000
vt 0.47916666 0.12000000
vt 0.45833334 0.12000000
vt 0.47916666 0.00000000
vt 0.50000000 0.12000000
vt 0.50000000 0.00000000
vt 0.47916666 0.12000000
vt 0.50000000 0.31999999
vt 0.50000000 0.12000000
vt 0.47916666 0.31999999
vt 0.50000000 0.56999999
vt 0.50000000 0.31999999
vt 0.47916666 0.56999999
vt 0.50000000 0.82999998
vt 0.50000000 0.56999999
vt 0.47916666 0.82999998
vt 0.50000000 1.00000000
vt 0.50000000 0.82999998
vt 0.47916666 0.82999998
vt 0.50000000 1.00000000
vt 0.47916666 1.00000000
vt 0.47916666 0.56999999
vt 0.50000000 0.82999998
vt 0.47916666 0.82999998
vt 0.47916666 0.31999999
vt 0.50000000 0.56999999
vt 0.47916666 0.56999999
vt 0.47916666 0.12000000
vt 0.50000000 0.31999999
vt 0.47916666 0.31999999
vt 0.47916666 0.00000000
vt 0.50000000 0.12000000
vt 0.47916666 0.12000000
vt 0.50000000 0.12000000
vt 0.52083331 0.00000000
vt 0.50000000 0.00000000
vt 0.50000000 0.31999999
vt 0.52083331 0.12000000
vt 0.50000000 0.12000000
vt 0.50000000 0.56999999
vt 0.52083331 0.31999999
vt 0.50000000 0.31999999
vt 0.50000000 0.82999998
vt 0.52083331 0.56999999
vt 0.50000000 0.56999999
vt 0.50000000 1.00000000
vt 0.52083331 0.82999998
vt 0.50000000 0.82999998
vt 0.50000000 1.00000000
vt 0.52083331 0.82999998
vt 0.52083331 1.00000000
vt 0.50000000 0.82999998
vt 0.52083331 0.56999999
vt 0.52083331 0.82999998
vt 0.50000000 0.56999999
vt 0.52083331 0.31999999
vt 0.52083331 0.56999999
vt 0.50000000 0.31999999
vt 0.52083331 0.12000000
vt 0.52083331 0.31999999
vt 0.50000000 0.12000000
vt 0.52083331 0.00000000
vt 0.52083331 0.12000000
vt 0.52083331 0.12000000
vt 0.54166669 0.00000000
vt 0.52083331 0.00000000
vt 0.52083331 0.31999999
vt 0.54166669 0.12000000
vt 0.52083331 0.12000000
vt 0.52083331 0.56999999
vt 0.54166669 0.31999999
vt 0.52083331 0.31999999
vt 0.52083331 0.82999998
vt 0.54166669 0.56999999
vt 0.52083331 0.56999999
vt 0.52083331 1.00000000
vt 0.54166669 0.82999998
vt 0.52083331 0.82999998
vt 0.52083331 1.00000000
vt 0.54166669 0.82999998
vt 0.54166669 1.00000000
vt 0.52083331 0.82999998
vt 0.54166669 0.56999999
vt 0.54166669 0.82999998
vt 0.52083331 0.56999999
vt 0.54166669 0.31999999
vt 0.54166669 0.56999999
vt 0.52083331 0.31999999
vt 0.54166669 0.12000000
vt 0.54166669 0.31999999
vt 0.52083331 0.12000000
vt 0.54166669 0.00000000
vt 0.54166669 0.12000000
vt 0.54166669 0.12000000
vt 0.56250000 0.00000000
vt 0.54166669 0.00000000
vt 0.54166669 0.31999999
vt 0.56250000 0.12000000
vt 0.54166669 0.12000000
vt 0.54166669 0.56999999
vt 0.56250000 0.31999999
vt 0.54166669 0.31999999
vt 0.54166669 0.82999998
vt 0.56250000 0.56999999
vt 0.54166669 0.56999999
vt 0.54166669 1.00000000
vt 0.56250000 0.82999998
vt 0.54166669 0.82999998
vt 0.54166669 1.00000000
vt 0.56250000 0.82999998
vt 0.56250000 1.00000000
vt 0.54166669 0.82999998
vt 0.56250000 0.56999999
vt 0.56250000 0.82999998
vt 0.54166669 0.56999999
vt 0.56250000 0.31999999
vt 0.56250000 0.56999999
vt 0.54166669 0.31999999
vt 0.56250000 0.12000000
vt 0.56250000 0.31999999
vt 0.54166669 0.12000000
vt 0.56250000 0.00000000
vt 0.56250000 0.12000000
vt 0.56250000 0.12000000
vt 0.58333331 0.00000000
vt 0.56250000 0.00000000
vt 0.56250000 0.31999999
vt 0.58333331 0.12000000
vt 0.56250000 0.12000000
vt 0.56250000 0.56999999
vt 0.58333331 0.31999999
vt 0.56250000 0.31999999
vt 0.56250000 0.82999998
vt 0.58333331 0.56999999
vt 0.56250000 0.56999999
vt 0.56250000 1.00000000
vt 0.58333331 0.82999998
vt 0.56250000 0.82999998
vt 0.56250000 1.00000000
vt 0.58333331 0.82999998
vt 0.58333331 1.00000000
vt 0.56250000 0.82999998
vt 0.58333331 0.56999999
vt 0.58333331 0.82999998
vt 0.56250000 0.56999999
vt 0.58333331 0.31999999
vt 0.58333331 0.56999999
vt 0.56250000 0.31999999
vt 0.58333331 0.12000000
vt 0.58333331 0.31999999
vt 0.56250000 0.12000000
vt 0.58333331 0.00000000
vt 0.58333331 0.12000000
vt 0.58333331 0.12000000
vt 0.60416669 0.00000000
vt 0.58333331 0.00000000
vt 0.58333331 0.31999999
vt 0.60416669 0.12000000
vt 0.58333331 0.12000000
vt 0.58333331 0.56999999
vt 0.60416669 0.31999999
vt 0.58333331 0.31999999
vt 0.58333331 0.82999998
vt 0.60416669 0.56999999
vt 0.58333331 0.56999999
vt 0.58333331 1.00000000
vt 0.60416669 0.82999998
vt 0.58333331 0.82999998
vt 0.58333331 1.00000000
vt 0.60416669 0.82999998
vt 0.60416669 1.00000000
vt 0.58333331 0.82999998
vt 0.60416669 0.56999999
vt 0.60416669 0.82999998
vt 0.58333331 0.56999999
vt 0.60416669 0.31999999
vt 0.60416669 0.56999999
vt 0.58333331 0.31999999
vt 0.60416669 0.12000000
vt 0.60416669 0.31999999
vt 0.58333331 0.12000000
vt 0.60416669 0.00000000
vt 0.60416669 0.12000000
vt 0.60416669 0.12000000
vt 0.62500000 0.00000000
vt 0.60416669 0.00000000
vt 0.60416669 0.31999999
vt 0.62500000 0.12000000
vt 0.60416669 0.12000000
vt 0.60416669 0.56999999
vt 0.62500000 0.31999999
vt 0.60416669 0.31999999
vt 0.60416669 0.82999998
vt 0.62500000 0.56999999
vt 0.60416669 0.56999999
vt 0.60416669 1.00000000
vt 0.62500000 0.82999998
vt 0.60416669 0.82999998
vt 0.60416669 1.00000000
vt 0.62500000 0.82999998
vt 0.62500000 1.00000000
vt 0.60416669 0.82999998
vt 0.62500000 0.56999999
vt 0.62500000 0.82999998
vt 0.60416669 0.56999999
vt 0.62500000 0.31999999
vt 0.62500000 0.56999999
vt 0.60416669 0.31999999
vt 0.62500000 0.12000000
vt 0.62500000 0.31999999
vt 0.60416669 0.12000000
vt 0.62500000 0.00000000
vt 0.62500000 0.12000000
vt 0.62500000 0.12000000
vt 0.64583331 0.00000000
vt 0.62500000 0.00000000
vt 0.62500000 0.31999999
vt 0.64583331 0.12000000
vt 0.62500000 0.12000000
vt 0.62500000 0.56999999
vt 0.64583331 0.31999999
vt 0.62500000 0.31999999
vt 0.62500000 0.82999998
vt 0.64583331 0.56999999
vt 0.62500000 0.56999999
vt 0.62500000 1.00000000
vt 0.64583331 0.82999998
vt 0.62500000 0.82999998
vt 0.62500000 1.00000000
vt 0.64583331 0.82999998
vt 0.64583331 1.00000000
vt 0.62500000 0.82999998
vt 0.64583331 0.56999999
vt 0.64583331 0.82999998
vt 0.62500000 0.56999999
vt 0.64583331 0.31999999
vt 0.64583331 0.56999999
vt 0.62500000 0.31999999
vt 0.64583331 0.12000000
vt 0.64583331 0.31999999
vt 0.62500000 0.12000000
vt 0.64583331 0.00000000
vt 0.64583331 0.12000000
vt 0.64583331 0.12000000
vt 0.66666669 0.00000000
vt 0.64583331 0.00000000
vt 0.64583331 0.31999999
vt 0.66666669 0.12000000
vt 0.64583331 0.12000000
vt 0.64583331 0.56999999
vt 0.66666669 0.31999999
vt 0.64583331 0.31999999
vt 0.64583331 0.82999998
vt 0.66666669 0.56999999
vt 0.64583331 0.56999999
vt 0.64583331 1.00000000
vt 0.66666669 0.82999998
vt 0.64583331 0.82999998
vt 0.64583331 1.00000000
vt 0.66666669 0.82999998
vt 0.66666669 1.00000000
vt 0.64583331 0.82999998
vt 0.66666669 0.56999999
vt 0.66666669 0.82999998
vt 0.64583331 0.56999999
vt 0.66666669 0.31999999
vt 0.66666669 0.56999999
vt 0.64583331 0.31999999
vt 0.66666669 0.12000000
vt 0.66666669 0.31999999
vt 0.64583331 0.12000000
vt 0.66666669 0.00000000
vt 0.66666669 0.12000000
vt 0.66666669 0.12000000
vt 0.68750000 0.00000000
vt 0.66666669 0.00000000
vt 0.66666669 0.31999999
vt 0.68750000 0.12000000
vt 0.66666669 0.12000000
vt 0.66666669 0.56999999
vt 0.68750000 0.31999999
vt 0.66666669 0.31999999
vt 0.66666669 0.82999998
vt 0.68750000 0.56999999
vt 0.66666669 0.56999999
vt 0.66666669 1.00000000
vt 0.68750000 0.82999998
vt 0.66666669 0.82999998
vt 0.66666669 1.00000000
vt 0.68750000 0.82999998
vt 0.68750000 1.00000000
vt 0.66666669 0.82999998
vt 0.68750000 0.56999999
vt 0.68750000 0.82999998
vt 0.66666669 0.56999999
vt 0.68750000 0.31999999
vt 0.68750000 0.56999999
vt 0.66666669 0.31999999
vt 0.68750000 0.12000000
vt 0.68750000 0.31999999
vt 0.66666669 0.12000000
vt 0.68750000 0.00000000
vt 0.68750000 0.12000000
vt 0.68750000 0.12000000
vt 0.70833331 0.00000000
vt 0.68750000 0.00000000
vt 0.68750000 0.31999999
vt 0.70833331 0.12000000
vt 0.68750000 0.12000000
vt 0.68750000 0.56999999
vt 0.70833331 0.31999999
vt 0.68750000 0.31999999
vt 0.68750000 0.82999998
vt 0.70833331 0.56999999
vt 0.68750000 0.56999999
vt 0.68750000 1.00000000
vt 0.70833331 0.82999998
vt 0.68750000 0.82999998
vt 0.68750000 1.00000000
vt 0.70833331 0.82999998
vt 0.70833331 1.00000000
vt 0.68750000 0.82999998
vt 0.70833331 0.56999999
vt 0.70833331 0.82999998
vt 0.68750000 0.56999999
vt 0.70833331 0.31999999
vt 0.70833331 0.56999999
vt 0.68750000 0.31999999
vt 0.70833331 0.12000000
vt 0.70833331 0.31999999
vt 0.68750000 0.12000000
vt 0.70833331 0.00000000
vt 0.70833331 0.12000000
vt 0.70833331 0.12000000
vt 0.72916669 0.00000000
vt 0.70833331 0.00000000
vt 0.70833331 0.31999999
vt 0.72916669 0.12000000
vt 0.70833331 0.12000000
vt 0.70833331 0.56999999
vt 0.72916669 0.31999999
vt 0.70833331 0.31999999
vt 0.70833331 0.82999998
vt 0.72916669 0.56999999
vt 0.70833331 0.56999999
vt 0.70833331 1.00000000
vt 0.72916669 0.82999998
vt 0.70833331 0.82999998
vt 0.70833331 1.00000000
vt 0.72916669 0.82999998
vt 0.72916669 1.00000000
vt 0.70833331 0.82999998
vt 0.72916669 0.56999999
vt 0.72916669 0.82999998
vt 0.70833331 0.56999999
vt 0.72916669 0.31999999
vt 0.72916669 0.56999999
vt 0.70833331 0.31999999
vt 0.72916669 0.12000000
vt 0.72916669 0.31999999
vt 0.70833331 0.12000000
vt 0.72916669 0.00000000
vt 0.72916669 0.12000000
vt 0.72916669 0.12000000
vt 0.75000000 0.00000000
vt 0.72916669 0.00000000
vt 0.72916669 0.31999999
vt 0.75000000 0.12000000
vt 0.72916669 0.12000000
vt 0.72916669 0.56999999
vt 0.75000000 0.31999999
vt 0.72916669 0.31999999
vt 0.72916669 0.82999998
vt 0.75000000 0.56999999
vt 0.72916669 0.56999999
vt 0.72916669 1.00000000
vt 0.75000000 0.82999998
vt 0.72916669 0.82999998
vt 0.72916669 1.00000000
vt 0.75000000 0.82999998
vt 0.75000000 1.00000000
vt 0.72916669 0.82999998
vt 0.75000000 0.56999999
vt 0.75000000 0.82999998
vt 0.72916669 0.56999999
vt 0.75000000 0.31999999
vt 0.75000000 0.56999999
vt 0.72916669 0.31999999
vt 0.75000000 0.12000000
vt 0.75000000 0.31999999
vt 0.72916669 0.12000000
vt 0.75000000 0.00000000
vt 0.75000000 0.12000000
vt 0.75000000 0.12000000
vt 0.77083331 0.00000000
vt 0.75000000 0.00000000
vt 0.75000000 0.31999999
vt 0.77083331 0.12000000
vt 0.75000000 0.12000000
vt 0.75000000 0.56999999
vt 0.77083331 0.31999999
vt 0.75000000 0.31999999
vt 0.75000000 0.82999998
vt 0.77083331 0.56999999
vt 0.75000000 0.56999999
vt 0.75000000 1.00000000
vt 0.77083331 0.82999998
vt 0.75000000 0.82999998
vt 0.75000000 1.00000000
vt 0.77083331 0.82999998
vt 0.77083331 1.00000000
vt 0.75000000 0.82999998
vt 0.77083331 0.56999999
vt 0.77083331 0.82999998
vt 0.75000000 0.56999999
vt 0.77083331 0.31999999
vt 0.77083331 0.56999999
vt 0.75000000 0.31999999
vt 0.77083331 0.12000000
vt 0.77083331 0.31999999
vt 0.75000000 0.12000000
vt 0.77083331 0.00000000
vt 0.77083331 0.12000000
vt 0.77083331 0.12000000
vt 0.79166669 0.00000000
vt 0.77083331 0.00000000
vt 0.77083331 0.31999999
vt 0.79166669 0.12000000
vt 0.77083331 0.12000000
vt 0.77083331 0.56999999
vt 0.79166669 0.31999999
vt 0.77083331 0.31999999
vt 0.77083331 0.82999998
vt 0.79166669 0.56999999
vt 0.77083331 0.56999999
vt 0.77083331 1.00000000
vt 0.79166669 0.82999998
vt 0.77083331 0.82999998
vt 0.77083331 1.00000000
vt 0.79166669 0.82999998
vt 0.79166669 1.00000000
vt 0.77083331 0.82999998
vt 0.79166669 0.56999999
vt 0.79166669 0.82999998
vt 0.77083331 0.56999999
vt 0.79166669 0.31999999
vt 0.79166669 0.56999999
vt 0.77083331 0.31999999
vt 0.79166669 0.12000000
vt 0.79166669 0.31999999
vt 0.77083331 0.12000000
vt 0.79166669 0.00000000
vt 0.79166669 0.12000000
vt 0.79166669 0.12000000
vt 0.81250000 0.00000000
vt 0.79166669 0.00000000
vt 0.79166669 0.31999999
vt 0.81250000 0.12000000
vt 0.79166669 0.12000000
vt 0.79166669 0.56999999
vt 0.81250000 0.31999999
vt 0.79166669 0.31999999
vt 0.79166669 0.82999998
vt 0.81250000 0.56999999
vt 0.79166669 0.56999999
vt 0.79166669 1.00000000
vt 0.81250000 0.82999998
vt 0.79166669 0.82999998
vt 0.79166669 1.00000000
vt 0.81250000 0.82999998
vt 0.81250000 1.00000000
vt 0.79166669 0.82999998
vt 0.81250000 0.56999999
vt 0.81250000 0.82999998
vt 0.79166669 0.56999999
vt 0.81250000 0.31999999
vt 0.81250000 0.56999999
vt 0.79166669 0.31999999
vt 0.81250000 0.12000000
vt 0.81250000 0.31999999
vt 0.79166669 0.12000000
vt 0.81250000 0.00000000
vt 0.81250000 0.12000000
vt 0.81250000 0.12000000
vt 0.83333331 0.00000000
vt 0.81250000 0.00000000
vt 0.81250000 0.31999999
vt 0.83333331 0.12000000
vt 0.81250000 0.12000000
vt 0.81250000 0.56999999
vt 0.83333331 0.31999999
vt 0.81250000 0.31999999
vt 0.81250000 0.82999998
vt 0.83333331 0.56999999
vt 0.81250000 0.56999999
vt 0.81250000 1.00000000
vt 0.83333331 0.82999998
vt 0.81250000 0.82999998
vt 0.81250000 1.00000000
vt 0.83333331 0.82999998
vt 0.83333331 1.00000000
vt 0.81250000 0.82999998
vt 0.83333331 0.56999999
vt 0.83333331 0.82999998
vt 0.81250000 0.56999999
vt 0.83333331 0.31999999
vt 0.83333331 0.56999999
vt 0.81250000 0.31999999
vt 0.83333331 0.12000000
vt 0.83333331 0.31999999
vt 0.81250000 0.12000000
vt 0.83333331 0.00000000
vt 0.83333331 0.12000000
vt 0.83333331 0.12000000
vt 0.85416669 0.00000000
vt 0.83333331 0.00000000
vt 0.83333331 0.31999999
vt 0.85416669 0.12000000
vt 0.83333331 0.12000000
vt 0.83333331 0.56999999
vt 0.85416669 0.31999999
vt 0.83333331 0.31999999
vt 0.83333331 0.82999998
vt 0.85416669 0.56999999
vt 0.83333331 0.56999999
vt 0.83333331 1.00000000
vt 0.85416669 0.82999998
vt 0.83333331 0.82999998
vt 0.83333331 1.00000000
vt 0.85416669 0.82999998
vt 0.85416669 1.00000000
vt 0.83333331 0.82999998
vt 0.85416669 0.56999999
vt 0.85416669 0.82999998
vt 0.83333331 0.56999999
vt 0.85416669 0.31999999
vt 0.85416669 0.56999999
vt 0.83333331 0.31999999
vt 0.85416669 0.12000000
vt 0.85416669 0.31999999
vt 0.83333331 0.12000000
vt 0.85416669 0.00000000
vt 0.85416669 0.12000000
vt 0.85416669 0.12000000
vt 0.87500000 0.00000000
vt 0.85416669 0.00000000
vt 0.85416669 0.31999999
vt 0.87500000 0.12000000
vt 0.85416669 0.12000000
vt 0.85416669 0.56999999
vt 0.87500000 0.31999999
vt 0.85416669 0.31999999
vt 0.85416669 0.82999998
vt 0.87500000 0.56999999
vt 0.85416669 0.56999999
vt 0.85416669 1.00000000
vt 0.87500000 0.82999998
vt 0.85416669 0.82999998
vt 0.85416669 1.00000000
vt 0.87500000 0.82999998
vt 0.87500000 1.00000000
vt 0.85416669 0.82999998
vt 0.87500000 0.56999999
vt 0.87500000 0.82999998
vt 0.85416669 0.56999999
vt 0.87500000 0.31999999
vt 0.87500000 0.56999999
vt 0.85416669 0.31999999
vt 0.87500000 0.12000000
vt 0.87500000 0.31999999
vt 0.85416669 0.12000000
vt 0.87500000 0.00000000
vt 0.87500000 0.12000000
vt 0.87500000 0.12000000
vt 0.89583331 0.00000000
vt 0.87500000 0.00000000
vt 0.87500000 0.31999999
vt 0.89583331 0.12000000
vt 0.87500000 0.12000000
vt 0.87500000 0.56999999
vt 0.89583331 0.31999999
vt 0.87500000 0.31999999
vt 0.87500000 0.82999998
vt 0.89583331 0.56999999
vt 0.87500000 0.56999999
vt 0.87500000 1.00000000
vt 0.89583331 0.82999998
vt 0.87500000 0.82999998
vt 0.87500000 1.00000000
vt 0.89583331 0.82999998
vt 0.89583331 1.00000000
vt 0.87500000 0.82999998
vt 0.89583331 0.56999999
vt 0.89583331 0.82999998
vt 0.87500000 0.56999999
vt 0.89583331 0.31999999
vt 0.89583331 0.56999999
vt 0.87500000 0.31999999
vt 0.89583331 0.12000000
vt 0.89583331 0.31999999
vt 0.87500000 0.12000000
vt 0.89583331 0.00000000
vt 0.89583331 0.12000000
vt 0.89583331 0.12000000
vt 0.91666669 0.00000000
vt 0.89583331 0.00000000
vt 0.89583331 0.31999999
vt 0.91666669 0.12000000
vt 0.89583331 0.12000000
vt 0.89583331 0.56999999
vt 0.91666669 0.31999999
vt 0.89583331 0.31999999
vt 0.89583331 0.82999998
vt 0.91666669 0.56999999
vt 0.89583331 0.56999999
vt 0.89583331 1.00000000
vt 0.91666669 0.82999998
vt 0.89583331 0.82999998
vt 0.89583331 1.00000000
vt 0.91666669 0.82999998
vt 0.91666669 1.00000000
vt 0.89583331 0.82999998
vt 0.91666669 0.56999999
vt 0.91666669 0.82999998
vt 0.89583331 0.56999999
vt 0.91666669 0.31999999
vt 0.91666669 0.56999999
vt 0.89583331 0.31999999
vt 0.91666669 0.12000000
vt 0.91666669 0.31999999
vt 0.89583331 0.12000000
vt 0.91666669 0.00000000
vt 0.91666669 0.12000000
vt 0.91666669 0.12000000
vt 0.93750000 0.00000000
vt 0.91666669 0.00000000
vt 0.91666669 0.31999999
vt 0.93750000 0.12000000
vt 0.91666669 0.12000000
vt 0.91666669 0.56999999
vt 0.93750000 0.31999999
vt 0.91666669 0.31999999
vt 0.91666669 0.82999998
vt 0.93750000 0.56999999
vt 0.91666669 0.56999999
vt 0.91666669 1.00000000
vt 0.93750000 0.82999998
vt 0.91666669 0.82999998
vt 0.91666669 1.00000000
vt 0.93750000 0.82999998
vt 0.93750000 1.00000000
vt 0.91666669 0.82999998
vt 0.93750000 0.56999999
vt 0.93750000 0.82999998
vt 0.91666669 0.56999999
vt 0.93750000 0.31999999
vt 0.93750000 0.56999999
vt 0.91666669 0.31999999
vt 0.93750000 0.12000000
vt 0.93750000 0.31999999
vt 0.91666669 0.12000000
vt 0.93750000 0.00000000
vt 0.93750000 0.12000000
vt 0.93750000 0.12000000
vt 0.95833331 0.00000000
vt 0.93750000 0.00000000
vt 0.93750000 0.31999999
vt 0.95833331 0.12000000
vt 0.93750000 0.12000000
vt 0.93750000 0.56999999
vt 0.95833331 0.31999999
vt 0.93750000 0.31999999
vt 0.93750000 0.82999998
vt 0.95833331 0.56999999
vt 0.93750000 0.56999999
vt 0.93750000 1.00000000
vt 0.95833331 0.82999998
vt 0.93750000 0.82999998
vt 0.93750000 1.00000000
vt 0.95833331 0.82999998
vt 0.95833331 1.00000000
vt 0.93750000 0.82999998
vt 0.95833331 0.56999999
vt 0.95833331 0.82999998
vt 0.93750000 0.56999999
vt 0.95833331 0.31999999
vt 0.95833331 0.56999999
vt 0.93750000 0.31999999
vt 0.95833331 0.12000000
vt 0.95833331 0.31999999
vt 0.93750000 0.12000000
vt 0.95833331 0.00000000
vt 0.95833331 0.12000000
vt 0.95833331 0.12000000
vt 0.97916669 0.00000000
vt 0.95833331 0.00000000
vt 0.95833331 0.31999999
vt 0.97916669 0.12000000
vt 0.95833331 0.12000000
vt 0.95833331 0.56999999
vt 0.97916669 0.31999999
vt 0.95833331 0.31999999
vt 0.95833331 0.82999998
vt 0.97916669 0.56999999
vt 0.95833331 0.56999999
vt 0.95833331 1.00000000
vt 0.97916669 0.82999998
vt 0.95833331 0.82999998
vt 0.95833331 1.00000000
vt 0.97916669 0.82999998
vt 0.97916669 1.00000000
vt 0.95833331 0.82999998
vt 0.97916669 0.56999999
vt 0.97916669 0.82999998
vt 0.95833331 0.56999999
vt 0.97916669 0.31999999
vt 0.97916669 0.56999999
vt 0.95833331 0.31999999
vt 0.97916669 0.12000000
vt 0.97916669 0.31999999
vt 0.95833331 0.12000000
vt 0.97916669 0.00000000
vt 0.97916669 0.12000000
vt 1.00000000 0.50000000
vt 0.97916669 0.00000000
vt 0.97916669 0.12000000
vt 1.00000000 0.50000000
vt 0.97916669 0.12000000
vt 0.97916669 0.31999999
vt 1.00000000 0.50000000
vt 0.97916669 0.31999999
vt 0.97916669 0.56999999
vt 1.00000000 0.50000000
vt 0.97916669 0.56999999
vt 0.97916669 0.82999998
vt 1.00000000 0.50000000
vt 0.97916669 0.82999998
vt 0.97916669 1.00000000
vt 1.00000000 0.50000000
vt 0.97916669 1.00000000
vt 0.97916669 0.82999998
vt 1.00000000 0.50000000
vt 0.97916669 0.82999998
vt 0.97916669 0.56999999
vt 1.00000000 0.50000000
vt 0.97916669 0.56999999
vt 0.97916669 0.31999999
vt 1.00000000 0.50000000
vt 0.97916669 0.31999999
vt 0.97916669 0.12000000
vt 1.00000000 0.50000000
vt 0.97916669 0.12000000
vt 0.97916669 0.00000000
vt 0.02083333 0.00000000
vt 0.02083333 0.12000000
vt 0.04166667 0.12000000
vt 0.02083333 0.12000000
vt 0.02083333 0.31999999
vt 0.04166667 0.31999999
vt 0.02083333 0.31999999
vt 0.02083333 0.56999999
vt 0.04166667 0.56999999
vt 0.02083333 0.56999999
vt 0.02083333 0.82999998
vt 0.04166667 0.82999998
vt 0.02083333 0.82999998
vt 0.02083333 1.00000000
vt 0.04166667 1.00000000
vt 0.02083333 0.82999998
vt 0.04166667 0.82999998
vt 0.04166667 1.00000000
vt 0.02083333 0.56999999
vt 0.04166667 0.56999999
vt 0.04166667 0.82999998
vt 0.02083333 0.31999999
vt 0.04166667 0.31999999
vt 0.04166667 0.56999999
vt 0.02083333 0.12000000
vt 0.04166667 0.12000000
vt 0.04166667 0.31999999
vt 0.02083333 0.00000000
vt 0.04166667 0.00000000
vt 0.04166667 0.12000000
vt 0.04166667 0.00000000
vt 0.04166667 0.12000000
vt 0.06250000 0.12000000
vt 0.04166667 0.12000000
vt 0.04166667 0.31999999
vt 0.06250000 0.31999999
vt 0.04166667 0.31999999
vt 0.04166667 0.56999999
vt 0.06250000 0.56999999
vt 0.04166667 0.56999999
vt 0.04166667 0.82999998
vt 0.06250000 0.82999998
vt 0.04166667 0.82999998
vt 0.04166667 1.00000000
vt 0.06250000 1.00000000
vt 0.04166667 0.82999998
vt 0.06250000 0.82999998
vt 0.06250000 1.00000000
vt 0.04166667 0.56999999
vt 0.06250000 0.56999999
vt 0.06250000 0.82999998
vt 0.04166667 0.31999999
vt 0.06250000 0.31999999
vt 0.06250000 0.56999999
vt 0.04166667 0.12000000
vt 0.06250000 0.12000000
vt 0.06250000 0.31999999
vt 0.04166667 0.00000000
vt 0.06250000 0.00000000
vt 0.06250000 0.12000000
vt 0.06250000 0.00000000
vt 0.06250000 0.12000000
vt 0.08333334 0.12000000
vt 0.06250000 0.12000000
vt 0.06250000 0.31999999
vt 0.08333334 0.31999999
vt 0.06250000 0.31999999
vt 0.06250000 0.56999999
vt 0.08333334 0.56999999
vt 0.06250000 0.56999999
vt 0.06250000 0.82999998
vt 0.08333334 0.82999998
vt 0.06250000 0.82999998
vt 0.06250000 1.00000000
vt 0.08333334 1.00000000
vt 0.06250000 0.82999998
vt 0.08333334 0.82999998
vt 0.08333334 1.00000000
vt 0.06250000 0.56999999
vt 0.08333334 0.56999999
vt 0.08333334 0.82999998
vt 0.06250000 0.31999999
vt 0.08333334 0.31999999
vt 0.08333334 0.56999999
vt 0.06250000 0.12000000
vt 0.08333334 0.12000000
vt 0.08333334 0.31999999
vt 0.06250000 0.00000000
vt 0.08333334 0.00000000
vt 0.08333334 0.12000000
vt 0.08333334 0.00000000
vt 0.08333334 0.12000000
vt 0.10416666 0.12000000
vt 0.08333334 0.12000000
vt 0.08333334 0.31999999
vt 0.10416666 0.31999999
vt 0.08333334 0.31999999
vt 0.08333334 0.56999999
vt 0.10416666 0.56999999
vt 0.08333334 0.56999999
vt 0.08333334 0.82999998
vt 0.10416666 0.82999998
vt 0.08333334 0.82999998
vt 0.08333334 1.00000000
vt 0.10416666 1.00000000
vt 0.08333334 0.82999998
vt 0.10416666 0.82999998
vt 0.10416666 1.00000000
vt 0.08333334 0.56999999
vt 0.10416666 0.56999999
vt 0.10416666 0.82999998
vt 0.08333334 0.31999999
vt 0.10416666 0.31999999
vt 0.10416666 0.56999999
vt 0.08333334 0.12000000
vt 0.10416666 0.12000000
vt 0.10416666 0.31999999
vt 0.08333334 0.00000000
vt 0.10416666 0.00000000
vt 0.10416666 0.12000000
vt 0.10416666 0.00000000
vt 0.10416666 0.12000000
vt 0.12500000 0.12000000
vt 0.10416666 0.12000000
vt 0.10416666 0.31999999
vt 0.12500000 0.31999999
vt 0.10416666 0.31999999
vt 0.10416666 0.56999999
vt 0.12500000 0.56999999
vt 0.10416666 0.56999999
vt 0.10416666 0.82999998
vt 0.12500000 0.82999998
vt 0.10416666 0.82999998
vt 0.10416666 1.00000000
vt 0.12500000 1.00000000
vt 0.10416666 0.82999998
vt 0.12500000 0.82999998
vt 0.12500000 1.00000000
vt 0.10416666 0.56999999
vt 0.12500000 0.56999999
vt 0.12500000 0.82999998
vt 0.10416666 0.31999999
vt 0.12500000 0.31999999
vt 0.12500000 0.56999999
vt 0.10416666 0.12000000
vt 0.12500000 0.12000000
vt 0.12500000 0.31999999
vt 0.10416666 0.00000000
vt 0.12500000 0.00000000
vt 0.12500000 0.12000000
vt 0.12500000 0.00000000
vt 0.12500000 0.12000000
vt 0.14583333 0.12000000
vt 0.12500000 0.12000000
vt 0.12500000 0.31999999
vt 0.14583333 0.31999999
vt 0.12500000 0.31999999
vt 0.12500000 0.56999999
vt 0.14583333 0.56999999
vt 0.12500000 0.56999999
vt 0.12500000 0.82999998
vt 0.14583333 0.82999998
vt 0.12500000 0.82999998
vt 0.12500000 1.00000000
vt 0.14583333 1.00000000
vt 0.12500000 0.82999998
vt 0.14583333 0.82999998
vt 0.14583333 1.00000000
vt 0.12500000 0.56999999
vt 0.14583333 0.56999999
vt 0.14583333 0.82999998
vt 0.12500000 0.31999999
vt 0.14583333 0.31999999
vt 0.14583333 0.56999999
vt 0.12500000 0.12000000
vt 0.14583333 0.12000000
vt 0.14583333 0.31999999
vt 0.12500000 0.00000000
vt 0.14583333 0.00000000
vt 0.14583333 0.12000000
vt 0.14583333 0.00000000
vt 0.14583333 0.12000000
vt 0.16666667 0.12000000
vt 0.14583333 0.12000000
vt 0.14583333 0.31999999
vt 0.16666667 0.31999999
vt 0.14583333 0.31999999
vt 0.14583333 0.56999999
vt 0.16666667 0.56999999
vt 0.14583333 0.56999999
vt 0.14583333 0.82999998
vt 0.16666667 0.82999998
vt 0.14583333 0.82999998
vt 0.14583333 1.00000000
vt 0.16666667 1.00000000
vt 0.14583333 0.82999998
vt 0.16666667 0.82999998
vt 0.16666667 1.00000000
vt 0.14583333 0.56999999
vt 0.16666667 0.56999999
vt 0.16666667 0.82999998
vt 0.14583333 0.31999999
vt 0.16666667 0.31999999
vt 0.16666667 0.56999999
vt 0.14583333 0.12000000
vt 0.16666667 0.12000000
vt 0.16666667 0.31999999
vt 0.14583333 0.00000000
vt 0.16666667 0.00000000
vt 0.16666667 0.12000000
vt 0.16666667 0.00000000
vt 0.16666667 0.12000000
vt 0.18750000 0.12000000
vt 0.16666667 0.12000000
vt 0.16666667 0.31999999
vt 0.18750000 0.31999999
vt 0.16666667 0.31999999
vt 0.16666667 0.56999999
vt 0.18750000 0.56999999
vt 0.16666667 0.56999999
vt 0.16666667 0.82999998
vt 0.18750000 0.82999998
vt 0.16666667 0.82999998
vt 0.16666667 1.00000000
vt 0.18750000 1.00000000
vt 0.16666667 0.82999998
vt 0.18750000 0.82999998
vt 0.18750000 1.00000000
vt 0.16666667 0.56999999
vt 0.18750000 0.56999999
vt 0.18750000 0.82999998
vt 0.16666667 0.31999999
vt 0.18750000 0.31999999
vt 0.18750000 0.56999999
vt 0.16666667 0.12000000
vt 0.18750000 0.12000000
vt 0.18750000 0.31999999
vt 0.16666667 0.00000000
vt 0.18750000 0.00000000
vt 0.18750000 0.12000000
vt 0.18750000 0.00000000
vt 0.18750000 0.12000000
vt 0.20833333 0.12000000
vt 0.18750000 0.12000000
vt 0.18750000 0.31999999
vt 0.20833333 0.31999999
vt 0.18750000 0.31999999
vt 0.18750000 0.56999999
vt 0.20833333 0.56999999
vt 0.18750000 0.56999999
vt 0.18750000 0.82999998
vt 0.20833333 0.82999998
vt 0.18750000 0.82999998
vt 0.18750000 1.00000000
vt 0.20833333 1.00000000
vt 0.18750000 0.82999998
vt 0.20833333 0.82999998
vt 0.20833333 1.00000000
vt 0.18750000 0.56999999
vt 0.20833333 0.56999999
vt 0.20833333 0.82999998
vt 0.18750000 0.31999999
vt 0.20833333 0.31999999
vt 0.20833333 0.56999999
vt 0.18750000 0.12000000
vt 0.20833333 0.12000000
vt 0.20833333 0.31999999
vt 0.18750000 0.00000000
vt 0.20833333 0.00000000
vt 0.20833333 0.12000000
vt 0.20833333 0.00000000
vt 0.20833333 0.12000000
vt 0.22916667 0.12000000
vt 0.20833333 0.12000000
vt 0.20833333 0.31999999
vt 0.22916667 0.31999999
vt 0.20833333 0.31999999
vt 0.20833333 0.56999999
vt 0.22916667 0.56999999
vt 0.20833333 0.56999999
vt 0.20833333 0.82999998
vt 0.22916667 0.82999998
vt 0.20833333 0.82999998
vt 0.20833333 1.00000000
vt 0.22916667 1.00000000
vt 0.20833333 0.82999998
vt 0.22916667 0.82999998
vt 0.22916667 1.00000000
vt 0.20833333 0.56999999
vt 0.22916667 0.56999999
vt 0.22916667 0.82999998
vt 0.20833333 0.31999999
vt 0.22916667 0.31999999
vt 0.22916667 0.56999999
vt 0.20833333 0.12000000
vt 0.22916667 0.12000000
vt 0.22916667 0.31999999
vt 0.20833333 0.00000000
vt 0.22916667 0.00000000
vt 0.22916667 0.12000000
vt 0.22916667 0.00000000
vt 0.22916667 0.12000000
vt 0.25000000 0.12000000
vt 0.22916667 0.12000000
vt 0.22916667 0.31999999
vt 0.25000000 0.31999999
vt 0.22916667 0.31999999
vt 0.22916667 0.56999999
vt 0.25000000 0.56999999
vt 0.22916667 0.56999999
vt 0.22916667 0.82999998
vt 0.25000000 0.82999998
vt 0.22916667 0.82999998
vt 0.22916667 1.00000000
vt 0.25000000 1.00000000
vt 0.22916667 0.82999998
vt 0.25000000 0.82999998
vt 0.25000000 1.00000000
vt 0.22916667 0.56999999
vt 0.25000000 0.56999999
vt 0.25000000 0.82999998
vt 0.22916667 0.31999999
vt 0.25000000 0.31999999
vt 0.25000000 0.56999999
vt 0.22916667 0.12000000
vt 0.25000000 0.12000000
vt 0.25000000 0.31999999
vt 0.22916667 0.00000000
vt 0.25000000 0.00000000
vt 0.25000000 0.12000000
vt 0.25000000 0.00000000
vt 0.25000000 0.12000000
vt 0.27083334 0.12000000
vt 0.25000000 0.12000000
vt 0.25000000 0.31999999
vt 0.27083334 0.31999999
vt 0.25000000 0.31999999
vt 0.25000000 0.56999999
vt 0.27083334 0.56999999
vt 0.25000000 0.56999999
vt 0.25000000 0.82999998
vt 0.27083334 0.82999998
vt 0.25000000 0.82999998
vt 0.25000000 1.00000000
vt 0.27083334 1.00000000
vt 0.25000000 0.82999998
vt 0.27083334 0.82999998
vt 0.27083334 1.00000000
vt 0.25000000 0.56999999
vt 0.27083334 0.56999999
vt 0.27083334 0.82999998
vt 0.25000000 0.31999999
vt 0.27083334 0.31999999
vt 0.27083334 0.56999999
vt 0.25000000 0.12000000
vt 0.27083334 0.12000000
vt 0.27083334 0.31999999
vt 0.25000000 0.00000000
vt 0.27083334 0.00000000
vt 0.27083334 0.12000000
vt 0.27083334 0.00000000
vt 0.27083334 0.12000000
vt 0.29166666 0.12000000
vt 0.27083334 0.12000000
vt 0.27083334 0.31999999
vt 0.29166666 0.31999999
vt 0.27083334 0.31999999
vt 0.27083334 0.56999999
vt 0.29166666 0.56999999
vt 0.27083334 0.56999999
vt 0.27083334 0.82999998
vt 0.29166666 0.82999998
vt 0.27083334 0.82999998
vt 0.27083334 1.00000000
vt 0.29166666 1.00000000
vt 0.27083334 0.82999998
vt 0.29166666 0.82999998
vt 0.29166666 1.00000000
vt 0.27083334 0.56999999
vt 0.29166666 0.56999999
vt 0.29166666 0.82999998
vt 0.27083334 0.31999999
vt 0.29166666 0.31999999
vt 0.29166666 0.56999999
vt 0.27083334 0.12000000
vt 0.29166666 0.12000000
vt 0.29166666 0.31999999
vt 0.27083334 0.00000000
vt 0.29166666 0.00000000
vt 0.29166666 0.12000000
vt 0.29166666 0.00000000
vt 0.29166666 0.12000000
vt 0.31250000 0.12000000
vt 0.29166666 0.12000000
vt 0.29166666 0.31999999
vt 0.31250000 0.31999999
vt 0.29166666 0.31999999
vt 0.29166666 0.56999999
vt 0.31250000 0.56999999
vt 0.29166666 0.56999999
vt 0.29166666 0.82999998
vt 0.31250000 0.82999998
vt 0.29166666 0.82999998
vt 0.29166666 1.00000000
vt 0.31250000 1.00000000
vt 0.29166666 0.82999998
vt 0.31250000 0.82999998
vt 0.31250000 1.00000000
vt 0.29166666 0.56999999
vt 0.31250000 0.56999999
vt 0.31250000 0.82999998
vt 0.29166666 0.31999999
vt 0.31250000 0.31999999
vt 0.31250000 0.56999999
vt 0.29166666 0.12000000
vt 0.31250000 0.12000000
vt 0.31250000 0.31999999
vt 0.29166666 0.00000000
vt 0.31250000 0.00000000
vt 0.31250000 0.12000000
vt 0.31250000 0.00000000
vt 0.31250000 0.12000000
vt 0.33333334 0.12000000
vt 0.31250000 0.12000000
vt 0.31250000 0.31999999
vt 0.33333334 0.31999999
vt 0.31250000 0.31999999
vt 0.31250000 0.56999999
vt 0.33333334 0.56999999
vt 0.31250000 0.56999999
vt 0.31250000 0.82999998
vt 0.33333334 0.82999998
vt 0.31250000 0.82999998
vt 0.31250000 1.00000000
vt 0.33333334 1.00000000
vt 0.31250000 0.82999998
vt 0.33333334 0.82999998
vt 0.33333334 1.00000000
vt 0.31250000 0.56999999
vt 0.33333334 0.56999999
vt 0.33333334 0.82999998
vt 0.31250000 0.31999999
vt 0.33333334 0.31999999
vt 0.33333334 0.56999999
vt 0.31250000 0.12000000
vt 0.33333334 0.12000000
vt 0.33333334 0.31999999
vt 0.31250000 0.00000000
vt 0.33333334 0.00000000
vt 0.33333334 0.12000000
vt 0.33333334 0.00000000
vt 0.33333334 0.12000000
vt 0.35416666 0.12000000
vt 0.33333334 0.12000000
vt 0.33333334 0.31999999
vt 0.35416666 0.31999999
vt 0.33333334 0.31999999
vt 0.33333334 0.56999999
vt 0.35416666 0.56999999
vt 0.33333334 0.56999999
vt 0.33333334 0.82999998
vt 0.35416666 0.82999998
vt 0.33333334 0.82999998
vt 0.33333334 1.00000000
vt 0.35416666 1.00000000
vt 0.33333334 0.82999998
vt 0.35416666 0.82999998
vt 0.35416666 1.00000000
vt 0.33333334 0.56999999
vt 0.35416666 0.56999999
vt 0.35416666 0.82999998
vt 0.33333334 0.31999999
vt 0.35416666 0.31999999
vt 0.35416666 0.56999999
vt 0.33333334 0.12000000
vt 0.35416666 0.12000000
vt 0.35416666 0.31999999
vt 0.33333334 0.00000000
vt 0.35416666 0.00000000
vt 0.35416666 0.12000000
vt 0.35416666 0.00000000
vt 0.35416666 0.12000000
vt 0.37500000 0.12000000
vt 0.35416666 0.12000000
vt 0.35416666 0.31999999
vt 0.37500000 0.31999999
vt 0.35416666 0.31999999
vt 0.35416666 0.56999999
vt 0.37500000 0.56999999
vt 0.35416666 0.56999999
vt 0.35416666 0.82999998
vt 0.37500000 0.82999998
vt 0.35416666 0.82999998
vt 0.35416666 1.00000000
vt 0.37500000 1.00000000
vt 0.35416666 0.82999998
vt 0.37500000 0.82999998
vt 0.37500000 1.00000000
vt 0.35416666 0.56999999
vt 0.37500000 0.56999999
vt 0.37500000 0.82999998
vt 0.35416666 0.31999999
vt 0.37500000 0.31999999
vt 0.37500000 0.56999999
vt 0.35416666 0.12000000
vt 0.37500000 0.12000000
vt 0.37500000 0.31999999
vt 0.35416666 0.00000000
vt 0.37500000 0.00000000
vt 0.37500000 0.12000000
vt 0.37500000 0.00000000
vt 0.37500000 0.12000000
vt 0.39583334 0.12000000
vt 0.37500000 0.12000000
vt 0.37500000 0.31999999
vt 0.39583334 0.31999999
vt 0.37500000 0.31999999
vt 0.37500000 0.56999999
vt 0.39583334 0.56999999
vt 0.37500000 0.56999999
vt 0.37500000 0.82999998
vt 0.39583334 0.82999998
vt 0.37500000 0.82999998
vt 0.37500000 1.00000000
vt 0.39583334 1.00000000
vt 0.37500000 0.82999998
vt 0.39583334 0.82999998
vt 0.39583334 1.00000000
vt 0.37500000 0.56999999
vt 0.39583334 0.56999999
vt 0.39583334 0.82999998
vt 0.37500000 0.31999999
vt 0.39583334 0.31999999
vt 0.39583334 0.56999999
vt 0.37500000 0.12000000
vt 0.39583334 0.12000000
vt 0.39583334 0.31999999
vt 0.37500000 0.00000000
vt 0.39583334 0.00000000
vt 0.39583334 0.12000000
vt 0.39583334 0.00000000
vt 0.39583334 0.12000000
vt 0.41666666 0.12000000
vt 0.39583334 0.12000000
vt 0.39583334 0.31999999
vt 0.41666666 0.31999999
vt 0.39583334 0.31999999
vt 0.39583334 0.56999999
vt 0.41666666 0.56999999
vt 0.39583334 0.56999999
vt 0.39583334 0.82999998
vt 0.41666666 0.82999998
vt 0.39583334 0.82999998
vt 0.39583334 1.00000000
vt 0.41666666 1.00000000
vt 0.39583334 0.82999998
vt 0.41666666 0.82999998
vt 0.41666666 1.00000000
vt 0.39583334 0.56999999
vt 0.41666666 0.56999999
vt 0.41666666 0.82999998
vt 0.39583334 0.31999999
vt 0.41666666 0.31999999
vt 0.41666666 0.56999999
vt 0.39583334 0.12000000
vt 0.41666666 0.12000000
vt 0.41666666 0.31999999
vt 0.39583334 0.00000000
vt 0.41666666 0.00000000
vt 0.41666666 0.12000000
vt 0.41666666 0.00000000
vt 0.41666666 0.12000000
vt 0.43750000 0.12000000
vt 0.41666666 0.12000000
vt 0.41666666 0.31999999
vt 0.43750000 0.31999999
vt 0.41666666 0.31999999
vt 0.41666666 0.56999999
vt 0.43750000 0.56999999
vt 0.41666666 0.56999999
vt 0.41666666 0.82999998
vt 0.43750000 0.82999998
vt 0.41666666 0.82999998
vt 0.41666666 1.00000000
vt 0.43750000 1.00000000
vt 0.41666666 0.82999998
vt 0.43750000 0.82999998
vt 0.43750000 1.00000000
vt 0.41666666 0.56999999
vt 0.43750000 0.56999999
vt 0.43750000 0.82999998
vt 0.41666666 0.31999999
vt 0.43750000 0.31999999
vt 0.43750000 0.56999999
vt 0.41666666 0.12000000
vt 0.43750000 0.12000000
vt 0.43750000 0.31999999
vt 0.41666666 0.00000000
vt 0.43750000 0.00000000
vt 0.43750000 0.12000000
vt 0.43750000 0.00000000
vt 0.43750000 0.12000000
vt 0.45833334 0.12000000
vt 0.43750000 0.12000000
vt 0.43750000 0.31999999
vt 0.45833334 0.31999999
vt 0.43750000 0.31999999
vt 0.43750000 0.56999999
vt 0.45833334 0.56999999
vt 0.43750000 0.56999999
vt 0.43750000 0.82999998
vt 0.45833334 0.82999998
vt 0.43750000 0.82999998
vt 0.43750000 1.00000000
vt 0.45833334 1.00000000
vt 0.43750000 0.82999998
vt 0.45833334 0.82999998
vt 0.45833334 1.00000000
vt 0.43750000 0.56999999
vt 0.45833334 0.56999999
vt 0.45833334 0.82999998
vt 0.43750000 0.31999999
vt 0.45833334 0.31999999
vt 0.45833334 0.56999999
vt 0.43750000 0.12000000
vt 0.45833334 0.12000000
vt 0.45833334 0.31999999
vt 0.43750000 0.00000000
vt 0.45833334 0.00000000
vt 0.45833334 0.12000000
vt 0.45833334 0.00000000
vt 0.45833334 0.12000000
vt 0.47916666 0.12000000
vt 0.45833334 0.12000000
vt 0.45833334 0.31999999
vt 0.47916666 0.31999999
vt 0.45833334 0.31999999
vt 0.45833334 0.56999999
vt 0.47916666 0.56999999
vt 0.45833334 0.56999999
vt 0.45833334 0.82999998
vt 0.47916666 0.82999998
vt 0.45833334 0.82999998
vt 0.45833334 1.00000000
vt 0.47916666 1.00000000
vt 0.45833334 0.82999998
vt 0.47916666 0.82999998
vt 0.47916666 1.00000000
vt 0.45833334 0.56999999
vt 0.47916666 0.56999999
vt 0.47916666 0.82999998
vt 0.45833334 0.31999999
vt 0.47916666 0.31999999
vt 0.47916666 0.56999999
vt 0.45833334 0.12000000
vt 0.47916666 0.12000000
vt 0.47916666 0.31999999
vt 0.45833334 0.00000000
vt 0.47916666 0.00000000
vt 0.47916666 0.12000000
vt 0.47916666 0.00000000
vt 0.47916666 0.12000000
vt 0.50000000 0.12000000
vt 0.47916666 0.12000000
vt 0.47916666 0.31999999
vt 0.50000000 0.31999999
vt 0.47916666 0.31999999
vt 0.47916666 0.56999999
vt 0.50000000 0.56999999
vt 0.47916666 0.56999999
vt 0.47916666 0.82999998
vt 0.50000000 0.82999998
vt 0.47916666 0.82999998
vt 0.47916666 1.00000000
vt 0.50000000 1.00000000
vt 0.47916666 0.82999998
vt 0.50000000 0.82999998
vt 0.50000000 1.00000000
vt 0.47916666 0.56999999
vt 0.50000000 0.56999999
vt 0.50000000 0.82999998
vt 0.47916666 0.31999999
vt 0.50000000 0.31999999
vt 0.50000000 0.56999999
vt 0.47916666 0.12000000
vt 0.50000000 0.12000000
vt 0.50000000 0.31999999
vt 0.47916666 0.00000000
vt 0.50000000 0.00000000
vt 0.50000000 0.12000000
vt 0.50000000 0.12000000
vt 0.52083331 0.12000000
vt 0.52083331 0.00000000
vt 0.50000000 0.31999999
vt 0.52083331 0.31999999
vt 0.52083331 0.12000000
vt 0.50000000 0.56999999
vt 0.52083331 0.56999999
vt 0.52083331 0.31999999
vt 0.50000000 0.82999998
vt 0.52083331 0.82999998
vt 0.52083331 0.56999999
vt 0.50000000 1.00000000
vt 0.52083331 1.00000000
vt 0.52083331 0.82999998
vt 0.50000000 1.00000000
vt 0.50000000 0.82999998
vt 0.52083331 0.82999998
vt 0.50000000 0.82999998
vt 0.50000000 0.56999999
vt 0.52083331 0.56999999
vt 0.50000000 0.56999999
vt 0.50000000 0.31999999
vt 0.52083331 0.31999999
vt 0.50000000 0.31999999
vt 0.50000000 0.12000000
vt 0.52083331 0.12000000
vt 0.50000000 0.12000000
vt 0.50000000 0.00000000
vt 0.52083331 0.00000000
vt 0.52083331 0.12000000
vt 0.54166669 0.12000000
vt 0.54166669 0.00000000
vt 0.52083331 0.31999999
vt 0.54166669 0.31999999
vt 0.54166669 0.12000000
vt 0.52083331 0.56999999
vt 0.54166669 0.56999999
vt 0.54166669 0.31999999
vt 0.52083331 0.82999998
vt 0.54166669 0.82999998
vt 0.54166669 0.56999999
vt 0.52083331 1.00000000
vt 0.54166669 1.00000000
vt 0.54166669 0.82999998
vt 0.52083331 1.00000000
vt 0.52083331 0.82999998
vt 0.54166669 0.82999998
vt 0.52083331 0.82999998
vt 0.52083331 0.56999999
vt 0.54166669 0.56999999
vt 0.52083331 0.56999999
vt 0.52083331 0.31999999
vt 0.54166669 0.31999999
vt 0.52083331 0.31999999
vt 0.52083331 0.12000000
vt 0.54166669 0.12000000
vt 0.52083331 0.12000000
vt 0.52083331 0.00000000
vt 0.54166669 0.00000000
vt 0.54166669 0.12000000
vt 0.56250000 0.12000000
vt 0.56250000 0.00000000
vt 0.54166669 0.31999999
vt 0.56250000 0.31999999
vt 0.56250000 0.12000000
vt 0.54166669 0.56999999
vt 0.56250000 0.56999999
vt 0.56250000 0.31999999
vt 0.54166669 0.82999998
vt 0.56250000 0.82999998
vt 0.56250000 0.56999999
vt 0.54166669 1.00000000
vt 0.56250000 1.00000000
vt 0.56250000 0.82999998
vt 0.54166669 1.00000000
vt 0.54166669 0.82999998
vt 0.56250000 0.82999998
vt 0.54166669 0.82999998
vt 0.54166669 0.56999999
vt 0.56250000 0.56999999
vt 0.54166669 0.56999999
vt 0.54166669 0.31999999
vt 0.56250000 0.31999999
vt 0.54166669 0.31999999
vt 0.54166669 0.12000000
vt 0.56250000 0.12000000
vt 0.54166669 0.12000000
vt 0.54166669 0.00000000
vt 0.56250000 0.00000000
vt 0.56250000 0.12000000
vt 0.58333331 0.12000000
vt 0.58333331 0.00000000
vt 0.56250000 0.31999999
vt 0.58333331 0.31999999
vt 0.58333331 0.12000000
vt 0.56250000 0.56999999
vt 0.58333331 0.56999999
vt 0.58333331 0.31999999
vt 0.56250000 0.82999998
vt 0.58333331 0.82999998
vt 0.58333331 0.56999999
vt 0.56250000 1.00000000
vt 0.58333331 1.00000000
vt 0.58333331 0.82999998
vt 0.56250000 1.00000000
vt 0.56250000 0.82999998
vt 0.58333331 0.82999998
vt 0.56250000 0.82999998
vt 0.56250000 0.56999999
vt 0.58333331 0.56999999
vt 0.56250000 0.56999999
vt 0.56250000 0.31999999
vt 0.58333331 0.31999999
vt 0.56250000 0.31999999
vt 0.56250000 0.12000000
vt 0.58333331 0.12000000
vt 0.56250000 0.12000000
vt 0.56250000 0.00000000
vt 0.58333331 0.00000000
vt 0.58333331 0.12000000
vt 0.60416669 0.12000000
vt 0.60416669 0.00000000
vt 0.58333331 0.31999999
vt 0.60416669 0.31999999
vt 0.60416669 0.12000000
vt 0.58333331 0.56999999
vt 0.60416669 0.56999999
vt 0.60416669 0.31999999
vt 0.58333331 0.82999998
vt 0.60416669 0.82999998
vt 0.60416669 0.56999999
vt 0.58333331 1.00000000
vt 0.60416669 1.00000000
vt 0.60416669 0.82999998
vt 0.58333331 1.00000000
vt 0.58333331 0.82999998
vt 0.60416669 0.82999998
vt 0.58333331 0.82999998
vt 0.58333331 0.56999999
vt 0.60416669 0.56999999
vt 0.58333331 0.56999999
vt 0.58333331 0.31999999
vt 0.60416669 0.31999999
vt 0.58333331 0.31999999
vt 0.58333331 0.12000000
vt 0.60416669 0.12000000
vt 0.58333331 0.12000000
vt 0.58333331 0.00000000
vt 0.60416669 0.00000000
vt 0.60416669 0.12000000
vt 0.62500000 0.12000000
vt 0.62500000 0.00000000
vt 0.60416669 0.31999999
vt 0.62500000 0.31999999
vt 0.62500000 0.12000000
vt 0.60416669 0.56999999
vt 0.62500000 0.56999999
vt 0.62500000 0.31999999
vt 0.60416669 0.82999998
vt 0.62500000 0.82999998
vt 0.62500000 0.56999999
vt 0.60416669 1.00000000
vt 0.62500000 1.00000000
vt 0.62500000 0.82999998
vt 0.60416669 1.00000000
vt 0.60416669 0.82999998
vt 0.62500000 0.82999998
vt 0.60416669 0.82999998
vt 0.60416669 0.56999999
vt 0.62500000 0.56999999
vt 0.60416669 0.56999999
vt 0.60416669 0.31999999
vt 0.62500000 0.31999999
vt 0.60416669 0.31999999
vt 0.60416669 0.12000000
vt 0.62500000 0.12000000
vt 0.60416669 0.12000000
vt 0.60416669 0.00000000
vt 0.62500000 0.00000000
vt 0.62500000 0.12000000
vt 0.64583331 0.12000000
vt 0.64583331 0.00000000
vt 0.62500000 0.31999999
vt 0.64583331 0.31999999
vt 0.64583331 0.12000000
vt 0.62500000 0.56999999
vt 0.64583331 0.56999999
vt 0.64583331 0.31999999
vt 0.62500000 0.82999998
vt 0.64583331 0.82999998
vt 0.64583331 0.56999999
vt 0.62500000 1.00000000
vt 0.64583331 1.00000000
vt 0.64583331 0.82999998
vt 0.62500000 1.00000000
vt 0.62500000 0.82999998
vt 0.64583331 0.82999998
vt 0.62500000 0.82999998
vt 0.62500000 0.56999999
vt 0.64583331 0.56999999
vt 0.62500000 0.56999999
vt 0.62500000 0.31999999
vt 0.64583331 0.31999999
vt 0.62500000 0.31999999
vt 0.62500000 0.12000000
vt 0.64583331 0.12000000
vt 0.62500000 0.12000000
vt 0.62500000 0.00000000
vt 0.64583331 0.00000000
vt 0.64583331 0.12000000
vt 0.66666669 0.12000000
vt 0.66666669 0.00000000
vt 0.64583331 0.31999999
vt 0.66666669 0.31999999
vt 0.66666669 0.12000000
vt 0.64583331 0.56999999
vt 0.66666669 0.56999999
vt 0.66666669 0.31999999
vt 0.64583331 0.82999998
vt 0.66666669 0.82999998
vt 0.66666669 0.56999999
vt 0.64583331 1.00000000
vt 0.66666669 1.00000000
vt 0.66666669 0.82999998
vt 0.64583331 1.00000000
vt 0.64583331 0.82999998
vt 0.66666669 0.82999998
vt 0.64583331 0.82999998
vt 0.64583331 0.56999999
vt 0.66666669 0.56999999
vt 0.64583331 0.56999999
vt 0.64583331 0.31999999
vt 0.66666669 0.31999999
vt 0.64583331 0.31999999
vt 0.64583331 0.12000000
vt 0.66666669 0.12000000
vt 0.64583331 0.12000000
vt 0.64583331 0.00000000
vt 0.66666669 0.00000000
vt 0.66666669 0.12000000
vt 0.68750000 0.12000000
vt 0.68750000 0.00000000
vt 0.66666669 0.31999999
vt 0.68750000 0.31999999
vt 0.68750000 0.12000000
vt 0.66666669 0.56999999
vt 0.68750000 0.56999999
vt 0.68750000 0.31999999
vt 0.66666669 0.82999998
vt 0.68750000 0.82999998
vt 0.68750000 0.56999999
vt 0.66666669 1.00000000
vt 0.68750000 1.00000000
vt 0.68750000 0.82999998
vt 0.66666669 1.00000000
vt 0.66666669 0.82999998
vt 0.68750000 0.82999998
vt 0.66666669 0.82999998
vt 0.66666669 0.56999999
vt 0.68750000 0.56999999
vt 0.66666669 0.56999999
vt 0.66666669 0.31999999
vt 0.68750000 0.31999999
vt 0.66666669 0.31999999
vt 0.66666669 0.12000000
vt 0.68750000 0.12000000
vt 0.66666669 0.12000000
vt 0.66666669 0.00000000
vt 0.68750000 0.00000000
vt 0.68750000 0.12000000
vt 0.70833331 0.12000000
vt 0.70833331 0.00000000
vt 0.68750000 0.31999999
vt 0.70833331 0.31999999
vt 0.70833331 0.12000000
vt 0.68750000 0.56999999
vt 0.70833331 0.56999999
vt 0.70833331 0.31999999
vt 0.68750000 0.82999998
vt 0.70833331 0.82999998
vt 0.70833331 0.56999999
vt 0.68750000 1.00000000
vt 0.70833331 1.00000000
vt 0.70833331 0.82999998
vt 0.68750000 1.00000000
vt 0.68750000 0.82999998
vt 0.70833331 0.82999998
vt 0.68750000 0.82999998
vt 0.68750000 0.56999999
vt 0.70833331 0.56999999
vt 0.68750000 0.56999999
vt 0.68750000 0.31999999
vt 0.70833331 0.31999999
vt 0.68750000 0.31999999
vt 0.68750000 0.12000000
vt 0.70833331 0.12000000
vt 0.68750000 0.12000000
vt 0.68750000 0.00000000
vt 0.70833331 0.00000000
vt 0.70833331 0.12000000
vt 0.72916669 0.12000000
vt 0.72916669 0.00000000
vt 0.70833331 0.31999999
vt 0.72916669 0.31999999
vt 0.72916669 0.12000000
vt 0.70833331 0.56999999
vt 0.72916669 0.56999999
vt 0.72916669 0.31999999
vt 0.70833331 0.82999998
vt 0.72916669 0.82999998
vt 0.72916669 0.56999999
vt 0.70833331 1.00000000
vt 0.72916669 1.00000000
vt 0.72916669 0.82999998
vt 0.70833331 1.00000000
vt 0.70833331 0.82999998
vt 0.72916669 0.82999998
vt 0.70833331 0.82999998
vt 0.70833331 0.56999999
vt 0.72916669 0.56999999
vt 0.70833331 0.56999999
vt 0.70833331 0.31999999
vt 0.72916669 0.31999999
vt 0.70833331 0.31999999
vt 0.70833331 0.12000000
vt 0.72916669 0.12000000
vt 0.70833331 0.12000000
vt 0.70833331 0.00000000
vt 0.72916669 0.00000000
vt 0.72916669 0.12000000
vt 0.75000000 0.12000000
vt 0.75000000 0.00000000
vt 0.72916669 0.31999999
vt 0.75000000 0.31999999
vt 0.75000000 0.12000000
vt 0.72916669 0.56999999
vt 0.75000000 0.56999999
vt 0.75000000 0.31999999
vt 0.72916669 0.82999998
vt 0.75000000 0.82999998
vt 0.75000000 0.56999999
vt 0.72916669 1.00000000
vt 0.75000000 1.00000000
vt 0.75000000 0.82999998
vt 0.72916669 1.00000000
vt 0.72916669 0.82999998
vt 0.75000000 0.82999998
vt 0.72916669 0.82999998
vt 0.72916669 0.56999999
vt 0.75000000 0.56999999
vt 0.72916669 0.56999999
vt 0.72916669 0.31999999
vt 0.75000000 0.31999999
vt 0.72916669 0.31999999
vt 0.72916669 0.12000000
vt 0.75000000 0.12000000
vt 0.72916669 0.12000000
vt 0.72916669 0.00000000
vt 0.75000000 0.00000000
vt 0.75000000 0.12000000
vt 0.77083331 0.12000000
vt 0.77083331 0.00000000
vt 0.75000000 0.31999999
vt 0.77083331 0.31999999
vt 0.77083331 0.12000000
vt 0.75000000 0.56999999
vt 0.77083331 0.56999999
vt 0.77083331 0.31999999
vt 0.75000000 0.82999998
vt 0.77083331 0.82999998
vt 0.77083331 0.56999999
vt 0.75000000 1.00000000
vt 0.77083331 1.00000000
vt 0.77083331 0.82999998
vt 0.75000000 1.00000000
vt 0.75000000 0.82999998
vt 0.77083331 0.82999998
vt 0.75000000 0.82999998
vt 0.75000000 0.56999999
vt 0.77083331 0.56999999
vt 0.75000000 0.56999999
vt 0.75000000 0.31999999
vt 0.77083331 0.31999999
vt 0.75000000 0.31999999
vt 0.75000000 0.12000000
vt 0.77083331 0.12000000
vt 0.75000000 0.12000000
vt 0.75000000 0.00000000
vt 0.77083331 0.00000000
vt 0.77083331 0.12000000
vt 0.79166669 0.12000000
vt 0.79166669 0.00000000
vt 0.77083331 0.31999999
vt 0.79166669 0.31999999
vt 0.79166669 0.12000000
vt 0.77083331 0.56999999
vt 0.79166669 0.56999999
vt 0.79166669 0.31999999
vt 0.77083331 0.82999998
vt 0.79166669 0.82999998
vt 0.79166669 0.56999999
vt 0.77083331 1.00000000
vt 0.79166669 1.00000000
vt 0.79166669 0.82999998
vt 0.77083331 1.00000000
vt 0.77083331 0.82999998
vt 0.79166669 0.82999998
vt 0.77083331 0.82999998
vt 0.77083331 0.56999999
vt 0.79166669 0.56999999
vt 0.77083331 0.56999999
vt 0.77083331 0.31999999
vt 0.79166669 0.31999999
vt 0.77083331 0.31999999
vt 0.77083331 0.12000000
vt 0.79166669 0.12000000
vt 0.77083331 0.12000000
vt 0.77083331 0.00000000
vt 0.79166669 0.00000000
vt 0.79166669 0.12000000
vt 0.81250000 0.12000000
vt 0.81250000 0.00000000
vt 0.79166669 0.31999999
vt 0.81250000 0.31999999
vt 0.81250000 0.12000000
vt 0.79166669 0.56999999
vt 0.81250000 0.56999999
vt 0.81250000 0.31999999
vt 0.79166669 0.82999998
vt 0.81250000 0.82999998
vt 0.81250000 0.56999999
vt 0.79166669 1.00000000
vt 0.81250000 1.00000000
vt 0.81250000 0.82999998
vt 0.79166669 1.00000000
vt 0.79166669 0.82999998
vt 0.81250000 0.82999998
vt 0.79166669 0.82999998
vt 0.79166669 0.56999999
vt 0.81250000 0.56999999
vt 0.79166669 0.56999999
vt 0.79166669 0.31999999
vt 0.81250000 0.31999999
vt 0.79166669 0.31999999
vt 0.79166669 0.12000000
vt 0.81250000 0.12000000
vt 0.79166669 0.12000000
vt 0.79166669 0.00000000
vt 0.81250000 0.00000000
vt 0.81250000 0.12000000
vt 0.83333331 0.12000000
vt 0.83333331 0.00000000
vt 0.81250000 0.31999999
vt 0.83333331 0.31999999
vt 0.83333331 0.12000000
vt 0.81250000 0.56999999
vt 0.83333331 0.56999999
vt 0.83333331 0.31999999
vt 0.81250000 0.82999998
vt 0.83333331 0.82999998
vt 0.83333331 0.56999999
vt 0.81250000 1.00000000
vt 0.83333331 1.00000000
vt 0.83333331 0.82999998
vt 0.81250000 1.00000000
vt 0.81250000 0.82999998
vt 0.83333331 0.82999998
vt 0.81250000 0.82999998
vt 0.81250000 0.56999999
vt 0.83333331 0.56999999
vt 0.81250000 0.56999999
vt 0.81250000 0.31999999
vt 0.83333331 0.31999999
vt 0.81250000 0.31999999
vt 0.81250000 0.12000000
vt 0.83333331 0.12000000
vt 0.81250000 0.12000000
vt 0.81250000 0.00000000
vt 0.83333331 0.00000000
vt 0.83333331 0.12000000
vt 0.85416669 0.12000000
vt 0.85416669 0.00000000
vt 0.83333331 0.31999999
vt 0.85416669 0.31999999
vt 0.85416669 0.12000000
vt 0.83333331 0.56999999
vt 0.85416669 0.56999999
vt 0.85416669 0.31999999
vt 0.83333331 0.82999998
vt 0.85416669 0.82999998
vt 0.85416669 0.56999999
vt 0.83333331 1.00000000
vt 0.85416669 1.00000000
vt 0.85416669 0.82999998
vt 0.83333331 1.00000000
vt 0.83333331 0.82999998
vt 0.85416669 0.82999998
vt 0.83333331 0.82999998
vt 0.83333331 0.56999999
vt 0.85416669 0.56999999
vt 0.83333331 0.56999999
vt 0.83333331 0.31999999
vt 0.85416669 0.31999999
vt 0.83333331 0.31999999
vt 0.83333331 0.12000000
vt 0.85416669 0.12000000
vt 0.83333331 0.12000000
vt 0.83333331 0.00000000
vt 0.85416669 0.00000000
vt 0.85416669 0.12000000
vt 0.87500000 0.12000000
vt 0.87500000 0.00000000
vt 0.85416669 0.31999999
vt 0.87500000 0.31999999
vt 0.87500000 0.12000000
vt 0.85416669 0.56999999
vt 0.87500000 0.56999999
vt 0.87500000 0.31999999
vt 0.85416669 0.82999998
vt 0.87500000 0.82999998
vt 0.87500000 0.56999999
vt 0.85416669 1.00000000
vt 0.87500000 1.00000000
vt 0.87500000 0.82999998
vt 0.85416669 1.00000000
vt 0.85416669 0.82999998
vt 0.87500000 0.82999998
vt 0.85416669 0.82999998
vt 0.85416669 0.56999999
vt 0.87500000 0.56999999
vt 0.85416669 0.56999999
vt 0.85416669 0.31999999
vt 0.87500000 0.31999999
vt 0.85416669 0.31999999
vt 0.85416669 0.12000000
vt 0.87500000 0.12000000
vt 0.85416669 0.12000000
vt 0.85416669 0.00000000
vt 0.87500000 0.00000000
vt 0.87500000 0.12000000
vt 0.89583331 0.12000000
vt 0.89583331 0.00000000
vt 0.87500000 0.31999999
vt 0.89583331 0.31999999
vt 0.89583331 0.12000000
vt 0.87500000 0.56999999
vt 0.89583331 0.56999999
vt 0.89583331 0.31999999
vt 0.87500000 0.82999998
vt 0.89583331 0.82999998
vt 0.89583331 0.56999999
vt 0.87500000 1.00000000
vt 0.89583331 1.00000000
vt 0.89583331 0.82999998
vt 0.87500000 1.00000000
vt 0.87500000 0.82999998
vt 0.89583331 0.82999998
vt 0.87500000 0.82999998
vt 0.87500000 0.56999999
vt 0.89583331 0.56999999
vt 0.87500000 0.56999999
vt 0.87500000 0.31999999
vt 0.89583331 0.31999999
vt 0.87500000 0.31999999
vt 0.87500000 0.12000000
vt 0.89583331 0.12000000
vt 0.87500000 0.12000000
vt 0.87500000 0.00000000
vt 0.89583331 0.00000000
vt 0.89583331 0.12000000
vt 0.91666669 0.12000000
vt 0.91666669 0.00000000
vt 0.89583331 0.31999999
vt 0.91666669 0.31999999
vt 0.91666669 0.12000000
vt 0.89583331 0.56999999
vt 0.91666669 0.56999999
vt 0.91666669 0.31999999
vt 0.89583331 0.82999998
vt 0.91666669 0.82999998
vt 0.91666669 0.56999999
vt 0.89583331 1.00000000
vt 0.91666669 1.00000000
vt 0.91666669 0.82999998
vt 0.89583331 1.00000000
vt 0.89583331 0.82999998
vt 0.91666669 0.82999998
vt 0.89583331 0.82999998
vt 0.89583331 0.56999999
vt 0.91666669 0.56999999
vt 0.89583331 0.56999999
vt 0.89583331 0.31999999
vt 0.91666669 0.31999999
vt 0.89583331 0.31999999
vt 0.89583331 0.12000000
vt 0.91666669 0.12000000
vt 0.89583331 0.12000000
vt 0.89583331 0.00000000
vt 0.91666669 0.00000000
vt 0.91666669 0.12000000
vt 0.93750000 0.12000000
vt 0.93750000 0.00000000
vt 0.91666669 0.31999999
vt 0.93750000 0.31999999
vt 0.93750000 0.12000000
vt 0.91666669 0.56999999
vt 0.93750000 0.56999999
vt 0.93750000 0.31999999
vt 0.91666669 0.82999998
vt 0.93750000 0.82999998
vt 0.93750000 0.56999999
vt 0.91666669 1.00000000
vt 0.93750000 1.00000000
vt 0.93750000 0.82999998
vt 0.91666669 1.00000000
vt 0.91666669 0.82999998
vt 0.93750000 0.82999998
vt 0.91666669 0.82999998
vt 0.91666669 0.56999999
vt 0.93750000 0.56999999
vt 0.91666669 0.56999999
vt 0.91666669 0.31999999
vt 0.93750000 0.31999999
vt 0.91666669 0.31999999
vt 0.91666669 0.12000000
vt 0.93750000 0.12000000
vt 0.91666669 0.12000000
vt 0.91666669 0.00000000
vt 0.93750000 0.00000000
vt 0.93750000 0.12000000
vt 0.95833331 0.12000000
vt 0.95833331 0.00000000
vt 0.93750000 0.31999999
vt 0.95833331 0.31999999
vt 0.95833331 0.12000000
vt 0.93750000 0.56999999
vt 0.95833331 0.56999999
vt 0.95833331 0.31999999
vt 0.93750000 0.82999998
vt 0.95833331 0.82999998
vt 0.95833331 0.56999999
vt 0.93750000 1.00000000
vt 0.95833331 1.00000000
vt 0.95833331 0.82999998
vt 0.93750000 1.00000000
vt 0.93750000 0.82999998
vt 0.95833331 0.82999998
vt 0.93750000 0.82999998
vt 0.93750000 0.56999999
vt 0.95833331 0.56999999
vt 0.93750000 0.56999999
vt 0.93750000 0.31999999
vt 0.95833331 0.31999999
vt 0.93750000 0.31999999
vt 0.93750000 0.12000000
vt 0.95833331 0.12000000
vt 0.93750000 0.12000000
vt 0.93750000 0.00000000
vt 0.95833331 0.00000000
vt 0.95833331 0.12000000
vt 0.97916669 0.12000000
vt 0.97916669 0.00000000
vt 0.95833331 0.31999999
vt 0.97916669 0.31999999
vt 0.97916669 0.12000000
vt 0.95833331 0.56999999
vt 0.97916669 0.56999999
vt 0.97916669 0.31999999
vt 0.95833331 0.82999998
vt 0.97916669 0.82999998
vt 0.97916669 0.56999999
vt 0.95833331 1.00000000
vt 0.97916669 1.00000000
vt 0.97916669 0.82999998
vt 0.95833331 1.00000000
vt 0.95833331 0.82999998
vt 0.97916669 0.82999998
vt 0.95833331 0.82999998
vt 0.95833331 0.56999999
vt 0.97916669 0.56999999
vt 0.95833331 0.56999999
vt 0.95833331 0.31999999
vt 0.97916669 0.31999999
vt 0.95833331 0.31999999
vt 0.95833331 0.12000000
vt 0.97916669 0.12000000
vt 0.95833331 0.12000000
vt 0.95833331 0.00000000
vt 0.97916669 0.00000000
vn -0.85431319 -0.03520684 0.51856476
vn -0.46527225 0.80675745 -0.36423099
vn -0.75695968 -0.05072541 -0.65148985
vn -0.85431319 -0.03520684 0.51856476
vn -0.28058463 0.94530326 -0.16635518
vn -0.46527225 0.80675745 -0.36423099
vn -0.85431319 -0.03520684 0.51856476
vn -0.08137599 0.99306744 0.08482444
vn -0.28058463 0.94530326 -0.16635518
vn -0.85431319 -0.03520684 0.51856476
vn 0.09596198 0.92679191 0.36310887
vn -0.08137599 0.99306744 0.08482444
vn -0.85431319 -0.03520684 0.51856476
vn 0.32441327 -0.02038374 0.94569582
vn 0.09596198 0.92679191 0.36310887
vn -0.85431319 -0.03520684 0.51856476
vn 0.14106114 -0.93758583 0.31785923
vn 0.32441327 -0.02038374 0.94569582
vn -0.85431319 -0.03520684 0.51856476
vn -0.01081112 -0.99730611 0.07255066
vn 0.14106114 -0.93758583 0.31785923
vn -0.85431319 -0.03520684 0.51856476
vn -0.19107513 -0.97022521 -0.14884046
vn -0.01081112 -0.99730611 0.07255066
vn -0.85431319 -0.03520684 0.51856476
vn -0.37873662 -0.86173844 -0.33758765
vn -0.19107513 -0.97022521 -0.14884046
vn -0.85431319 -0.03520684 0.51856476
vn -0.75695968 -0.05072541 -0.65148985
vn -0.37873662 -0.86173844 -0.33758765
vn -0.75695968 -0.05072541 -0.65148985
vn -0.44370392 0.81968874 -0.36226666
vn -0.74526405 -0.05021188 -0.66487622
vn -0.46527225 0.80675745 -0.36423099
vn -0.25310585 0.95300996 -0.16646136
vn -0.44370392 0.81968874 -0.36226666
vn -0.28058463 0.94530326 -0.16635518
vn -0.03721860 0.99634850 0.07684080
vn -0.25310585 0.95300996 -0.16646136
vn -0.08137599 0.99306744 0.08482444
vn 0.17465891 0.92325419 0.34219283
vn -0.03721860 0.99634850 0.07684080
vn 0.09596198 0.92679191 0.36310887
vn 0.52665591 -0.02024849 0.84983730
vn 0.17465891 0.92325419 0.34219283
vn 0.14106114 -0.93758583 0.31785923
vn 0.52665591 -0.02024849 0.84983730
vn 0.32441327 -0.02038374 0.94569582
vn -0.01081112 -0.99730611 0.07255066
vn 0.20687698 -0.93165857 0.29868761
vn 0.14106114 -0.93758583 0.31785923
vn -0.19107513 -0.97022521 -0.14884046
vn 0.02530136 -0.99752152 0.06565581
vn -0.01081112 -0.99730611 0.07255066
vn -0.37873662 -0.86173844 -0.33758765
vn -0.16797704 -0.97459638 -0.14814050
vn -0.19107513 -0.97022521 -0.14884046
vn -0.75695968 -0.05072541 -0.65148985
vn -0.35860288 -0.87164515 -0.33412379
vn -0.37873662 -0.86173844 -0.33758765
vn -0.74526405 -0.05021188 -0.66487622
vn -0.42583930 0.82933766 -0.36174557
vn -0.73259318 -0.04951655 -0.67886335
vn -0.44370392 0.81968874 -0.36226666
vn -0.23759213 0.95719284 -0.16532333
vn -0.42583930 0.82933766 -0.36174557
vn -0.25310585 0.95300996 -0.16646136
vn -0.02424289 0.99689347 0.07493825
vn -0.23759213 0.95719284 -0.16532333
vn -0.03721860 0.99634850 0.07684080
vn 0.18878497 0.92280447 0.33584520
vn -0.02424289 0.99689347 0.07493825
vn 0.17465891 0.92325419 0.34219283
vn 0.55752045 -0.02064274 0.82990658
vn 0.18878497 0.92280447 0.33584520
vn 0.20687698 -0.93165857 0.29868761
vn 0.55752045 -0.02064274 0.82990658
vn 0.52665591 -0.02024849 0.84983730
vn 0.02530136 -0.99752152 0.06565581
vn 0.21667062 -0.93119419 0.29314038
vn 0.20687698 -0.93165857 0.29868761
vn -0.16797704 -0.97459638 -0.14814050
vn 0.03396292 -0.99736750 0.06406739
vn 0.02530136 -0.99752152 0.06565581
vn -0.35860288 -0.87164515 -0.33412379
vn -0.15615024 -0.97677922 -0.14669536
vn -0.16797704 -0.97459638 -0.14814050
vn -0.74526405 -0.05021188 -0.66487622
vn -0.34256861 -0.87873799 -0.33236486
vn -0.35860288 -0.87164515 -0.33412379
vn -0.73259318 -0.04951655 -0.67886335
vn -0.40910989 0.83755833 -0.36211199
vn -0.71893740 -0.04872196 -0.69336510
vn -0.42583930 0.82933766 -0.36174557
vn -0.22465248 0.96044016 -0.16457792
vn -0.40910989 0.83755833 -0.36211199
vn -0.23759213 0.95719284 -0.16532333
vn -0.01655598 0.99713445 0.07381652
vn -0.22465248 0.96044016 -0.16457792
vn -0.02424289 0.99689347 0.07493825
vn 0.19310729 0.92323399 0.33218753
vn -0.01655598 0.99713445 0.07381652
vn 0.18878497 0.92280447 0.33584520
vn 0.56661510 -0.02109844 0.82371241
vn 0.19310729 0.92323399 0.33218753
vn 0.21667062 -0.93119419 0.29314038
vn 0.56661510 -0.02109844 0.82371241
vn 0.55752045 -0.02064274 0.82990658
vn 0.03396292 -0.99736750 0.06406739
vn 0.21802558 -0.93185622 0.29001534
vn 0.21667062 -0.93119419 0.29314038
vn -0.15615024 -0.97677922 -0.14669536
vn 0.03802869 -0.99727887 0.06315595
vn 0.03396292 -0.99736750 0.06406739
vn -0.34256861 -0.87873799 -0.33236486
vn -0.14678060 -0.97838265 -0.14568083
vn -0.15615024 -0.97677922 -0.14669536
vn -0.73259318 -0.04951655 -0.67886335
vn -0.32794133 -0.88460302 -0.33155999
vn -0.34256861 -0.87873799 -0.33236486
vn -0.71893740 -0.04872196 -0.69336510
vn -0.39282024 0.84495354 -0.36296800
vn -0.70422357 -0.04785488 -0.70836365
vn -0.40910989 0.83755833 -0.36211199
vn -0.21294339 0.96318698 -0.16409141
vn -0.39282024 0.84495354 -0.36296800
vn -0.22465248 0.96044016 -0.16457792
vn -0.01130672 0.99726552 0.07303116
vn -0.21294339 0.96318698 -0.16409141
vn -0.01655598 0.99713445 0.07381652
vn 0.19306459 0.92409730 0.32980329
vn -0.01130672 0.99726552 0.07303116
vn 0.19310729 0.92323399 0.33218753
vn 0.56652921 -0.02158529 0.82375890
vn 0.19306459 0.92409730 0.32980329
vn 0.21802558 -0.93185622 0.29001534
vn 0.56652921 -0.02158529 0.82375890
vn 0.56661510 -0.02109844 0.82371241
vn 0.03802869 -0.99727887 0.06315595
vn 0.21561363 -0.93303442 0.28802347
vn 0.21802558 -0.93185622 0.29001534
vn -0.14678060 -0.97838265 -0.14568083
vn 0.03998102 -0.99724168 0.06253418
vn 0.03802869 -0.99727887 0.06315595
vn -0.32794133 -0.88460302 -0.33155999
vn -0.13860619 -0.97968411 -0.14493932
vn -0.14678060 -0.97838265 -0.14568083
vn -0.71893740 -0.04872196 -0.69336510
vn -0.31396949 -0.88976181 -0.33128095
vn -0.32794133 -0.88460302 -0.33155999
vn -0.70422357 -0.04785488 -0.70836365
vn -0.37665489 0.85178983 -0.36412248
vn -0.68836308 -0.04692805 -0.72384667
vn -0.39282024 0.84495354 -0.36296800
vn -0.20192499 0.96561056 -0.16377592
vn -0.37665489 0.85178983 -0.36412248
vn -0.21294339 0.96318698 -0.16409141
vn -0.00745767 0.99734551 0.07243196
vn -0.20192499 0.96561056 -0.16377592
vn -0.01130672 0.99726552 0.07303116
vn 0.19053754 0.92520589 0.32816088
vn -0.00745767 0.99734551 0.07243196
vn 0.19306459 0.92409730 0.32980329
vn 0.56120127 -0.02208966 0.82738453
vn 0.19053754 0.92520589 0.32816088
vn 0.21561363 -0.93303442 0.28802347
vn 0.56120127 -0.02208966 0.82738453
vn 0.56652921 -0.02158529 0.82375890
vn 0.03998102 -0.99724168 0.06253418
vn 0.21104681 -0.93448949 0.28668550
vn 0.21561363 -0.93303442 0.28802347
vn -0.13860619 -0.97968411 -0.14493932
vn 0.04071943 -0.99724072 0.06207129
vn 0.03998102 -0.99724168 0.06253418
vn -0.31396949 -0.88976181 -0.33128095
vn -0.13112016 -0.98079699 -0.14437738
vn -0.13860619 -0.97968411 -0.14493932
vn -0.70422357 -0.04785488 -0.70836365
vn -0.30031270 -0.89444619 -0.33132800
vn -0.31396949 -0.88976181 -0.33128095
vn -0.68836308 -0.04692805 -0.72384667
vn -0.36043906 0.85820436 -0.36547095
vn -0.67125481 -0.04595070 -0.73980093
vn -0.37665489 0.85178983 -0.36412248
vn -0.19132486 0.96779966 -0.16358031
vn -0.36043906 0.85820436 -0.36547095
vn -0.20192499 0.96561056 -0.16377592
vn -0.00451606 0.99739820 0.07194819
vn -0.19132486 0.96779966 -0.16358031
vn -0.00745767 0.99734551 0.07243196
vn 0.18638936 0.92646062 0.32700121
vn -0.00451606 0.99739820 0.07194819
vn 0.19053754 0.92520589 0.32816088
vn 0.55229515 -0.02260391 0.83334213
vn 0.18638936 0.92646062 0.32700121
vn 0.21104681 -0.93448949 0.28668550
vn 0.55229515 -0.02260391 0.83334213
vn 0.56120127 -0.02208966 0.82738453
vn 0.04071943 -0.99724072 0.06207129
vn 0.20506531 -0.93610054 0.28576913
vn 0.21104681 -0.93448949 0.28668550
vn -0.13112016 -0.98079699 -0.14437738
vn 0.04067053 -0.99726540 0.06170581
vn 0.04071943 -0.99724072 0.06207129
vn -0.30031270 -0.89444619 -0.33132800
vn -0.12406588 -0.98177797 -0.14394350
vn -0.13112016 -0.98079699 -0.14437738
vn -0.68836308 -0.04692805 -0.72384667
vn -0.28678426 -0.89877790 -0.33159178
vn -0.30031270 -0.89444619 -0.33132800
vn -0.67125481 -0.04595070 -0.73980093
vn -0.34406039 0.86427486 -0.36694872
vn -0.65278220 -0.04492833 -0.75621212
vn -0.36043906 0.85820436 -0.36547095
vn -0.18098491 0.96980429 -0.16347538
vn -0.34406039 0.86427486 -0.36694872
vn -0.19132486 0.96779966 -0.16358031
vn -0.00220735 0.99743485 0.07154533
vn -0.18098491 0.96980429 -0.16347538
vn -0.00451606 0.99739820 0.07194819
vn 0.18107721 0.92780298 0.32617882
vn -0.00220735 0.99743485 0.07154533
vn 0.18638936 0.92646062 0.32700121
vn 0.54061764 -0.02312815 0.84095043
vn 0.18107721 0.92780298 0.32617882
vn 0.20506531 -0.93610054 0.28576913
vn 0.54061764 -0.02312815 0.84095043
vn 0.55229515 -0.02260391 0.83334213
vn 0.04067053 -0.99726540 0.06170581
vn 0.19805993 -0.93779773 0.28514504
vn 0.20506531 -0.93610054 0.28576913
vn -0.12406588 -0.98177797 -0.14394350
vn 0.04007113 -0.99730808 0.06140773
vn 0.04067053 -0.99726540 0.06170581
vn -0.28678426 -0.89877790 -0.33159178
vn -0.11729472 -0.98265916 -0.14360696
vn -0.12406588 -0.98177797 -0.14394350
vn -0.67125481 -0.04595070 -0.73980093
vn -0.27326554 -0.90282720 -0.33200771
vn -0.28678426 -0.89877790 -0.33159178
vn -0.65278220 -0.04492833 -0.75621212
vn -0.32744166 0.87004560 -0.36851400
vn -0.63281959 -0.04386612 -0.77305561
vn -0.34406039 0.86427486 -0.36694872
vn -0.17080107 0.97165573 -0.16343804
vn -0.32744166 0.87004560 -0.36851400
vn -0.18098491 0.96980429 -0.16347538
vn -0.00036398 0.99746174 0.07120448
vn -0.17080107 0.97165573 -0.16343804
vn -0.00220735 0.99743485 0.07154533
vn 0.17486814 0.92919630 0.32560015
vn -0.00036398 0.99746174 0.07120448
vn 0.18107721 0.92780298 0.32617882
vn 0.52659076 -0.02365670 0.84978968
vn 0.17486814 0.92919630 0.32560015
vn 0.19805993 -0.93779773 0.28514504
vn 0.52659076 -0.02365670 0.84978968
vn 0.54061764 -0.02312815 0.84095043
vn 0.04007113 -0.99730808 0.06140773
vn 0.19025923 -0.93953723 0.28473020
vn 0.19805993 -0.93779773 0.28514504
vn -0.11729472 -0.98265916 -0.14360696
vn 0.03906588 -0.99736309 0.06116081
vn 0.04007113 -0.99730808 0.06140773
vn -0.27326554 -0.90282720 -0.33200771
vn -0.11070859 -0.98346108 -0.14334530
vn -0.11729472 -0.98265916 -0.14360696
vn -0.65278220 -0.04492833 -0.75621212
vn -0.25967523 -0.90663749 -0.33253157
vn -0.27326554 -0.90282720 -0.33200771
vn -0.63281959 -0.04386612 -0.77305561
vn -0.31052479 0.87554246 -0.37013471
vn -0.61123079 -0.04276858 -0.79029602
vn -0.32744166 0.87004560 -0.36851400
vn -0.16070081 0.97337502 -0.16345124
vn -0.31052479 0.87554246 -0.37013471
vn -0.17080107 0.97165573 -0.16343804
vn 0.00111875 0.99748212 0.07090934
vn -0.16070081 0.97337502 -0.16345124
vn -0.00036398 0.99746174 0.07120448
vn 0.16792753 0.93061423 0.32520398
vn 0.00111875 0.99748212 0.07090934
vn 0.17486814 0.92919630 0.32560015
vn 0.51043773 -0.02418202 0.85957462
vn 0.16792753 0.93061423 0.32520398
vn 0.19025923 -0.93953723 0.28473020
vn 0.51043773 -0.02418202 0.85957462
vn 0.52659076 -0.02365670 0.84978968
vn 0.03906588 -0.99736309 0.06116081
vn 0.18180512 -0.94128841 0.28446972
vn 0.19025923 -0.93953723 0.28473020
vn -0.11070859 -0.98346108 -0.14334530
vn 0.03774536 -0.99742693 0.06095070
vn 0.03906588 -0.99736309 0.06116081
vn -0.25967523 -0.90663749 -0.33253157
vn -0.10423983 -0.98419714 -0.14314295
vn -0.11070859 -0.98346108 -0.14334530
vn -0.63281959 -0.04386612 -0.77305561
vn -0.24595462 -0.91023421 -0.33313644
vn -0.25967523 -0.90663749 -0.33253157
vn -0.61123079 -0.04276858 -0.79029602
vn -0.29325840 0.88078010 -0.37178761
vn -0.58786297 -0.04164132 -0.80788809
vn -0.31052479 0.87554246 -0.37013471
vn -0.15062965 0.97497553 -0.16350366
vn -0.29325840 0.88078010 -0.37178761
vn -0.16070081 0.97337502 -0.16345124
vn 0.00231221 0.99749851 0.07064901
vn -0.15062965 0.97497553 -0.16350366
vn 0.00111875 0.99748212 0.07090934
vn 0.16036041 0.93203694 0.32494855
vn 0.00231221 0.99749851 0.07064901
vn 0.16792753 0.93061423 0.32520398
vn 0.49226019 -0.02470211 0.87009752
vn 0.16036041 0.93203694 0.32494855
vn 0.18180512 -0.94128841 0.28446972
vn 0.49226019 -0.02470211 0.87009752
vn 0.51043773 -0.02418202 0.85957462
vn 0.03774536 -0.99742693 0.06095070
vn 0.17278770 -0.94302869 0.28432617
vn 0.18180512 -0.94128841 0.28446972
vn -0.10423983 -0.98419714 -0.14314295
vn 0.03617105 -0.99749631 0.06076780
vn 0.03774536 -0.99742693 0.06095070
vn -0.24595462 -0.91023421 -0.33313644
vn -0.09783623 -0.98487687 -0.14298816
vn -0.10423983 -0.98419714 -0.14314295
vn -0.61123079 -0.04276858 -0.79029602
vn -0.23205215 -0.91363555 -0.33379924
vn -0.24595462 -0.91023421 -0.33313644
vn -0.58786297 -0.04164132 -0.80788809
vn -0.27559793 0.88576514 -0.37345135
vn -0.56255335 -0.04050758 -0.82576799
vn -0.29325840 0.88078010 -0.37178761
vn -0.14054602 0.97646612 -0.16358736
vn -0.27559793 0.88576514 -0.37345135
vn -0.15062965 0.97497553 -0.16350366
vn 0.00326679 0.99751234 0.07041596
vn -0.14054602 0.97646612 -0.16358736
vn 0.00231221 0.99749851 0.07064901
vn 0.15223478 0.93344951 0.32480228
vn 0.00326679 0.99751234 0.07041596
vn 0.16036041 0.93203694 0.32494855
vn 0.47208640 -0.02521299 0.88119167
vn 0.15223478 0.93344951 0.32480228
vn 0.17278770 -0.94302869 0.28432617
vn 0.47208640 -0.02521299 0.88119167
vn 0.49226019 -0.02470211 0.87009752
vn 0.03617105 -0.99749631 0.06076780
vn 0.16326550 -0.94474006 0.28427210
vn 0.17278770 -0.94302869 0.28432617
vn -0.09783623 -0.98487687 -0.14298816
vn 0.03438642 -0.99756926 0.06060607
vn 0.03617105 -0.99749631 0.06076780
vn -0.23205215 -0.91363555 -0.33379924
vn -0.09145855 -0.98550630 -0.14287283
vn -0.09783623 -0.98487687 -0.14298816
vn -0.58786297 -0.04164132 -0.80788809
vn -0.21792357 -0.91685200 -0.33450225
vn -0.23205215 -0.91363555 -0.33379924
vn -0.56255335 -0.04050758 -0.82576799
vn -0.25750172 0.89049751 -0.37510946
vn -0.53512502 -0.03937648 -0.84385467
vn -0.27559793 0.88576514 -0.37345135
vn -0.13041535 0.97785228 -0.16369714
vn -0.25750172 0.89049751 -0.37510946
vn -0.14054602 0.97646612 -0.16358736
vn 0.00401792 0.99752450 0.07020434
vn -0.13041535 0.97785228 -0.16369714
vn 0.00326679 0.99751234 0.07041596
vn 0.14359237 0.93483955 0.32474044
vn 0.00401792 0.99752450 0.07020434
vn 0.15223478 0.93344951 0.32480228
vn 0.44989592 -0.02571273 0.89271075
vn 0.14359237 0.93483955 0.32474044
vn 0.16326550 -0.94474006 0.28427210
vn 0.44989592 -0.02571273 0.89271075
vn 0.47208640 -0.02521299 0.88119167
vn 0.03438642 -0.99756926 0.06060607
vn 0.15327470 -0.94640833 0.28428534
vn 0.16326550 -0.94474006 0.28427210
vn -0.09145855 -0.98550630 -0.14287283
vn 0.03242230 -0.99764395 0.06045995
vn 0.03438642 -0.99756926 0.06060607
vn -0.21792357 -0.91685200 -0.33450225
vn -0.08507392 -0.98608959 -0.14279248
vn -0.09145855 -0.98550630 -0.14287283
vn -0.56255335 -0.04050758 -0.82576799
vn -0.20352855 -0.91988862 -0.33523276
vn -0.21792357 -0.91685200 -0.33450225
vn -0.53512502 -0.03937648 -0.84385467
vn -0.23892593 0.89497381 -0.37674433
vn -0.50538737 -0.03824099 -0.86204481
vn -0.25750172 0.89049751 -0.37510946
vn -0.12020491 0.97913796 -0.16382797
vn -0.23892593 0.89497381 -0.37674433
vn -0.13041535 0.97785228 -0.16369714
vn 0.00459153 0.99753577 0.07000996
vn -0.12020491 0.97913796 -0.16382797
vn 0.00401792 0.99752450 0.07020434
vn 0.13445558 0.93619603 0.32474399
vn 0.00459153 0.99753577 0.07000996
vn 0.14359237 0.93483955 0.32474044
vn 0.42562568 -0.02619666 0.90452009
vn 0.13445558 0.93619603 0.32474399
vn 0.15327470 -0.94640833 0.28428534
vn 0.42562568 -0.02619666 0.90452009
vn 0.44989592 -0.02571273 0.89271075
vn 0.03242230 -0.99764395 0.06045995
vn 0.14283484 -0.94802099 0.28434899
vn 0.15327470 -0.94640833 0.28428534
vn -0.08507392 -0.98608959 -0.14279248
vn 0.03030103 -0.99771875 0.06032605
vn 0.03242230 -0.99764395 0.06045995
vn -0.20352855 -0.91988862 -0.33523276
vn -0.07865182 -0.98662978 -0.14274272
vn -0.08507392 -0.98608959 -0.14279248
vn -0.53512502 -0.03937648 -0.84385467
vn -0.18882450 -0.92274803 -0.33597815
vn -0.20352855 -0.91988862 -0.33523276
vn -0.50538737 -0.03824099 -0.86204481
vn -0.21982567 0.89918488 -0.37834287
vn -0.47313419 -0.03711471 -0.88020831
vn -0.23892593 0.89497381 -0.37674433
vn -0.10988422 0.98032504 -0.16397598
vn -0.21982567 0.89918488 -0.37834287
vn -0.12020491 0.97913796 -0.16382797
vn 0.00500562 0.99754637 0.06982926
vn -0.10988422 0.98032504 -0.16397598
vn 0.00459153 0.99753577 0.07000996
vn 0.12483094 0.93750936 0.32479754
vn 0.00500562 0.99754637 0.06982926
vn 0.13445558 0.93619603 0.32474399
vn 0.39918023 -0.02666171 0.91648465
vn 0.12483094 0.93750936 0.32479754
vn 0.14283484 -0.94802099 0.28434899
vn 0.39918023 -0.02666171 0.91648465
vn 0.42562568 -0.02619666 0.90452009
vn 0.03030103 -0.99771875 0.06032605
vn 0.13195197 -0.94956702 0.28444892
vn 0.14283484 -0.94802099 0.28434899
vn -0.07865182 -0.98662978 -0.14274272
vn 0.02803825 -0.99779236 0.06020133
vn 0.03030103 -0.99771875 0.06032605
vn -0.18882450 -0.92274803 -0.33597815
vn -0.07216342 -0.98712885 -0.14272018
vn -0.07865182 -0.98662978 -0.14274272
vn -0.50538737 -0.03824099 -0.86204481
vn -0.17376742 -0.92542922 -0.33672786
vn -0.18882450 -0.92274803 -0.33597815
vn -0.47313419 -0.03711471 -0.88020831
vn -0.20014966 0.90311819 -0.37989166
vn -0.43814132 -0.03601174 -0.89818442
vn -0.21982567 0.89918488 -0.37834287
vn -0.09942083 0.98141432 -0.16413853
vn -0.20014966 0.90311819 -0.37989166
vn -0.10988422 0.98032504 -0.16397598
vn 0.00527166 0.99755687 0.06965914
vn -0.09942083 0.98141432 -0.16413853
vn 0.00500562 0.99754637 0.06982926
vn 0.11471003 0.93877017 0.32488784
vn 0.00527166 0.99755687 0.06965914
vn 0.12483094 0.93750936 0.32479754
vn 0.37042946 -0.02710388 0.92846507
vn 0.11471003 0.93877017 0.32488784
vn 0.13195197 -0.94956702 0.28444892
vn 0.37042946 -0.02710388 0.92846507
vn 0.39918023 -0.02666171 0.91648465
vn 0.02803825 -0.99779236 0.06020133
vn 0.12061927 -0.95103562 0.28457376
vn 0.13195197 -0.94956702 0.28444892
vn -0.07216342 -0.98712885 -0.14272018
vn 0.02564423 -0.99786395 0.06008291
vn 0.02803825 -0.99779236 0.06020133
vn -0.17376742 -0.92542922 -0.33672786
vn -0.06557862 -0.98758787 -0.14272232
vn -0.07216342 -0.98712885 -0.14272018
vn -0.47313419 -0.03711471 -0.88020831
vn -0.15830813 -0.92792779 -0.33747390
vn -0.17376742 -0.92542922 -0.33672786
vn -0.43814132 -0.03601174 -0.89818442
vn -0.17983633 0.90675795 -0.38137767
vn -0.40016496 -0.03494707 -0.91577649
vn -0.20014966 0.90311819 -0.37989166
vn -0.08877979 0.98240489 -0.16431297
vn -0.17983633 0.90675795 -0.38137767
vn -0.09942083 0.98141432 -0.16413853
vn 0.00539611 0.99756759 0.06949648
vn -0.08877979 0.98240489 -0.16431297
vn 0.00527166 0.99755687 0.06965914
vn 0.10406860 0.93996990 0.32500207
vn 0.00539611 0.99756759 0.06949648
vn 0.11471003 0.93877017 0.32488784
vn 0.33920828 -0.02751843 0.94030869
vn 0.10406860 0.93996990 0.32500207
vn 0.12061927 -0.95103562 0.28457376
vn 0.33920828 -0.02751843 0.94030869
vn 0.37042946 -0.02710388 0.92846507
vn 0.02564423 -0.99786395 0.06008291
vn 0.10881631 -0.95241702 0.28471184
vn 0.12061927 -0.95103562 0.28457376
vn -0.06557862 -0.98758787 -0.14272232
vn 0.02312451 -0.99793243 0.05996797
vn 0.02564423 -0.99786395 0.06008291
vn -0.15830813 -0.92792779 -0.33747390
vn -0.05886487 -0.98800719 -0.14274740
vn -0.06557862 -0.98758787 -0.14272232
vn -0.43814132 -0.03601174 -0.89818442
vn -0.14238791 -0.93023700 -0.33820823
vn -0.15830813 -0.92792779 -0.33747390
vn -0.40016496 -0.03494707 -0.91577649
vn -0.15880771 0.91008478 -0.38278678
vn -0.35893258 -0.03393705 -0.93274629
vn -0.17983633 0.90675795 -0.38137767
vn -0.07791892 0.98329502 -0.16449778
vn -0.15880771 0.91008478 -0.38278678
vn -0.08877979 0.98240489 -0.16431297
vn 0.00537918 0.99757874 0.06933790
vn -0.07791892 0.98329502 -0.16449778
vn 0.00539611 0.99756759 0.06949648
vn 0.09286283 0.94109935 0.32512850
vn 0.00537918 0.99757874 0.06933790
vn 0.10406860 0.93996990 0.32500207
vn 0.30530417 -0.02790086 0.95184606
vn 0.09286283 0.94109935 0.32512850
vn 0.10881631 -0.95241702 0.28471184
vn 0.30530417 -0.02790086 0.95184606
vn 0.33920828 -0.02751843 0.94030869
vn 0.02312451 -0.99793243 0.05996797
vn 0.09650570 -0.95370102 0.28485277
vn 0.10881631 -0.95241702 0.28471184
vn -0.05886487 -0.98800719 -0.14274740
vn 0.02047955 -0.99799705 0.05985370
vn 0.02312451 -0.99793243 0.05996797
vn -0.14238791 -0.93023700 -0.33820823
vn -0.05198369 -0.98838627 -0.14279431
vn -0.05886487 -0.98800719 -0.14274740
vn -0.40016496 -0.03494707 -0.91577649
vn -0.12593287 -0.93234754 -0.33892342
vn -0.14238791 -0.93023700 -0.33820823
vn -0.35893258 -0.03393705 -0.93274629
vn -0.13695778 0.91307461 -0.38410595
vn -0.31412339 -0.03299927 -0.94880849
vn -0.15880771 0.91008478 -0.38278678
vn -0.06678466 0.98408139 -0.16469276
vn -0.13695778 0.91307461 -0.38410595
vn -0.07791892 0.98329502 -0.16449778
vn 0.00521435 0.99759060 0.06917916
vn -0.06678466 0.98408139 -0.16469276
vn 0.00537918 0.99757874 0.06933790
vn 0.08102120 0.94214880 0.32525542
vn 0.00521435 0.99759060 0.06917916
vn 0.09286283 0.94109935 0.32512850
vn 0.26843292 -0.02824658 0.96288419
vn 0.08102120 0.94214880 0.32525542
vn 0.09650570 -0.95370102 0.28485277
vn 0.26843292 -0.02824658 0.96288419
vn 0.30530417 -0.02790086 0.95184606
vn 0.02047955 -0.99799705 0.05985370
vn 0.08362608 -0.95487672 0.28498608
vn 0.09650570 -0.95370102 0.28485277
vn -0.05198369 -0.98838627 -0.14279431
vn 0.01770403 -0.99805713 0.05973618
vn 0.02047955 -0.99799705 0.05985370
vn -0.12593287 -0.93234754 -0.33892342
vn -0.04488663 -0.98872405 -0.14286348
vn -0.05198369 -0.98838627 -0.14279431
vn -0.35893258 -0.03393705 -0.93274629
vn -0.10884361 -0.93424648 -0.33961233
vn -0.12593287 -0.93234754 -0.33892342
vn -0.31412339 -0.03299927 -0.94880849
vn -0.11413306 0.91569692 -0.38532168
vn -0.26533195 -0.03215229 -0.96362096
vn -0.13695778 0.91307461 -0.38410595
vn -0.05530249 0.98475868 -0.16489974
vn -0.11413306 0.91569692 -0.38532168
vn -0.06678466 0.98408139 -0.16469276
vn 0.00488539 0.99760383 0.06901325
vn -0.05530249 0.98475868 -0.16489974
vn 0.00521435 0.99759060 0.06917916
vn 0.06842871 0.94310838 0.32536766
vn 0.00488539 0.99760383 0.06901325
vn 0.08102120 0.94214880 0.32525542
vn 0.22819364 -0.02855086 0.97319710
vn 0.06842871 0.94310838 0.32536766
vn 0.08362608 -0.95487672 0.28498608
vn 0.22819364 -0.02855086 0.97319710
vn 0.26843292 -0.02824658 0.96288419
vn 0.01770403 -0.99805713 0.05973618
vn 0.07007804 -0.95593303 0.28509822
vn 0.08362608 -0.95487672 0.28498608
vn -0.04488663 -0.98872405 -0.14286348
vn 0.01478405 -0.99811232 0.05960943
vn 0.01770403 -0.99805713 0.05973618
vn -0.10884361 -0.93424648 -0.33961233
vn -0.03750690 -0.98901802 -0.14295711
vn -0.04488663 -0.98872405 -0.14286348
vn -0.31412339 -0.03299927 -0.94880849
vn -0.09097774 -0.93591654 -0.34026942
vn -0.10884361 -0.93424648 -0.33961233
vn -0.26533195 -0.03215229 -0.96362096
vn -0.09008583 0.91791159 -0.38642308
vn -0.21196534 -0.03141567 -0.97677207
vn -0.11413306 0.91569692 -0.38532168
vn -0.04335679 0.98531902 -0.16512603
vn -0.09008583 0.91791159 -0.38642308
vn -0.05530249 0.98475868 -0.16489974
vn 0.00435857 0.99761903 0.06882744
vn -0.04335679 0.98531902 -0.16512603
vn 0.00488539 0.99760383 0.06901325
vn 0.05488842 0.94396710 0.32544348
vn 0.00435857 0.99761903 0.06882744
vn 0.06842871 0.94310838 0.32536766
vn 0.18395270 -0.02881022 0.98251277
vn 0.05488842 0.94396710 0.32544348
vn 0.07007804 -0.95593303 0.28509822
vn 0.18395270 -0.02881022 0.98251277
vn 0.22819364 -0.02855086 0.97319710
vn 0.01478405 -0.99811232 0.05960943
vn 0.05569072 -0.95685762 0.28517005
vn 0.07007804 -0.95593303 0.28509822
vn -0.03750690 -0.98901802 -0.14295711
vn 0.01169091 -0.99816209 0.05946220
vn 0.01478405 -0.99811232 0.05960943
vn -0.09097774 -0.93591654 -0.34026942
vn -0.02974183 -0.98926383 -0.14308228
vn -0.03750690 -0.98901802 -0.14295711
vn -0.26533195 -0.03215229 -0.96362096
vn -0.07210827 -0.93733293 -0.34089217
vn -0.09097774 -0.93591654 -0.34026942
vn -0.21196534 -0.03141567 -0.97677207
vn -0.06434451 0.91966003 -0.38740829
vn -0.15294133 -0.03080806 -0.98775494
vn -0.09008583 0.91791159 -0.38642308
vn -0.03073432 0.98574853 -0.16539405
vn -0.06434451 0.91966003 -0.38740829
vn -0.04335679 0.98531902 -0.16512603
vn 0.00356242 0.99763858 0.06858959
vn -0.03073432 0.98574853 -0.16539405
vn 0.00435857 0.99761903 0.06882744
vn 0.04001581 0.94471550 0.32544029
vn 0.00356242 0.99763858 0.06858959
vn 0.05488842 0.94396710 0.32544348
vn 0.13451709 -0.02902554 0.99048603
vn 0.04001581 0.94471550 0.32544029
vn 0.05569072 -0.95685762 0.28517005
vn 0.13451709 -0.02902554 0.99048603
vn 0.18395270 -0.02881022 0.98251277
vn 0.01169091 -0.99816209 0.05946220
vn 0.04012910 -0.95763862 0.28516307
vn 0.05569072 -0.95685762 0.28517005
vn -0.02974183 -0.98926383 -0.14308228
vn 0.00836297 -0.99820721 0.05926668
vn 0.01169091 -0.99816209 0.05946220
vn -0.07210827 -0.93733293 -0.34089217
vn -0.02140418 -0.98945361 -0.14325991
vn -0.02974183 -0.98926383 -0.14308228
vn -0.21196534 -0.03141567 -0.97677207
vn -0.05180927 -0.93845707 -0.34148815
vn -0.07210827 -0.93733293 -0.34089217
vn -0.15294133 -0.03080806 -0.98775494
vn -0.03553565 0.92082053 -0.38836411
vn -0.08501026 -0.03032815 -0.99591839
vn -0.06434451 0.91966003 -0.38740829
vn -0.01683198 0.98601151 -0.16582526
vn -0.03553565 0.92082053 -0.38836411
vn -0.03073432 0.98574853 -0.16539405
vn 0.00227140 0.99767250 0.06814934
vn -0.01683198 0.98601151 -0.16582526
vn 0.00356242 0.99763858 0.06858959
vn 0.02267413 0.94537491 0.32519558
vn 0.00227140 0.99767250 0.06814934
vn 0.04001581 0.94471550 0.32544029
vn 0.07638225 -0.02922193 0.99665034
vn 0.02267413 0.94537491 0.32519558
vn 0.04012910 -0.95763862 0.28516307
vn 0.07638225 -0.02922193 0.99665034
vn 0.13451709 -0.02902554 0.99048603
vn 0.00836297 -0.99820721 0.05926668
vn 0.02239965 -0.95828635 0.28493074
vn 0.04012910 -0.95763862 0.28516307
vn -0.02140418 -0.98945361 -0.14325991
vn 0.00460578 -0.99825376 0.05889261
vn 0.00836297 -0.99820721 0.05926668
vn -0.05180927 -0.93845707 -0.34148815
vn -0.01196851 -0.98956376 -0.14359774
vn -0.02140418 -0.98945361 -0.14325991
vn -0.15294133 -0.03080806 -0.98775494
vn -0.02885721 -0.93920165 -0.34215131
vn -0.05180927 -0.93845707 -0.34148815
vn -0.08501026 -0.03032815 -0.99591839
vn -0.00000001 0.92106324 -0.38941294
vn 0.00000000 -0.02998334 -0.99955034
vn -0.03553565 0.92082053 -0.38836411
vn -0.00000000 0.98601568 -0.16665268
vn -0.00000001 0.92106324 -0.38941294
vn -0.01683198 0.98601151 -0.16582526
vn 0.00000000 0.99773872 0.06721135
vn -0.00000000 0.98601568 -0.16665268
vn 0.00227140 0.99767250 0.06814934
vn 0.00000001 0.94593161 0.32436609
vn 0.00000000 0.99773872 0.06721135
vn 0.02267413 0.94537491 0.32519558
vn -0.00000000 -0.02946034 0.99956590
vn 0.00000001 0.94593161 0.32436609
vn 0.02239965 -0.95828635 0.28493074
vn -0.00000000 -0.02946034 0.99956590
vn 0.07638225 -0.02922193 0.99665034
vn 0.00460578 -0.99825376 0.05889261
vn 0.00000000 -0.95877463 0.28416744
vn 0.02239965 -0.95828635 0.28493074
vn -0.01196851 -0.98956376 -0.14359774
vn 0.00000000 -0.99831164 0.05808445
vn 0.00460578 -0.99825376 0.05889261
vn -0.02885721 -0.93920165 -0.34215131
vn 0.00000000 -0.98953325 -0.14430475
vn -0.01196851 -0.98956376 -0.14359774
vn -0.08501026 -0.03032815 -0.99591839
vn 0.00000000 -0.93932348 -0.34303266
vn -0.02885721 -0.93920165 -0.34215131
vn -0.00000001 0.92106324 -0.38941294
vn 0.08501029 -0.03032815 -0.99591839
vn 0.00000000 -0.02998334 -0.99955034
vn -0.00000000 0.98601568 -0.16665268
vn 0.03553564 0.92082053 -0.38836411
vn -0.00000001 0.92106324 -0.38941294
vn 0.00000000 0.99773872 0.06721135
vn 0.01683198 0.98601151 -0.16582528
vn -0.00000000 0.98601568 -0.16665268
vn 0.00000001 0.94593161 0.32436609
vn -0.00227137 0.99767250 0.06814934
vn 0.00000000 0.99773872 0.06721135
vn -0.00000000 -0.02946034 0.99956590
vn -0.02267414 0.94537491 0.32519558
vn 0.00000001 0.94593161 0.32436609
vn -0.00000000 -0.02946034 0.99956590
vn -0.02239965 -0.95828635 0.28493077
vn -0.07638226 -0.02922189 0.99665034
vn 0.00000000 -0.95877463 0.28416744
vn -0.00460578 -0.99825364 0.05889260
vn -0.02239965 -0.95828635 0.28493077
vn 0.00000000 -0.99831164 0.05808445
vn 0.01196851 -0.98956376 -0.14359774
vn -0.00460578 -0.99825364 0.05889260
vn 0.00000000 -0.98953325 -0.14430475
vn 0.02885721 -0.93920165 -0.34215131
vn 0.01196851 -0.98956376 -0.14359774
vn 0.00000000 -0.93932348 -0.34303266
vn 0.08501029 -0.03032815 -0.99591839
vn 0.02885721 -0.93920165 -0.34215131
vn 0.03553564 0.92082053 -0.38836411
vn 0.15294132 -0.03080804 -0.98775494
vn 0.08501029 -0.03032815 -0.99591839
vn 0.01683198 0.98601151 -0.16582528
vn 0.06434447 0.91966003 -0.38740826
vn 0.03553564 0.92082053 -0.38836411
vn -0.00227137 0.99767250 0.06814934
vn 0.03073431 0.98574853 -0.16539405
vn 0.01683198 0.98601151 -0.16582528
vn -0.02267414 0.94537491 0.32519558
vn -0.00356244 0.99763858 0.06858958
vn -0.00227137 0.99767250 0.06814934
vn -0.07638226 -0.02922189 0.99665034
vn -0.04001585 0.94471550 0.32544026
vn -0.02267414 0.94537491 0.32519558
vn -0.07638226 -0.02922189 0.99665034
vn -0.04012910 -0.95763856 0.28516304
vn -0.13451712 -0.02902552 0.99048603
vn -0.02239965 -0.95828635 0.28493077
vn -0.00836297 -0.99820721 0.05926668
vn -0.04012910 -0.95763856 0.28516304
vn -0.00460578 -0.99825364 0.05889260
vn 0.02140418 -0.98945361 -0.14325990
vn -0.00836297 -0.99820721 0.05926668
vn 0.01196851 -0.98956376 -0.14359774
vn 0.05180927 -0.93845707 -0.34148815
vn 0.02140418 -0.98945361 -0.14325990
vn 0.02885721 -0.93920165 -0.34215131
vn 0.15294132 -0.03080804 -0.98775494
vn 0.05180927 -0.93845707 -0.34148815
vn 0.06434447 0.91966003 -0.38740826
vn 0.21196532 -0.03141563 -0.97677207
vn 0.15294132 -0.03080804 -0.98775494
vn 0.03073431 0.98574853 -0.16539405
vn 0.09008583 0.91791159 -0.38642317
vn 0.06434447 0.91966003 -0.38740826
vn -0.00356244 0.99763858 0.06858958
vn 0.04335679 0.98531902 -0.16512603
vn 0.03073431 0.98574853 -0.16539405
vn -0.04001585 0.94471550 0.32544026
vn -0.00435862 0.99761903 0.06882743
vn -0.00356244 0.99763858 0.06858958
vn -0.13451712 -0.02902552 0.99048603
vn -0.05488845 0.94396710 0.32544348
vn -0.04001585 0.94471550 0.32544026
vn -0.13451712 -0.02902552 0.99048603
vn -0.05569072 -0.95685762 0.28517005
vn -0.18395276 -0.02881023 0.98251277
vn -0.04012910 -0.95763856 0.28516304
vn -0.01169091 -0.99816209 0.05946221
vn -0.05569072 -0.95685762 0.28517005
vn -0.00836297 -0.99820721 0.05926668
vn 0.02974183 -0.98926383 -0.14308228
vn -0.01169091 -0.99816209 0.05946221
vn 0.02140418 -0.98945361 -0.14325990
vn 0.07210826 -0.93733287 -0.34089217
vn 0.02974183 -0.98926383 -0.14308228
vn 0.05180927 -0.93845707 -0.34148815
vn 0.21196532 -0.03141563 -0.97677207
vn 0.07210826 -0.93733287 -0.34089217
vn 0.09008583 0.91791159 -0.38642317
vn 0.26533195 -0.03215225 -0.96362096
vn 0.21196532 -0.03141563 -0.97677207
vn 0.04335679 0.98531902 -0.16512603
vn 0.11413308 0.91569698 -0.38532165
vn 0.09008583 0.91791159 -0.38642317
vn -0.00435862 0.99761903 0.06882743
vn 0.05530252 0.98475868 -0.16489974
vn 0.04335679 0.98531902 -0.16512603
vn -0.05488845 0.94396710 0.32544348
vn -0.00488540 0.99760383 0.06901326
vn -0.00435862 0.99761903 0.06882743
vn -0.18395276 -0.02881023 0.98251277
vn -0.06842871 0.94310838 0.32536766
vn -0.05488845 0.94396710 0.32544348
vn -0.18395276 -0.02881023 0.98251277
vn -0.07007804 -0.95593303 0.28509825
vn -0.22819360 -0.02855085 0.97319698
vn -0.05569072 -0.95685762 0.28517005
vn -0.01478405 -0.99811232 0.05960944
vn -0.07007804 -0.95593303 0.28509825
vn -0.01169091 -0.99816209 0.05946221
vn 0.03750690 -0.98901802 -0.14295709
vn -0.01478405 -0.99811232 0.05960944
vn 0.02974183 -0.98926383 -0.14308228
vn 0.09097773 -0.93591654 -0.34026942
vn 0.03750690 -0.98901802 -0.14295709
vn 0.07210826 -0.93733287 -0.34089217
vn 0.26533195 -0.03215225 -0.96362096
vn 0.09097773 -0.93591654 -0.34026942
vn 0.11413308 0.91569698 -0.38532165
vn 0.31412345 -0.03299939 -0.94880849
vn 0.26533195 -0.03215225 -0.96362096
vn 0.05530252 0.98475868 -0.16489974
vn 0.13695781 0.91307455 -0.38410595
vn 0.11413308 0.91569698 -0.38532165
vn -0.00488540 0.99760383 0.06901326
vn 0.06678470 0.98408139 -0.16469274
vn 0.05530252 0.98475868 -0.16489974
vn -0.06842871 0.94310838 0.32536766
vn -0.00521433 0.99759060 0.06917915
vn -0.00488540 0.99760383 0.06901326
vn -0.22819360 -0.02855085 0.97319698
vn -0.08102120 0.94214880 0.32525542
vn -0.06842871 0.94310838 0.32536766
vn -0.22819360 -0.02855085 0.97319698
vn -0.08362610 -0.95487672 0.28498608
vn -0.26843295 -0.02824658 0.96288419
vn -0.07007804 -0.95593303 0.28509825
vn -0.01770404 -0.99805713 0.05973618
vn -0.08362610 -0.95487672 0.28498608
vn -0.01478405 -0.99811232 0.05960944
vn 0.04488663 -0.98872405 -0.14286348
vn -0.01770404 -0.99805713 0.05973618
vn 0.03750690 -0.98901802 -0.14295709
vn 0.10884360 -0.93424648 -0.33961222
vn 0.04488663 -0.98872405 -0.14286348
vn 0.09097773 -0.93591654 -0.34026942
vn 0.31412345 -0.03299939 -0.94880849
vn 0.10884360 -0.93424648 -0.33961222
vn 0.13695781 0.91307455 -0.38410595
vn 0.35893258 -0.03393701 -0.93274635
vn 0.31412345 -0.03299939 -0.94880849
vn 0.06678470 0.98408139 -0.16469274
vn 0.15880771 0.91008478 -0.38278687
vn 0.13695781 0.91307455 -0.38410595
vn -0.00521433 0.99759060 0.06917915
vn 0.07791892 0.98329502 -0.16449775
vn 0.06678470 0.98408139 -0.16469274
vn -0.08102120 0.94214880 0.32525542
vn -0.00537914 0.99757874 0.06933787
vn -0.00521433 0.99759060 0.06917915
vn -0.26843295 -0.02824658 0.96288419
vn -0.09286281 0.94109935 0.32512853
vn -0.08102120 0.94214880 0.32525542
vn -0.26843295 -0.02824658 0.96288419
vn -0.09650569 -0.95370102 0.28485265
vn -0.30530411 -0.02790083 0.95184600
vn -0.08362610 -0.95487672 0.28498608
vn -0.02047956 -0.99799705 0.05985368
vn -0.09650569 -0.95370102 0.28485265
vn -0.01770404 -0.99805713 0.05973618
vn 0.05198369 -0.98838627 -0.14279434
vn -0.02047956 -0.99799705 0.05985368
vn 0.04488663 -0.98872405 -0.14286348
vn 0.12593284 -0.93234748 -0.33892336
vn 0.05198369 -0.98838627 -0.14279434
vn 0.10884360 -0.93424648 -0.33961222
vn 0.35893258 -0.03393701 -0.93274635
vn 0.12593284 -0.93234748 -0.33892336
vn 0.15880771 0.91008478 -0.38278687
vn 0.40016490 -0.03494705 -0.91577649
vn 0.35893258 -0.03393701 -0.93274635
vn 0.07791892 0.98329502 -0.16449775
vn 0.17983635 0.90675795 -0.38137764
vn 0.15880771 0.91008478 -0.38278687
vn -0.00537914 0.99757874 0.06933787
vn 0.08877979 0.98240489 -0.16431297
vn 0.07791892 0.98329502 -0.16449775
vn -0.09286281 0.94109935 0.32512853
vn -0.00539611 0.99756759 0.06949647
vn -0.00537914 0.99757874 0.06933787
vn -0.30530411 -0.02790083 0.95184600
vn -0.10406860 0.93996984 0.32500207
vn -0.09286281 0.94109935 0.32512853
vn -0.30530411 -0.02790083 0.95184600
vn -0.10881631 -0.95241702 0.28471181
vn -0.33920828 -0.02751839 0.94030875
vn -0.09650569 -0.95370102 0.28485265
vn -0.02312450 -0.99793243 0.05996797
vn -0.10881631 -0.95241702 0.28471181
vn -0.02047956 -0.99799705 0.05985368
vn 0.05886488 -0.98800719 -0.14274742
vn -0.02312450 -0.99793243 0.05996797
vn 0.05198369 -0.98838627 -0.14279434
vn 0.14238791 -0.93023700 -0.33820832
vn 0.05886488 -0.98800719 -0.14274742
vn 0.12593284 -0.93234748 -0.33892336
vn 0.40016490 -0.03494705 -0.91577649
vn 0.14238791 -0.93023700 -0.33820832
vn 0.17983635 0.90675795 -0.38137764
vn 0.43814132 -0.03601171 -0.89818454
vn 0.40016490 -0.03494705 -0.91577649
vn 0.08877979 0.98240489 -0.16431297
vn 0.20014969 0.90311819 -0.37989163
vn 0.17983635 0.90675795 -0.38137764
vn -0.00539611 0.99756759 0.06949647
vn 0.09942085 0.98141432 -0.16413851
vn 0.08877979 0.98240489 -0.16431297
vn -0.10406860 0.93996984 0.32500207
vn -0.00527165 0.99755687 0.06965914
vn -0.00539611 0.99756759 0.06949647
vn -0.33920828 -0.02751839 0.94030875
vn -0.11471000 0.93877017 0.32488787
vn -0.10406860 0.93996984 0.32500207
vn -0.33920828 -0.02751839 0.94030875
vn -0.12061926 -0.95103562 0.28457364
vn -0.37042943 -0.02710398 0.92846507
vn -0.10881631 -0.95241702 0.28471181
vn -0.02564422 -0.99786395 0.06008287
vn -0.12061926 -0.95103562 0.28457364
vn -0.02312450 -0.99793243 0.05996797
vn 0.06557862 -0.98758787 -0.14272231
vn -0.02564422 -0.99786395 0.06008287
vn 0.05886488 -0.98800719 -0.14274742
vn 0.15830812 -0.92792779 -0.33747387
vn 0.06557862 -0.98758787 -0.14272231
vn 0.14238791 -0.93023700 -0.33820832
vn 0.43814132 -0.03601171 -0.89818454
vn 0.15830812 -0.92792779 -0.33747387
vn 0.20014969 0.90311819 -0.37989163
vn 0.47313410 -0.03711466 -0.88020825
vn 0.43814132 -0.03601171 -0.89818454
vn 0.09942085 0.98141432 -0.16413851
vn 0.21982566 0.89918488 -0.37834284
vn 0.20014969 0.90311819 -0.37989163
vn -0.00527165 0.99755687 0.06965914
vn 0.10988425 0.98032504 -0.16397600
vn 0.09942085 0.98141432 -0.16413851
vn -0.11471000 0.93877017 0.32488787
vn -0.00500556 0.99754637 0.06982923
vn -0.00527165 0.99755687 0.06965914
vn -0.37042943 -0.02710398 0.92846507
vn -0.12483092 0.93750936 0.32479757
vn -0.11471000 0.93877017 0.32488787
vn -0.37042943 -0.02710398 0.92846507
vn -0.13195197 -0.94956702 0.28444892
vn -0.39918020 -0.02666171 0.91648471
vn -0.12061926 -0.95103562 0.28457364
vn -0.02803825 -0.99779236 0.06020133
vn -0.13195197 -0.94956702 0.28444892
vn -0.02564422 -0.99786395 0.06008287
vn 0.07216343 -0.98712885 -0.14272016
vn -0.02803825 -0.99779236 0.06020133
vn 0.06557862 -0.98758787 -0.14272231
vn 0.17376742 -0.92542922 -0.33672789
vn 0.07216343 -0.98712885 -0.14272016
vn 0.15830812 -0.92792779 -0.33747387
vn 0.47313410 -0.03711466 -0.88020825
vn 0.17376742 -0.92542922 -0.33672789
vn 0.21982566 0.89918488 -0.37834284
vn 0.50538731 -0.03824106 -0.86204481
vn 0.47313410 -0.03711466 -0.88020825
vn 0.10988425 0.98032504 -0.16397600
vn 0.23892595 0.89497381 -0.37674439
vn 0.21982566 0.89918488 -0.37834284
vn -0.00500556 0.99754637 0.06982923
vn 0.12020496 0.97913796 -0.16382793
vn 0.10988425 0.98032504 -0.16397600
vn -0.12483092 0.93750936 0.32479757
vn -0.00459154 0.99753577 0.07000989
vn -0.00500556 0.99754637 0.06982923
vn -0.39918020 -0.02666171 0.91648471
vn -0.13445559 0.93619603 0.32474402
vn -0.12483092 0.93750936 0.32479757
vn -0.39918020 -0.02666171 0.91648471
vn -0.14283481 -0.94802099 0.28434896
vn -0.42562577 -0.02619666 0.90452003
vn -0.13195197 -0.94956702 0.28444892
vn -0.03030103 -0.99771875 0.06032607
vn -0.14283481 -0.94802099 0.28434896
vn -0.02803825 -0.99779236 0.06020133
vn 0.07865180 -0.98662978 -0.14274275
vn -0.03030103 -0.99771875 0.06032607
vn 0.07216343 -0.98712885 -0.14272016
vn 0.18882450 -0.92274803 -0.33597821
vn 0.07865180 -0.98662978 -0.14274275
vn 0.17376742 -0.92542922 -0.33672789
vn 0.50538731 -0.03824106 -0.86204481
vn 0.18882450 -0.92274803 -0.33597821
vn 0.23892595 0.89497381 -0.37674439
vn 0.53512484 -0.03937640 -0.84385478
vn 0.50538731 -0.03824106 -0.86204481
vn 0.12020496 0.97913796 -0.16382793
vn 0.25750172 0.89049745 -0.37510946
vn 0.23892595 0.89497381 -0.37674439
vn -0.00459154 0.99753577 0.07000989
vn 0.13041535 0.97785228 -0.16369717
vn 0.12020496 0.97913796 -0.16382793
vn -0.13445559 0.93619603 0.32474402
vn -0.00401792 0.99752450 0.07020431
vn -0.00459154 0.99753577 0.07000989
vn -0.42562577 -0.02619666 0.90452003
vn -0.14359236 0.93483955 0.32474044
vn -0.13445559 0.93619603 0.32474402
vn -0.42562577 -0.02619666 0.90452003
vn -0.15327470 -0.94640833 0.28428531
vn -0.44989586 -0.02571281 0.89271075
vn -0.14283481 -0.94802099 0.28434896
vn -0.03242231 -0.99764395 0.06045995
vn -0.15327470 -0.94640833 0.28428531
vn -0.03030103 -0.99771875 0.06032607
vn 0.08507392 -0.98608959 -0.14279254
vn -0.03242231 -0.99764395 0.06045995
vn 0.07865180 -0.98662978 -0.14274275
vn 0.20352849 -0.91988856 -0.33523291
vn 0.08507392 -0.98608959 -0.14279254
vn 0.18882450 -0.92274803 -0.33597821
vn 0.53512484 -0.03937640 -0.84385478
vn 0.20352849 -0.91988856 -0.33523291
vn 0.25750172 0.89049745 -0.37510946
vn 0.56255329 -0.04050764 -0.82576811
vn 0.53512484 -0.03937640 -0.84385478
vn 0.13041535 0.97785228 -0.16369717
vn 0.27559793 0.88576514 -0.37345147
vn 0.25750172 0.89049745 -0.37510946
vn -0.00401792 0.99752450 0.07020431
vn 0.14054607 0.97646612 -0.16358739
vn 0.13041535 0.97785228 -0.16369717
vn -0.14359236 0.93483955 0.32474044
vn -0.00326677 0.99751234 0.07041593
vn -0.00401792 0.99752450 0.07020431
vn -0.44989586 -0.02571281 0.89271075
vn -0.15223476 0.93344957 0.32480225
vn -0.14359236 0.93483955 0.32474044
vn -0.44989586 -0.02571281 0.89271075
vn -0.16326551 -0.94474006 0.28427204
vn -0.47208637 -0.02521321 0.88119167
vn -0.15327470 -0.94640833 0.28428531
vn -0.03438642 -0.99756926 0.06060607
vn -0.16326551 -0.94474006 0.28427204
vn -0.03242231 -0.99764395 0.06045995
vn 0.09145855 -0.98550630 -0.14287286
vn -0.03438642 -0.99756926 0.06060607
vn 0.08507392 -0.98608959 -0.14279254
vn 0.21792352 -0.91685200 -0.33450222
vn 0.09145855 -0.98550630 -0.14287286
vn 0.20352849 -0.91988856 -0.33523291
vn 0.56255329 -0.04050764 -0.82576811
vn 0.21792352 -0.91685200 -0.33450222
vn 0.27559793 0.88576514 -0.37345147
vn 0.58786291 -0.04164137 -0.80788809
vn 0.56255329 -0.04050764 -0.82576811
vn 0.14054607 0.97646612 -0.16358739
vn 0.29325837 0.88078010 -0.37178758
vn 0.27559793 0.88576514 -0.37345147
vn -0.00326677 0.99751234 0.07041593
vn 0.15062965 0.97497553 -0.16350371
vn 0.14054607 0.97646612 -0.16358739
vn -0.15223476 0.93344957 0.32480225
vn -0.00231223 0.99749851 0.07064898
vn -0.00326677 0.99751234 0.07041593
vn -0.47208637 -0.02521321 0.88119167
vn -0.16036038 0.93203694 0.32494873
vn -0.15223476 0.93344957 0.32480225
vn -0.47208637 -0.02521321 0.88119167
vn -0.17278768 -0.94302869 0.28432614
vn -0.49225998 -0.02470220 0.87009764
vn -0.16326551 -0.94474006 0.28427204
vn -0.03617106 -0.99749631 0.06076778
vn -0.17278768 -0.94302869 0.28432614
vn -0.03438642 -0.99756926 0.06060607
vn 0.09783623 -0.98487687 -0.14298815
vn -0.03617106 -0.99749631 0.06076778
vn 0.09145855 -0.98550630 -0.14287286
vn 0.23205216 -0.91363555 -0.33379912
vn 0.09783623 -0.98487687 -0.14298815
vn 0.21792352 -0.91685200 -0.33450222
vn 0.58786291 -0.04164137 -0.80788809
vn 0.23205216 -0.91363555 -0.33379912
vn 0.29325837 0.88078010 -0.37178758
vn 0.61123091 -0.04276867 -0.79029596
vn 0.58786291 -0.04164137 -0.80788809
vn 0.15062965 0.97497553 -0.16350371
vn 0.31052479 0.87554252 -0.37013468
vn 0.29325837 0.88078010 -0.37178758
vn -0.00231223 0.99749851 0.07064898
vn 0.16070080 0.97337502 -0.16345131
vn 0.15062965 0.97497553 -0.16350371
vn -0.16036038 0.93203694 0.32494873
vn -0.00111873 0.99748212 0.07090941
vn -0.00231223 0.99749851 0.07064898
vn -0.49225998 -0.02470220 0.87009764
vn -0.16792749 0.93061411 0.32520413
vn -0.16036038 0.93203694 0.32494873
vn -0.49225998 -0.02470220 0.87009764
vn -0.18180510 -0.94128835 0.28446987
vn -0.51043755 -0.02418201 0.85957474
vn -0.17278768 -0.94302869 0.28432614
vn -0.03774537 -0.99742681 0.06095073
vn -0.18180510 -0.94128835 0.28446987
vn -0.03617106 -0.99749631 0.06076778
vn 0.10423981 -0.98419714 -0.14314304
vn -0.03774537 -0.99742681 0.06095073
vn 0.09783623 -0.98487687 -0.14298815
vn 0.24595462 -0.91023427 -0.33313650
vn 0.10423981 -0.98419714 -0.14314304
vn 0.23205216 -0.91363555 -0.33379912
vn 0.61123091 -0.04276867 -0.79029596
vn 0.24595462 -0.91023427 -0.33313650
vn 0.31052479 0.87554252 -0.37013468
vn 0.63281953 -0.04386605 -0.77305573
vn 0.61123091 -0.04276867 -0.79029596
vn 0.16070080 0.97337502 -0.16345131
vn 0.32744169 0.87004566 -0.36851397
vn 0.31052479 0.87554252 -0.37013468
vn -0.00111873 0.99748212 0.07090941
vn 0.17080113 0.97165579 -0.16343801
vn 0.16070080 0.97337502 -0.16345131
vn -0.16792749 0.93061411 0.32520413
vn 0.00036398 0.99746168 0.07120451
vn -0.00111873 0.99748212 0.07090941
vn -0.51043755 -0.02418201 0.85957474
vn -0.17486814 0.92919630 0.32560006
vn -0.16792749 0.93061411 0.32520413
vn -0.51043755 -0.02418201 0.85957474
vn -0.19025922 -0.93953723 0.28473023
vn -0.52659094 -0.02365661 0.84978968
vn -0.18180510 -0.94128835 0.28446987
vn -0.03906588 -0.99736309 0.06116089
vn -0.19025922 -0.93953723 0.28473023
vn -0.03774537 -0.99742681 0.06095073
vn 0.11070860 -0.98346108 -0.14334534
vn -0.03906588 -0.99736309 0.06116089
vn 0.10423981 -0.98419714 -0.14314304
vn 0.25967520 -0.90663743 -0.33253169
vn 0.11070860 -0.98346108 -0.14334534
vn 0.24595462 -0.91023427 -0.33313650
vn 0.63281953 -0.04386605 -0.77305573
vn 0.25967520 -0.90663743 -0.33253169
vn 0.32744169 0.87004566 -0.36851397
vn 0.65278244 -0.04492832 -0.75621200
vn 0.63281953 -0.04386605 -0.77305573
vn 0.17080113 0.97165579 -0.16343801
vn 0.34406042 0.86427486 -0.36694878
vn 0.32744169 0.87004566 -0.36851397
vn 0.00036398 0.99746168 0.07120451
vn 0.18098494 0.96980429 -0.16347532
vn 0.17080113 0.97165579 -0.16343801
vn -0.17486814 0.92919630 0.32560006
vn 0.00220734 0.99743485 0.07154538
vn 0.00036398 0.99746168 0.07120451
vn -0.52659094 -0.02365661 0.84978968
vn -0.18107721 0.92780298 0.32617885
vn -0.17486814 0.92919630 0.32560006
vn -0.52659094 -0.02365661 0.84978968
vn -0.19805996 -0.93779778 0.28514493
vn -0.54061770 -0.02312821 0.84095037
vn -0.19025922 -0.93953723 0.28473023
vn -0.04007112 -0.99730808 0.06140773
vn -0.19805996 -0.93779778 0.28514493
vn -0.03906588 -0.99736309 0.06116089
vn 0.11729474 -0.98265916 -0.14360692
vn -0.04007112 -0.99730808 0.06140773
vn 0.11070860 -0.98346108 -0.14334534
vn 0.27326557 -0.90282720 -0.33200750
vn 0.11729474 -0.98265916 -0.14360692
vn 0.25967520 -0.90663743 -0.33253169
vn 0.65278244 -0.04492832 -0.75621200
vn 0.27326557 -0.90282720 -0.33200750
vn 0.34406042 0.86427486 -0.36694878
vn 0.67125499 -0.04595083 -0.73980075
vn 0.65278244 -0.04492832 -0.75621200
vn 0.18098494 0.96980429 -0.16347532
vn 0.36043912 0.85820436 -0.36547092
vn 0.34406042 0.86427486 -0.36694878
vn 0.00220734 0.99743485 0.07154538
vn 0.19132486 0.96779972 -0.16358021
vn 0.18098494 0.96980429 -0.16347532
vn -0.18107721 0.92780298 0.32617885
vn 0.00451604 0.99739814 0.07194816
vn 0.00220734 0.99743485 0.07154538
vn -0.54061770 -0.02312821 0.84095037
vn -0.18638936 0.92646062 0.32700118
vn -0.18107721 0.92780298 0.32617885
vn -0.54061770 -0.02312821 0.84095037
vn -0.20506531 -0.93610054 0.28576928
vn -0.55229491 -0.02260390 0.83334225
vn -0.19805996 -0.93779778 0.28514493
vn -0.04067053 -0.99726540 0.06170581
vn -0.20506531 -0.93610054 0.28576928
vn -0.04007112 -0.99730808 0.06140773
vn 0.12406588 -0.98177797 -0.14394347
vn -0.04067053 -0.99726540 0.06170581
vn 0.11729474 -0.98265916 -0.14360692
vn 0.28678423 -0.89877790 -0.33159164
vn 0.12406588 -0.98177797 -0.14394347
vn 0.27326557 -0.90282720 -0.33200750
vn 0.67125499 -0.04595083 -0.73980075
vn 0.28678423 -0.89877790 -0.33159164
vn 0.36043912 0.85820436 -0.36547092
vn 0.68836278 -0.04692814 -0.72384703
vn 0.67125499 -0.04595083 -0.73980075
vn 0.19132486 0.96779972 -0.16358021
vn 0.37665477 0.85178977 -0.36412260
vn 0.36043912 0.85820436 -0.36547092
vn 0.00451604 0.99739814 0.07194816
vn 0.20192498 0.96561056 -0.16377601
vn 0.19132486 0.96779972 -0.16358021
vn -0.18638936 0.92646062 0.32700118
vn 0.00745767 0.99734545 0.07243192
vn 0.00451604 0.99739814 0.07194816
vn -0.55229491 -0.02260390 0.83334225
vn -0.19053747 0.92520577 0.32816109
vn -0.18638936 0.92646062 0.32700118
vn -0.55229491 -0.02260390 0.83334225
vn -0.21104684 -0.93448949 0.28668547
vn -0.56120104 -0.02208997 0.82738465
vn -0.20506531 -0.93610054 0.28576928
vn -0.04071943 -0.99724072 0.06207127
vn -0.21104684 -0.93448949 0.28668547
vn -0.04067053 -0.99726540 0.06170581
vn 0.13112016 -0.98079699 -0.14437735
vn -0.04071943 -0.99724072 0.06207127
vn 0.12406588 -0.98177797 -0.14394347
vn 0.30031264 -0.89444613 -0.33132812
vn 0.13112016 -0.98079699 -0.14437735
vn 0.28678423 -0.89877790 -0.33159164
vn 0.68836278 -0.04692814 -0.72384703
vn 0.30031264 -0.89444613 -0.33132812
vn 0.37665477 0.85178977 -0.36412260
vn 0.70422357 -0.04785485 -0.70836365
vn 0.68836278 -0.04692814 -0.72384703
vn 0.20192498 0.96561056 -0.16377601
vn 0.39282018 0.84495354 -0.36296818
vn 0.37665477 0.85178977 -0.36412260
vn 0.00745767 0.99734545 0.07243192
vn 0.21294336 0.96318698 -0.16409150
vn 0.20192498 0.96561056 -0.16377601
vn -0.19053747 0.92520577 0.32816109
vn 0.01130673 0.99726552 0.07303111
vn 0.00745767 0.99734545 0.07243192
vn -0.56120104 -0.02208997 0.82738465
vn -0.19306457 0.92409724 0.32980332
vn -0.19053747 0.92520577 0.32816109
vn -0.56120104 -0.02208997 0.82738465
vn -0.21561365 -0.93303448 0.28802341
vn -0.56652927 -0.02158531 0.82375884
vn -0.21104684 -0.93448949 0.28668547
vn -0.03998102 -0.99724168 0.06253412
vn -0.21561365 -0.93303448 0.28802341
vn -0.04071943 -0.99724072 0.06207127
vn 0.13860619 -0.97968411 -0.14493938
vn -0.03998102 -0.99724168 0.06253412
vn 0.13112016 -0.98079699 -0.14437735
vn 0.31396946 -0.88976175 -0.33128124
vn 0.13860619 -0.97968411 -0.14493938
vn 0.30031264 -0.89444613 -0.33132812
vn 0.70422357 -0.04785485 -0.70836365
vn 0.31396946 -0.88976175 -0.33128124
vn 0.39282018 0.84495354 -0.36296818
vn 0.71893746 -0.04872179 -0.69336498
vn 0.70422357 -0.04785485 -0.70836365
vn 0.21294336 0.96318698 -0.16409150
vn 0.40910989 0.83755845 -0.36211175
vn 0.39282018 0.84495354 -0.36296818
vn 0.01130673 0.99726552 0.07303111
vn 0.22465254 0.96044028 -0.16457769
vn 0.21294336 0.96318698 -0.16409150
vn -0.19306457 0.92409724 0.32980332
vn 0.01655599 0.99713445 0.07381650
vn 0.01130673 0.99726552 0.07303111
vn -0.56652927 -0.02158531 0.82375884
vn -0.19310731 0.92323405 0.33218738
vn -0.19306457 0.92409724 0.32980332
vn -0.56652927 -0.02158531 0.82375884
vn -0.21802557 -0.93185610 0.29001549
vn -0.56661505 -0.02109829 0.82371241
vn -0.21561365 -0.93303448 0.28802341
vn -0.03802870 -0.99727887 0.06315599
vn -0.21802557 -0.93185610 0.29001549
vn -0.03998102 -0.99724168 0.06253412
vn 0.14678060 -0.97838265 -0.14568092
vn -0.03802870 -0.99727887 0.06315599
vn 0.13860619 -0.97968411 -0.14493938
vn 0.32794139 -0.88460308 -0.33155993
vn 0.14678060 -0.97838265 -0.14568092
vn 0.31396946 -0.88976175 -0.33128124
vn 0.71893746 -0.04872179 -0.69336498
vn 0.32794139 -0.88460308 -0.33155993
vn 0.40910989 0.83755845 -0.36211175
vn 0.73259330 -0.04951637 -0.67886311
vn 0.71893746 -0.04872179 -0.69336498
vn 0.22465254 0.96044028 -0.16457769
vn 0.42583939 0.82933778 -0.36174512
vn 0.40910989 0.83755845 -0.36211175
vn 0.01655599 0.99713445 0.07381650
vn 0.23759212 0.95719290 -0.16532297
vn 0.22465254 0.96044028 -0.16457769
vn -0.19310731 0.92323405 0.33218738
vn 0.02424287 0.99689347 0.07493837
vn 0.01655599 0.99713445 0.07381650
vn -0.56661505 -0.02109829 0.82371241
vn -0.18878503 0.92280453 0.33584508
vn -0.19310731 0.92323405 0.33218738
vn -0.56661505 -0.02109829 0.82371241
vn -0.21667059 -0.93119407 0.29314059
vn -0.55752045 -0.02064249 0.82990658
vn -0.21802557 -0.93185610 0.29001549
vn -0.03396292 -0.99736750 0.06406742
vn -0.21667059 -0.93119407 0.29314059
vn -0.03802870 -0.99727887 0.06315599
vn 0.15615025 -0.97677922 -0.14669544
vn -0.03396292 -0.99736750 0.06406742
vn 0.14678060 -0.97838265 -0.14568092
vn 0.34256864 -0.87873793 -0.33236480
vn 0.15615025 -0.97677922 -0.14669544
vn 0.32794139 -0.88460308 -0.33155993
vn 0.73259330 -0.04951637 -0.67886311
vn 0.34256864 -0.87873793 -0.33236480
vn 0.42583939 0.82933778 -0.36174512
vn 0.74526435 -0.05021151 -0.66487586
vn 0.73259330 -0.04951637 -0.67886311
vn 0.23759212 0.95719290 -0.16532297
vn 0.44370410 0.81968892 -0.36226618
vn 0.42583939 0.82933778 -0.36174512
vn 0.02424287 0.99689347 0.07493837
vn 0.25310585 0.95300996 -0.16646138
vn 0.23759212 0.95719290 -0.16532297
vn -0.18878503 0.92280453 0.33584508
vn 0.03721860 0.99634844 0.07684064
vn 0.02424287 0.99689347 0.07493837
vn -0.55752045 -0.02064249 0.82990658
vn -0.17465885 0.92325407 0.34219298
vn -0.18878503 0.92280453 0.33584508
vn -0.55752045 -0.02064249 0.82990658
vn -0.20687699 -0.93165857 0.29868761
vn -0.52665561 -0.02024861 0.84983754
vn -0.21667059 -0.93119407 0.29314059
vn -0.02530135 -0.99752152 0.06565573
vn -0.20687699 -0.93165857 0.29868761
vn -0.03396292 -0.99736750 0.06406742
vn 0.16797704 -0.97459638 -0.14814053
vn -0.02530135 -0.99752152 0.06565573
vn 0.15615025 -0.97677922 -0.14669544
vn 0.35860294 -0.87164509 -0.33412388
vn 0.16797704 -0.97459638 -0.14814053
vn 0.34256864 -0.87873793 -0.33236480
vn 0.74526435 -0.05021151 -0.66487586
vn 0.35860294 -0.87164509 -0.33412388
vn 0.44370410 0.81968892 -0.36226618
vn 0.75695962 -0.05072543 -0.65148979
vn 0.74526435 -0.05021151 -0.66487586
vn 0.25310585 0.95300996 -0.16646138
vn 0.46527228 0.80675745 -0.36423102
vn 0.44370410 0.81968892 -0.36226618
vn 0.03721860 0.99634844 0.07684064
vn 0.28058460 0.94530326 -0.16635546
vn 0.25310585 0.95300996 -0.16646138
vn -0.17465885 0.92325407 0.34219298
vn 0.08137599 0.99306732 0.08482433
vn 0.03721860 0.99634844 0.07684064
vn -0.52665561 -0.02024861 0.84983754
vn -0.09596198 0.92679191 0.36310893
vn -0.17465885 0.92325407 0.34219298
vn -0.52665561 -0.02024861 0.84983754
vn -0.14106113 -0.93758583 0.31785920
vn -0.32441324 -0.02038374 0.94569582
vn -0.20687699 -0.93165857 0.29868761
vn 0.01081112 -0.99730611 0.07255066
vn -0.14106113 -0.93758583 0.31785920
vn -0.02530135 -0.99752152 0.06565573
vn 0.19107513 -0.97022510 -0.14884044
vn 0.01081112 -0.99730611 0.07255066
vn 0.16797704 -0.97459638 -0.14814053
vn 0.37873659 -0.86173844 -0.33758762
vn 0.19107513 -0.97022510 -0.14884044
vn 0.35860294 -0.87164509 -0.33412388
vn 0.75695962 -0.05072543 -0.65148979
vn 0.37873659 -0.86173844 -0.33758762
vn 0.85431319 -0.03520684 0.51856476
vn 0.75695962 -0.05072543 -0.65148979
vn 0.46527228 0.80675745 -0.36423102
vn 0.85431319 -0.03520684 0.51856476
vn 0.46527228 0.80675745 -0.36423102
vn 0.28058460 0.94530326 -0.16635546
vn 0.85431319 -0.03520684 0.51856476
vn 0.28058460 0.94530326 -0.16635546
vn 0.08137599 0.99306732 0.08482433
vn 0.85431319 -0.03520684 0.51856476
vn 0.08137599 0.99306732 0.08482433
vn -0.09596198 0.92679191 0.36310893
vn 0.85431319 -0.03520684 0.51856476
vn -0.09596198 0.92679191 0.36310893
vn -0.32441324 -0.02038374 0.94569582
vn 0.85431319 -0.03520684 0.51856476
vn -0.32441324 -0.02038374 0.94569582
vn -0.14106113 -0.93758583 0.31785920
vn 0.85431319 -0.03520684 0.51856476
vn -0.14106113 -0.93758583 0.31785920
vn 0.01081112 -0.99730611 0.07255066
vn 0.85431319 -0.03520684 0.51856476
vn 0.01081112 -0.99730611 0.07255066
vn 0.19107513 -0.97022510 -0.14884044
vn 0.85431319 -0.03520684 0.51856476
vn 0.19107513 -0.97022510 -0.14884044
vn 0.37873659 -0.86173844 -0.33758762
vn 0.85431319 -0.03520684 0.51856476
vn 0.37873659 -0.86173844 -0.33758762
vn 0.75695962 -0.05072543 -0.65148979
vn -0.75695968 -0.05072541 -0.65148985
vn -0.46527225 0.80675745 -0.36423099
vn -0.44370392 0.81968874 -0.36226666
vn -0.46527225 0.80675745 -0.36423099
vn -0.28058463 0.94530326 -0.16635518
vn -0.25310585 0.95300996 -0.16646136
vn -0.28058463 0.94530326 -0.16635518
vn -0.08137599 0.99306744 0.08482444
vn -0.03721860 0.99634850 0.07684080
vn -0.08137599 0.99306744 0.08482444
vn 0.09596198 0.92679191 0.36310887
vn 0.17465891 0.92325419 0.34219283
vn 0.09596198 0.92679191 0.36310887
vn 0.32441327 -0.02038374 0.94569582
vn 0.52665591 -0.02024849 0.84983730
vn 0.14106114 -0.93758583 0.31785923
vn 0.20687698 -0.93165857 0.29868761
vn 0.52665591 -0.02024849 0.84983730
vn -0.01081112 -0.99730611 0.07255066
vn 0.02530136 -0.99752152 0.06565581
vn 0.20687698 -0.93165857 0.29868761
vn -0.19107513 -0.97022521 -0.14884046
vn -0.16797704 -0.97459638 -0.14814050
vn 0.02530136 -0.99752152 0.06565581
vn -0.37873662 -0.86173844 -0.33758765
vn -0.35860288 -0.87164515 -0.33412379
vn -0.16797704 -0.97459638 -0.14814050
vn -0.75695968 -0.05072541 -0.65148985
vn -0.74526405 -0.05021188 -0.66487622
vn -0.35860288 -0.87164515 -0.33412379
vn -0.74526405 -0.05021188 -0.66487622
vn -0.44370392 0.81968874 -0.36226666
vn -0.42583930 0.82933766 -0.36174557
vn -0.44370392 0.81968874 -0.36226666
vn -0.25310585 0.95300996 -0.16646136
vn -0.23759213 0.95719284 -0.16532333
vn -0.25310585 0.95300996 -0.16646136
vn -0.03721860 0.99634850 0.07684080
vn -0.02424289 0.99689347 0.07493825
vn -0.03721860 0.99634850 0.07684080
vn 0.17465891 0.92325419 0.34219283
vn 0.18878497 0.92280447 0.33584520
vn 0.17465891 0.92325419 0.34219283
vn 0.52665591 -0.02024849 0.84983730
vn 0.55752045 -0.02064274 0.82990658
vn 0.20687698 -0.93165857 0.29868761
vn 0.21667062 -0.93119419 0.29314038
vn 0.55752045 -0.02064274 0.82990658
vn 0.02530136 -0.99752152 0.06565581
vn 0.03396292 -0.99736750 0.06406739
vn 0.21667062 -0.93119419 0.29314038
vn -0.16797704 -0.97459638 -0.14814050
vn -0.15615024 -0.97677922 -0.14669536
vn 0.03396292 -0.99736750 0.06406739
vn -0.35860288 -0.87164515 -0.33412379
vn -0.34256861 -0.87873799 -0.33236486
vn -0.15615024 -0.97677922 -0.14669536
vn -0.74526405 -0.05021188 -0.66487622
vn -0.73259318 -0.04951655 -0.67886335
vn -0.34256861 -0.87873799 -0.33236486
vn -0.73259318 -0.04951655 -0.67886335
vn -0.42583930 0.82933766 -0.36174557
vn -0.40910989 0.83755833 -0.36211199
vn -0.42583930 0.82933766 -0.36174557
vn -0.23759213 0.95719284 -0.16532333
vn -0.22465248 0.96044016 -0.16457792
vn -0.23759213 0.95719284 -0.16532333
vn -0.02424289 0.99689347 0.07493825
vn -0.01655598 0.99713445 0.07381652
vn -0.02424289 0.99689347 0.07493825
vn 0.18878497 0.92280447 0.33584520
vn 0.19310729 0.92323399 0.33218753
vn 0.18878497 0.92280447 0.33584520
vn 0.55752045 -0.02064274 0.82990658
vn 0.56661510 -0.02109844 0.82371241
vn 0.21667062 -0.93119419 0.29314038
vn 0.21802558 -0.93185622 0.29001534
vn 0.56661510 -0.02109844 0.82371241
vn 0.03396292 -0.99736750 0.06406739
vn 0.03802869 -0.99727887 0.06315595
vn 0.21802558 -0.93185622 0.29001534
vn -0.15615024 -0.97677922 -0.14669536
vn -0.14678060 -0.97838265 -0.14568083
vn 0.03802869 -0.99727887 0.06315595
vn -0.34256861 -0.87873799 -0.33236486
vn -0.32794133 -0.88460302 -0.33155999
vn -0.14678060 -0.97838265 -0.14568083
vn -0.73259318 -0.04951655 -0.67886335
vn -0.71893740 -0.04872196 -0.69336510
vn -0.32794133 -0.88460302 -0.33155999
vn -0.71893740 -0.04872196 -0.69336510
vn -0.40910989 0.83755833 -0.36211199
vn -0.39282024 0.84495354 -0.36296800
vn -0.40910989 0.83755833 -0.36211199
vn -0.22465248 0.96044016 -0.16457792
vn -0.21294339 0.96318698 -0.16409141
vn -0.22465248 0.96044016 -0.16457792
vn -0.01655598 0.99713445 0.07381652
vn -0.01130672 0.99726552 0.07303116
vn -0.01655598 0.99713445 0.07381652
vn 0.19310729 0.92323399 0.33218753
vn 0.19306459 0.92409730 0.32980329
vn 0.19310729 0.92323399 0.33218753
vn 0.56661510 -0.02109844 0.82371241
vn 0.56652921 -0.02158529 0.82375890
vn 0.21802558 -0.93185622 0.29001534
vn 0.21561363 -0.93303442 0.28802347
vn 0.56652921 -0.02158529 0.82375890
vn 0.03802869 -0.99727887 0.06315595
vn 0.03998102 -0.99724168 0.06253418
vn 0.21561363 -0.93303442 0.28802347
vn -0.14678060 -0.97838265 -0.14568083
vn -0.13860619 -0.97968411 -0.14493932
vn 0.03998102 -0.99724168 0.06253418
vn -0.32794133 -0.88460302 -0.33155999
vn -0.31396949 -0.88976181 -0.33128095
vn -0.13860619 -0.97968411 -0.14493932
vn -0.71893740 -0.04872196 -0.69336510
vn -0.70422357 -0.04785488 -0.70836365
vn -0.31396949 -0.88976181 -0.33128095
vn -0.70422357 -0.04785488 -0.70836365
vn -0.39282024 0.84495354 -0.36296800
vn -0.37665489 0.85178983 -0.36412248
vn -0.39282024 0.84495354 -0.36296800
vn -0.21294339 0.96318698 -0.16409141
vn -0.20192499 0.96561056 -0.16377592
vn -0.21294339 0.96318698 -0.16409141
vn -0.01130672 0.99726552 0.07303116
vn -0.00745767 0.99734551 0.07243196
vn -0.01130672 0.99726552 0.07303116
vn 0.19306459 0.92409730 0.32980329
vn 0.19053754 0.92520589 0.32816088
vn 0.19306459 0.92409730 0.32980329
vn 0.56652921 -0.02158529 0.82375890
vn 0.56120127 -0.02208966 0.82738453
vn 0.21561363 -0.93303442 0.28802347
vn 0.21104681 -0.93448949 0.28668550
vn 0.56120127 -0.02208966 0.82738453
vn 0.03998102 -0.99724168 0.06253418
vn 0.04071943 -0.99724072 0.06207129
vn 0.21104681 -0.93448949 0.28668550
vn -0.13860619 -0.97968411 -0.14493932
vn -0.13112016 -0.98079699 -0.14437738
vn 0.04071943 -0.99724072 0.06207129
vn -0.31396949 -0.88976181 -0.33128095
vn -0.30031270 -0.89444619 -0.33132800
vn -0.13112016 -0.98079699 -0.14437738
vn -0.70422357 -0.04785488 -0.70836365
vn -0.68836308 -0.04692805 -0.72384667
vn -0.30031270 -0.89444619 -0.33132800
vn -0.68836308 -0.04692805 -0.72384667
vn -0.37665489 0.85178983 -0.36412248
vn -0.36043906 0.85820436 -0.36547095
vn -0.37665489 0.85178983 -0.36412248
vn -0.20192499 0.96561056 -0.16377592
vn -0.19132486 0.96779966 -0.16358031
vn -0.20192499 0.96561056 -0.16377592
vn -0.00745767 0.99734551 0.07243196
vn -0.00451606 0.99739820 0.07194819
vn -0.00745767 0.99734551 0.07243196
vn 0.19053754 0.92520589 0.32816088
vn 0.18638936 0.92646062 0.32700121
vn 0.19053754 0.92520589 0.32816088
vn 0.56120127 -0.02208966 0.82738453
vn 0.55229515 -0.02260391 0.83334213
vn 0.21104681 -0.93448949 0.28668550
vn 0.20506531 -0.93610054 0.28576913
vn 0.55229515 -0.02260391 0.83334213
vn 0.04071943 -0.99724072 0.06207129
vn 0.04067053 -0.99726540 0.06170581
vn 0.20506531 -0.93610054 0.28576913
vn -0.13112016 -0.98079699 -0.14437738
vn -0.12406588 -0.98177797 -0.14394350
vn 0.04067053 -0.99726540 0.06170581
vn -0.30031270 -0.89444619 -0.33132800
vn -0.28678426 -0.89877790 -0.33159178
vn -0.12406588 -0.98177797 -0.14394350
vn -0.68836308 -0.04692805 -0.72384667
vn -0.67125481 -0.04595070 -0.73980093
vn -0.28678426 -0.89877790 -0.33159178
vn -0.67125481 -0.04595070 -0.73980093
vn -0.36043906 0.85820436 -0.36547095
vn -0.34406039 0.86427486 -0.36694872
vn -0.36043906 0.85820436 -0.36547095
vn -0.19132486 0.96779966 -0.16358031
vn -0.18098491 0.96980429 -0.16347538
vn -0.19132486 0.96779966 -0.16358031
vn -0.00451606 0.99739820 0.07194819
vn -0.00220735 0.99743485 0.07154533
vn -0.00451606 0.99739820 0.07194819
vn 0.18638936 0.92646062 0.32700121
vn 0.18107721 0.92780298 0.32617882
vn 0.18638936 0.92646062 0.32700121
vn 0.55229515 -0.02260391 0.83334213
vn 0.54061764 -0.02312815 0.84095043
vn 0.20506531 -0.93610054 0.28576913
vn 0.19805993 -0.93779773 0.28514504
vn 0.54061764 -0.02312815 0.84095043
vn 0.04067053 -0.99726540 0.06170581
vn 0.04007113 -0.99730808 0.06140773
vn 0.19805993 -0.93779773 0.28514504
vn -0.12406588 -0.98177797 -0.14394350
vn -0.11729472 -0.98265916 -0.14360696
vn 0.04007113 -0.99730808 0.06140773
vn -0.28678426 -0.89877790 -0.33159178
vn -0.27326554 -0.90282720 -0.33200771
vn -0.11729472 -0.98265916 -0.14360696
vn -0.67125481 -0.04595070 -0.73980093
vn -0.65278220 -0.04492833 -0.75621212
vn -0.27326554 -0.90282720 -0.33200771
vn -0.65278220 -0.04492833 -0.75621212
vn -0.34406039 0.86427486 -0.36694872
vn -0.32744166 0.87004560 -0.36851400
vn -0.34406039 0.86427486 -0.36694872
vn -0.18098491 0.96980429 -0.16347538
vn -0.17080107 0.97165573 -0.16343804
vn -0.18098491 0.96980429 -0.16347538
vn -0.00220735 0.99743485 0.07154533
vn -0.00036398 0.99746174 0.07120448
vn -0.00220735 0.99743485 0.07154533
vn 0.18107721 0.92780298 0.32617882
vn 0.17486814 0.92919630 0.32560015
vn 0.18107721 0.92780298 0.32617882
vn 0.54061764 -0.02312815 0.84095043
vn 0.52659076 -0.02365670 0.84978968
vn 0.19805993 -0.93779773 0.28514504
vn 0.19025923 -0.93953723 0.28473020
vn 0.52659076 -0.02365670 0.84978968
vn 0.04007113 -0.99730808 0.06140773
vn 0.03906588 -0.99736309 0.06116081
vn 0.19025923 -0.93953723 0.28473020
vn -0.11729472 -0.98265916 -0.14360696
vn -0.11070859 -0.98346108 -0.14334530
vn 0.03906588 -0.99736309 0.06116081
vn -0.27326554 -0.90282720 -0.33200771
vn -0.25967523 -0.90663749 -0.33253157
vn -0.11070859 -0.98346108 -0.14334530
vn -0.65278220 -0.04492833 -0.75621212
vn -0.63281959 -0.04386612 -0.77305561
vn -0.25967523 -0.90663749 -0.33253157
vn -0.63281959 -0.04386612 -0.77305561
vn -0.32744166 0.87004560 -0.36851400
vn -0.31052479 0.87554246 -0.37013471
vn -0.32744166 0.87004560 -0.36851400
vn -0.17080107 0.97165573 -0.16343804
vn -0.16070081 0.97337502 -0.16345124
vn -0.17080107 0.97165573 -0.16343804
vn -0.00036398 0.99746174 0.07120448
vn 0.00111875 0.99748212 0.07090934
vn -0.00036398 0.99746174 0.07120448
vn 0.17486814 0.92919630 0.32560015
vn 0.16792753 0.93061423 0.32520398
vn 0.17486814 0.92919630 0.32560015
vn 0.52659076 -0.02365670 0.84978968
vn 0.51043773 -0.02418202 0.85957462
vn 0.19025923 -0.93953723 0.28473020
vn 0.18180512 -0.94128841 0.28446972
vn 0.51043773 -0.02418202 0.85957462
vn 0.03906588 -0.99736309 0.06116081
vn 0.03774536 -0.99742693 0.06095070
vn 0.18180512 -0.94128841 0.28446972
vn -0.11070859 -0.98346108 -0.14334530
vn -0.10423983 -0.98419714 -0.14314295
vn 0.03774536 -0.99742693 0.06095070
vn -0.25967523 -0.90663749 -0.33253157
vn -0.24595462 -0.91023421 -0.33313644
vn -0.10423983 -0.98419714 -0.14314295
vn -0.63281959 -0.04386612 -0.77305561
vn -0.61123079 -0.04276858 -0.79029602
vn -0.24595462 -0.91023421 -0.33313644
vn -0.61123079 -0.04276858 -0.79029602
vn -0.31052479 0.87554246 -0.37013471
vn -0.29325840 0.88078010 -0.37178761
vn -0.31052479 0.87554246 -0.37013471
vn -0.16070081 0.97337502 -0.16345124
vn -0.15062965 0.97497553 -0.16350366
vn -0.16070081 0.97337502 -0.16345124
vn 0.00111875 0.99748212 0.07090934
vn 0.00231221 0.99749851 0.07064901
vn 0.00111875 0.99748212 0.07090934
vn 0.16792753 0.93061423 0.32520398
vn 0.16036041 0.93203694 0.32494855
vn 0.16792753 0.93061423 0.32520398
vn 0.51043773 -0.02418202 0.85957462
vn 0.49226019 -0.02470211 0.87009752
vn 0.18180512 -0.94128841 0.28446972
vn 0.17278770 -0.94302869 0.28432617
vn 0.49226019 -0.02470211 0.87009752
vn 0.03774536 -0.99742693 0.06095070
vn 0.03617105 -0.99749631 0.06076780
vn 0.17278770 -0.94302869 0.28432617
vn -0.10423983 -0.98419714 -0.14314295
vn -0.09783623 -0.98487687 -0.14298816
vn 0.03617105 -0.99749631 0.06076780
vn -0.24595462 -0.91023421 -0.33313644
vn -0.23205215 -0.91363555 -0.33379924
vn -0.09783623 -0.98487687 -0.14298816
vn -0.61123079 -0.04276858 -0.79029602
vn -0.58786297 -0.04164132 -0.80788809
vn -0.23205215 -0.91363555 -0.33379924
vn -0.58786297 -0.04164132 -0.80788809
vn -0.29325840 0.88078010 -0.37178761
vn -0.27559793 0.88576514 -0.37345135
vn -0.29325840 0.88078010 -0.37178761
vn -0.15062965 0.97497553 -0.16350366
vn -0.14054602 0.97646612 -0.16358736
vn -0.15062965 0.97497553 -0.16350366
vn 0.00231221 0.99749851 0.07064901
vn 0.00326679 0.99751234 0.07041596
vn 0.00231221 0.99749851 0.07064901
vn 0.16036041 0.93203694 0.32494855
vn 0.15223478 0.93344951 0.32480228
vn 0.16036041 0.93203694 0.32494855
vn 0.49226019 -0.02470211 0.87009752
vn 0.47208640 -0.02521299 0.88119167
vn 0.17278770 -0.94302869 0.28432617
vn 0.16326550 -0.94474006 0.28427210
vn 0.47208640 -0.02521299 0.88119167
vn 0.03617105 -0.99749631 0.06076780
vn 0.03438642 -0.99756926 0.06060607
vn 0.16326550 -0.94474006 0.28427210
vn -0.09783623 -0.98487687 -0.14298816
vn -0.09145855 -0.98550630 -0.14287283
vn 0.03438642 -0.99756926 0.06060607
vn -0.23205215 -0.91363555 -0.33379924
vn -0.21792357 -0.91685200 -0.33450225
vn -0.09145855 -0.98550630 -0.14287283
vn -0.58786297 -0.04164132 -0.80788809
vn -0.56255335 -0.04050758 -0.82576799
vn -0.21792357 -0.91685200 -0.33450225
vn -0.56255335 -0.04050758 -0.82576799
vn -0.27559793 0.88576514 -0.37345135
vn -0.25750172 0.89049751 -0.37510946
vn -0.27559793 0.88576514 -0.37345135
vn -0.14054602 0.97646612 -0.16358736
vn -0.13041535 0.97785228 -0.16369714
vn -0.14054602 0.97646612 -0.16358736
vn 0.00326679 0.99751234 0.07041596
vn 0.00401792 0.99752450 0.07020434
vn 0.00326679 0.99751234 0.07041596
vn 0.15223478 0.93344951 0.32480228
vn 0.14359237 0.93483955 0.32474044
vn 0.15223478 0.93344951 0.32480228
vn 0.47208640 -0.02521299 0.88119167
vn 0.44989592 -0.02571273 0.89271075
vn 0.16326550 -0.94474006 0.28427210
vn 0.15327470 -0.94640833 0.28428534
vn 0.44989592 -0.02571273 0.89271075
vn 0.03438642 -0.99756926 0.06060607
vn 0.03242230 -0.99764395 0.06045995
vn 0.15327470 -0.94640833 0.28428534
vn -0.09145855 -0.98550630 -0.14287283
vn -0.08507392 -0.98608959 -0.14279248
vn 0.03242230 -0.99764395 0.06045995
vn -0.21792357 -0.91685200 -0.33450225
vn -0.20352855 -0.91988862 -0.33523276
vn -0.08507392 -0.98608959 -0.14279248
vn -0.56255335 -0.04050758 -0.82576799
vn -0.53512502 -0.03937648 -0.84385467
vn -0.20352855 -0.91988862 -0.33523276
vn -0.53512502 -0.03937648 -0.84385467
vn -0.25750172 0.89049751 -0.37510946
vn -0.23892593 0.89497381 -0.37674433
vn -0.25750172 0.89049751 -0.37510946
vn -0.13041535 0.97785228 -0.16369714
vn -0.12020491 0.97913796 -0.16382797
vn -0.13041535 0.97785228 -0.16369714
vn 0.00401792 0.99752450 0.07020434
vn 0.00459153 0.99753577 0.07000996
vn 0.00401792 0.99752450 0.07020434
vn 0.14359237 0.93483955 0.32474044
vn 0.13445558 0.93619603 0.32474399
vn 0.14359237 0.93483955 0.32474044
vn 0.44989592 -0.02571273 0.89271075
vn 0.42562568 -0.02619666 0.90452009
vn 0.15327470 -0.94640833 0.28428534
vn 0.14283484 -0.94802099 0.28434899
vn 0.42562568 -0.02619666 0.90452009
vn 0.03242230 -0.99764395 0.06045995
vn 0.03030103 -0.99771875 0.06032605
vn 0.14283484 -0.94802099 0.28434899
vn -0.08507392 -0.98608959 -0.14279248
vn -0.07865182 -0.98662978 -0.14274272
vn 0.03030103 -0.99771875 0.06032605
vn -0.20352855 -0.91988862 -0.33523276
vn -0.18882450 -0.92274803 -0.33597815
vn -0.07865182 -0.98662978 -0.14274272
vn -0.53512502 -0.03937648 -0.84385467
vn -0.50538737 -0.03824099 -0.86204481
vn -0.18882450 -0.92274803 -0.33597815
vn -0.50538737 -0.03824099 -0.86204481
vn -0.23892593 0.89497381 -0.37674433
vn -0.21982567 0.89918488 -0.37834287
vn -0.23892593 0.89497381 -0.37674433
vn -0.12020491 0.97913796 -0.16382797
vn -0.10988422 0.98032504 -0.16397598
vn -0.12020491 0.97913796 -0.16382797
vn 0.00459153 0.99753577 0.07000996
vn 0.00500562 0.99754637 0.06982926
vn 0.00459153 0.99753577 0.07000996
vn 0.13445558 0.93619603 0.32474399
vn 0.12483094 0.93750936 0.32479754
vn 0.13445558 0.93619603 0.32474399
vn 0.42562568 -0.02619666 0.90452009
vn 0.39918023 -0.02666171 0.91648465
vn 0.14283484 -0.94802099 0.28434899
vn 0.13195197 -0.94956702 0.28444892
vn 0.39918023 -0.02666171 0.91648465
vn 0.03030103 -0.99771875 0.06032605
vn 0.02803825 -0.99779236 0.06020133
vn 0.13195197 -0.94956702 0.28444892
vn -0.07865182 -0.98662978 -0.14274272
vn -0.07216342 -0.98712885 -0.14272018
vn 0.02803825 -0.99779236 0.06020133
vn -0.18882450 -0.92274803 -0.33597815
vn -0.17376742 -0.92542922 -0.33672786
vn -0.07216342 -0.98712885 -0.14272018
vn -0.50538737 -0.03824099 -0.86204481
vn -0.47313419 -0.03711471 -0.88020831
vn -0.17376742 -0.92542922 -0.33672786
vn -0.47313419 -0.03711471 -0.88020831
vn -0.21982567 0.89918488 -0.37834287
vn -0.20014966 0.90311819 -0.37989166
vn -0.21982567 0.89918488 -0.37834287
vn -0.10988422 0.98032504 -0.16397598
vn -0.09942083 0.98141432 -0.16413853
vn -0.10988422 0.98032504 -0.16397598
vn 0.00500562 0.99754637 0.06982926
vn 0.00527166 0.99755687 0.06965914
vn 0.00500562 0.99754637 0.06982926
vn 0.12483094 0.93750936 0.32479754
vn 0.11471003 0.93877017 0.32488784
vn 0.12483094 0.93750936 0.32479754
vn 0.39918023 -0.02666171 0.91648465
vn 0.37042946 -0.02710388 0.92846507
vn 0.13195197 -0.94956702 0.28444892
vn 0.12061927 -0.95103562 0.28457376
vn 0.37042946 -0.02710388 0.92846507
vn 0.02803825 -0.99779236 0.06020133
vn 0.02564423 -0.99786395 0.06008291
vn 0.12061927 -0.95103562 0.28457376
vn -0.07216342 -0.98712885 -0.14272018
vn -0.06557862 -0.98758787 -0.14272232
vn 0.02564423 -0.99786395 0.06008291
vn -0.17376742 -0.92542922 -0.33672786
vn -0.15830813 -0.92792779 -0.33747390
vn -0.06557862 -0.98758787 -0.14272232
vn -0.47313419 -0.03711471 -0.88020831
vn -0.43814132 -0.03601174 -0.89818442
vn -0.15830813 -0.92792779 -0.33747390
vn -0.43814132 -0.03601174 -0.89818442
vn -0.20014966 0.90311819 -0.37989166
vn -0.17983633 0.90675795 -0.38137767
vn -0.20014966 0.90311819 -0.37989166
vn -0.09942083 0.98141432 -0.16413853
vn -0.08877979 0.98240489 -0.16431297
vn -0.09942083 0.98141432 -0.16413853
vn 0.00527166 0.99755687 0.06965914
vn 0.00539611 0.99756759 0.06949648
vn 0.00527166 0.99755687 0.06965914
vn 0.11471003 0.93877017 0.32488784
vn 0.10406860 0.93996990 0.32500207
vn 0.11471003 0.93877017 0.32488784
vn 0.37042946 -0.02710388 0.92846507
vn 0.33920828 -0.02751843 0.94030869
vn 0.12061927 -0.95103562 0.28457376
vn 0.10881631 -0.95241702 0.28471184
vn 0.33920828 -0.02751843 0.94030869
vn 0.02564423 -0.99786395 0.06008291
vn 0.02312451 -0.99793243 0.05996797
vn 0.10881631 -0.95241702 0.28471184
vn -0.06557862 -0.98758787 -0.14272232
vn -0.05886487 -0.98800719 -0.14274740
vn 0.02312451 -0.99793243 0.05996797
vn -0.15830813 -0.92792779 -0.33747390
vn -0.14238791 -0.93023700 -0.33820823
vn -0.05886487 -0.98800719 -0.14274740
vn -0.43814132 -0.03601174 -0.89818442
vn -0.40016496 -0.03494707 -0.91577649
vn -0.14238791 -0.93023700 -0.33820823
vn -0.40016496 -0.03494707 -0.91577649
vn -0.17983633 0.90675795 -0.38137767
vn -0.15880771 0.91008478 -0.38278678
vn -0.17983633 0.90675795 -0.38137767
vn -0.08877979 0.98240489 -0.16431297
vn -0.07791892 0.98329502 -0.16449778
vn -0.08877979 0.98240489 -0.16431297
vn 0.00539611 0.99756759 0.06949648
vn 0.00537918 0.99757874 0.06933790
vn 0.00539611 0.99756759 0.06949648
vn 0.10406860 0.93996990 0.32500207
vn 0.09286283 0.94109935 0.32512850
vn 0.10406860 0.93996990 0.32500207
vn 0.33920828 -0.02751843 0.94030869
vn 0.30530417 -0.02790086 0.95184606
vn 0.10881631 -0.95241702 0.28471184
vn 0.09650570 -0.95370102 0.28485277
vn 0.30530417 -0.02790086 0.95184606
vn 0.02312451 -0.99793243 0.05996797
vn 0.02047955 -0.99799705 0.05985370
vn 0.09650570 -0.95370102 0.28485277
vn -0.05886487 -0.98800719 -0.14274740
vn -0.05198369 -0.98838627 -0.14279431
vn 0.02047955 -0.99799705 0.05985370
vn -0.14238791 -0.93023700 -0.33820823
vn -0.12593287 -0.93234754 -0.33892342
vn -0.05198369 -0.98838627 -0.14279431
vn -0.40016496 -0.03494707 -0.91577649
vn -0.35893258 -0.03393705 -0.93274629
vn -0.12593287 -0.93234754 -0.33892342
vn -0.35893258 -0.03393705 -0.93274629
vn -0.15880771 0.91008478 -0.38278678
vn -0.13695778 0.91307461 -0.38410595
vn -0.15880771 0.91008478 -0.38278678
vn -0.07791892 0.98329502 -0.16449778
vn -0.06678466 0.98408139 -0.16469276
vn -0.07791892 0.98329502 -0.16449778
vn 0.00537918 0.99757874 0.06933790
vn 0.00521435 0.99759060 0.06917916
vn 0.00537918 0.99757874 0.06933790
vn 0.09286283 0.94109935 0.32512850
vn 0.08102120 0.94214880 0.32525542
vn 0.09286283 0.94109935 0.32512850
vn 0.30530417 -0.02790086 0.95184606
vn 0.26843292 -0.02824658 0.96288419
vn 0.09650570 -0.95370102 0.28485277
vn 0.08362608 -0.95487672 0.28498608
vn 0.26843292 -0.02824658 0.96288419
vn 0.02047955 -0.99799705 0.05985370
vn 0.01770403 -0.99805713 0.05973618
vn 0.08362608 -0.95487672 0.28498608
vn -0.05198369 -0.98838627 -0.14279431
vn -0.04488663 -0.98872405 -0.14286348
vn 0.01770403 -0.99805713 0.05973618
vn -0.12593287 -0.93234754 -0.33892342
vn -0.10884361 -0.93424648 -0.33961233
vn -0.04488663 -0.98872405 -0.14286348
vn -0.35893258 -0.03393705 -0.93274629
vn -0.31412339 -0.03299927 -0.94880849
vn -0.10884361 -0.93424648 -0.33961233
vn -0.31412339 -0.03299927 -0.94880849
vn -0.13695778 0.91307461 -0.38410595
vn -0.11413306 0.91569692 -0.38532168
vn -0.13695778 0.91307461 -0.38410595
vn -0.06678466 0.98408139 -0.16469276
vn -0.05530249 0.98475868 -0.16489974
vn -0.06678466 0.98408139 -0.16469276
vn 0.00521435 0.99759060 0.06917916
vn 0.00488539 0.99760383 0.06901325
vn 0.00521435 0.99759060 0.06917916
vn 0.08102120 0.94214880 0.32525542
vn 0.06842871 0.94310838 0.32536766
vn 0.08102120 0.94214880 0.32525542
vn 0.26843292 -0.02824658 0.96288419
vn 0.22819364 -0.02855086 0.97319710
vn 0.08362608 -0.95487672 0.28498608
vn 0.07007804 -0.95593303 0.28509822
vn 0.22819364 -0.02855086 0.97319710
vn 0.01770403 -0.99805713 0.05973618
vn 0.01478405 -0.99811232 0.05960943
vn 0.07007804 -0.95593303 0.28509822
vn -0.04488663 -0.98872405 -0.14286348
vn -0.03750690 -0.98901802 -0.14295711
vn 0.01478405 -0.99811232 0.05960943
vn -0.10884361 -0.93424648 -0.33961233
vn -0.09097774 -0.93591654 -0.34026942
vn -0.03750690 -0.98901802 -0.14295711
vn -0.31412339 -0.03299927 -0.94880849
vn -0.26533195 -0.03215229 -0.96362096
vn -0.09097774 -0.93591654 -0.34026942
vn -0.26533195 -0.03215229 -0.96362096
vn -0.11413306 0.91569692 -0.38532168
vn -0.09008583 0.91791159 -0.38642308
vn -0.11413306 0.91569692 -0.38532168
vn -0.05530249 0.98475868 -0.16489974
vn -0.04335679 0.98531902 -0.16512603
vn -0.05530249 0.98475868 -0.16489974
vn 0.00488539 0.99760383 0.06901325
vn 0.00435857 0.99761903 0.06882744
vn 0.00488539 0.99760383 0.06901325
vn 0.06842871 0.94310838 0.32536766
vn 0.05488842 0.94396710 0.32544348
vn 0.06842871 0.94310838 0.32536766
vn 0.22819364 -0.02855086 0.97319710
vn 0.18395270 -0.02881022 0.98251277
vn 0.07007804 -0.95593303 0.28509822
vn 0.05569072 -0.95685762 0.28517005
vn 0.18395270 -0.02881022 0.98251277
vn 0.01478405 -0.99811232 0.05960943
vn 0.01169091 -0.99816209 0.05946220
vn 0.05569072 -0.95685762 0.28517005
vn -0.03750690 -0.98901802 -0.14295711
vn -0.02974183 -0.98926383 -0.14308228
vn 0.01169091 -0.99816209 0.05946220
vn -0.09097774 -0.93591654 -0.34026942
vn -0.07210827 -0.93733293 -0.34089217
vn -0.02974183 -0.98926383 -0.14308228
vn -0.26533195 -0.03215229 -0.96362096
vn -0.21196534 -0.03141567 -0.97677207
vn -0.07210827 -0.93733293 -0.34089217
vn -0.21196534 -0.03141567 -0.97677207
vn -0.09008583 0.91791159 -0.38642308
vn -0.06434451 0.91966003 -0.38740829
vn -0.09008583 0.91791159 -0.38642308
vn -0.04335679 0.98531902 -0.16512603
vn -0.03073432 0.98574853 -0.16539405
vn -0.04335679 0.98531902 -0.16512603
vn 0.00435857 0.99761903 0.06882744
vn 0.00356242 0.99763858 0.06858959
vn 0.00435857 0.99761903 0.06882744
vn 0.05488842 0.94396710 0.32544348
vn 0.04001581 0.94471550 0.32544029
vn 0.05488842 0.94396710 0.32544348
vn 0.18395270 -0.02881022 0.98251277
vn 0.13451709 -0.02902554 0.99048603
vn 0.05569072 -0.95685762 0.28517005
vn 0.04012910 -0.95763862 0.28516307
vn 0.13451709 -0.02902554 0.99048603
vn 0.01169091 -0.99816209 0.05946220
vn 0.00836297 -0.99820721 0.05926668
vn 0.04012910 -0.95763862 0.28516307
vn -0.02974183 -0.98926383 -0.14308228
vn -0.02140418 -0.98945361 -0.14325991
vn 0.00836297 -0.99820721 0.05926668
vn -0.07210827 -0.93733293 -0.34089217
vn -0.05180927 -0.93845707 -0.34148815
vn -0.02140418 -0.98945361 -0.14325991
vn -0.21196534 -0.03141567 -0.97677207
vn -0.15294133 -0.03080806 -0.98775494
vn -0.05180927 -0.93845707 -0.34148815
vn -0.15294133 -0.03080806 -0.98775494
vn -0.06434451 0.91966003 -0.38740829
vn -0.03553565 0.92082053 -0.38836411
vn -0.06434451 0.91966003 -0.38740829
vn -0.03073432 0.98574853 -0.16539405
vn -0.01683198 0.98601151 -0.16582526
vn -0.03073432 0.98574853 -0.16539405
vn 0.00356242 0.99763858 0.06858959
vn 0.00227140 0.99767250 0.06814934
vn 0.00356242 0.99763858 0.06858959
vn 0.04001581 0.94471550 0.32544029
vn 0.02267413 0.94537491 0.32519558
vn 0.04001581 0.94471550 0.32544029
vn 0.13451709 -0.02902554 0.99048603
vn 0.07638225 -0.02922193 0.99665034
vn 0.04012910 -0.95763862 0.28516307
vn 0.02239965 -0.95828635 0.28493074
vn 0.07638225 -0.02922193 0.99665034
vn 0.00836297 -0.99820721 0.05926668
vn 0.00460578 -0.99825376 0.05889261
vn 0.02239965 -0.95828635 0.28493074
vn -0.02140418 -0.98945361 -0.14325991
vn -0.01196851 -0.98956376 -0.14359774
vn 0.00460578 -0.99825376 0.05889261
vn -0.05180927 -0.93845707 -0.34148815
vn -0.02885721 -0.93920165 -0.34215131
vn -0.01196851 -0.98956376 -0.14359774
vn -0.15294133 -0.03080806 -0.98775494
vn -0.08501026 -0.03032815 -0.99591839
vn -0.02885721 -0.93920165 -0.34215131
vn -0.08501026 -0.03032815 -0.99591839
vn -0.03553565 0.92082053 -0.38836411
vn -0.00000001 0.92106324 -0.38941294
vn -0.03553565 0.92082053 -0.38836411
vn -0.01683198 0.98601151 -0.16582526
vn -0.00000000 0.98601568 -0.16665268
vn -0.01683198 0.98601151 -0.16582526
vn 0.00227140 0.99767250 0.06814934
vn 0.00000000 0.99773872 0.06721135
vn 0.00227140 0.99767250 0.06814934
vn 0.02267413 0.94537491 0.32519558
vn 0.00000001 0.94593161 0.32436609
vn 0.02267413 0.94537491 0.32519558
vn 0.07638225 -0.02922193 0.99665034
vn -0.00000000 -0.02946034 0.99956590
vn 0.02239965 -0.95828635 0.28493074
vn 0.00000000 -0.95877463 0.28416744
vn -0.00000000 -0.02946034 0.99956590
vn 0.00460578 -0.99825376 0.05889261
vn 0.00000000 -0.99831164 0.05808445
vn 0.00000000 -0.95877463 0.28416744
vn -0.01196851 -0.98956376 -0.14359774
vn 0.00000000 -0.98953325 -0.14430475
vn 0.00000000 -0.99831164 0.05808445
vn -0.02885721 -0.93920165 -0.34215131
vn 0.00000000 -0.93932348 -0.34303266
vn 0.00000000 -0.98953325 -0.14430475
vn -0.08501026 -0.03032815 -0.99591839
vn 0.00000000 -0.02998334 -0.99955034
vn 0.00000000 -0.93932348 -0.34303266
vn -0.00000001 0.92106324 -0.38941294
vn 0.03553564 0.92082053 -0.38836411
vn 0.08501029 -0.03032815 -0.99591839
vn -0.00000000 0.98601568 -0.16665268
vn 0.01683198 0.98601151 -0.16582528
vn 0.03553564 0.92082053 -0.38836411
vn 0.00000000 0.99773872 0.06721135
vn -0.00227137 0.99767250 0.06814934
vn 0.01683198 0.98601151 -0.16582528
vn 0.00000001 0.94593161 0.32436609
vn -0.02267414 0.94537491 0.32519558
vn -0.00227137 0.99767250 0.06814934
vn -0.00000000 -0.02946034 0.99956590
vn -0.07638226 -0.02922189 0.99665034
vn -0.02267414 0.94537491 0.32519558
vn -0.00000000 -0.02946034 0.99956590
vn 0.00000000 -0.95877463 0.28416744
vn -0.02239965 -0.95828635 0.28493077
vn 0.00000000 -0.95877463 0.28416744
vn 0.00000000 -0.99831164 0.05808445
vn -0.00460578 -0.99825364 0.05889260
vn 0.00000000 -0.99831164 0.05808445
vn 0.00000000 -0.98953325 -0.14430475
vn 0.01196851 -0.98956376 -0.14359774
vn 0.00000000 -0.98953325 -0.14430475
vn 0.00000000 -0.93932348 -0.34303266
vn 0.02885721 -0.93920165 -0.34215131
vn 0.00000000 -0.93932348 -0.34303266
vn 0.00000000 -0.02998334 -0.99955034
vn 0.08501029 -0.03032815 -0.99591839
vn 0.03553564 0.92082053 -0.38836411
vn 0.06434447 0.91966003 -0.38740826
vn 0.15294132 -0.03080804 -0.98775494
vn 0.01683198 0.98601151 -0.16582528
vn 0.03073431 0.98574853 -0.16539405
vn 0.06434447 0.91966003 -0.38740826
vn -0.00227137 0.99767250 0.06814934
vn -0.00356244 0.99763858 0.06858958
vn 0.03073431 0.98574853 -0.16539405
vn -0.02267414 0.94537491 0.32519558
vn -0.04001585 0.94471550 0.32544026
vn -0.00356244 0.99763858 0.06858958
vn -0.07638226 -0.02922189 0.99665034
vn -0.13451712 -0.02902552 0.99048603
vn -0.04001585 0.94471550 0.32544026
vn -0.07638226 -0.02922189 0.99665034
vn -0.02239965 -0.95828635 0.28493077
vn -0.04012910 -0.95763856 0.28516304
vn -0.02239965 -0.95828635 0.28493077
vn -0.00460578 -0.99825364 0.05889260
vn -0.00836297 -0.99820721 0.05926668
vn -0.00460578 -0.99825364 0.05889260
vn 0.01196851 -0.98956376 -0.14359774
vn 0.02140418 -0.98945361 -0.14325990
vn 0.01196851 -0.98956376 -0.14359774
vn 0.02885721 -0.93920165 -0.34215131
vn 0.05180927 -0.93845707 -0.34148815
vn 0.02885721 -0.93920165 -0.34215131
vn 0.08501029 -0.03032815 -0.99591839
vn 0.15294132 -0.03080804 -0.98775494
vn 0.06434447 0.91966003 -0.38740826
vn 0.09008583 0.91791159 -0.38642317
vn 0.21196532 -0.03141563 -0.97677207
vn 0.03073431 0.98574853 -0.16539405
vn 0.04335679 0.98531902 -0.16512603
vn 0.09008583 0.91791159 -0.38642317
vn -0.00356244 0.99763858 0.06858958
vn -0.00435862 0.99761903 0.06882743
vn 0.04335679 0.98531902 -0.16512603
vn -0.04001585 0.94471550 0.32544026
vn -0.05488845 0.94396710 0.32544348
vn -0.00435862 0.99761903 0.06882743
vn -0.13451712 -0.02902552 0.99048603
vn -0.18395276 -0.02881023 0.98251277
vn -0.05488845 0.94396710 0.32544348
vn -0.13451712 -0.02902552 0.99048603
vn -0.04012910 -0.95763856 0.28516304
vn -0.05569072 -0.95685762 0.28517005
vn -0.04012910 -0.95763856 0.28516304
vn -0.00836297 -0.99820721 0.05926668
vn -0.01169091 -0.99816209 0.05946221
vn -0.00836297 -0.99820721 0.05926668
vn 0.02140418 -0.98945361 -0.14325990
vn 0.02974183 -0.98926383 -0.14308228
vn 0.02140418 -0.98945361 -0.14325990
vn 0.05180927 -0.93845707 -0.34148815
vn 0.07210826 -0.93733287 -0.34089217
vn 0.05180927 -0.93845707 -0.34148815
vn 0.15294132 -0.03080804 -0.98775494
vn 0.21196532 -0.03141563 -0.97677207
vn 0.09008583 0.91791159 -0.38642317
vn 0.11413308 0.91569698 -0.38532165
vn 0.26533195 -0.03215225 -0.96362096
vn 0.04335679 0.98531902 -0.16512603
vn 0.05530252 0.98475868 -0.16489974
vn 0.11413308 0.91569698 -0.38532165
vn -0.00435862 0.99761903 0.06882743
vn -0.00488540 0.99760383 0.06901326
vn 0.05530252 0.98475868 -0.16489974
vn -0.05488845 0.94396710 0.32544348
vn -0.06842871 0.94310838 0.32536766
vn -0.00488540 0.99760383 0.06901326
vn -0.18395276 -0.02881023 0.98251277
vn -0.22819360 -0.02855085 0.97319698
vn -0.06842871 0.94310838 0.32536766
vn -0.18395276 -0.02881023 0.98251277
vn -0.05569072 -0.95685762 0.28517005
vn -0.07007804 -0.95593303 0.28509825
vn -0.05569072 -0.95685762 0.28517005
vn -0.01169091 -0.99816209 0.05946221
vn -0.01478405 -0.99811232 0.05960944
vn -0.01169091 -0.99816209 0.05946221
vn 0.02974183 -0.98926383 -0.14308228
vn 0.03750690 -0.98901802 -0.14295709
vn 0.02974183 -0.98926383 -0.14308228
vn 0.07210826 -0.93733287 -0.34089217
vn 0.09097773 -0.93591654 -0.34026942
vn 0.07210826 -0.93733287 -0.34089217
vn 0.21196532 -0.03141563 -0.97677207
vn 0.26533195 -0.03215225 -0.96362096
vn 0.11413308 0.91569698 -0.38532165
vn 0.13695781 0.91307455 -0.38410595
vn 0.31412345 -0.03299939 -0.94880849
vn 0.05530252 0.98475868 -0.16489974
vn 0.06678470 0.98408139 -0.16469274
vn 0.13695781 0.91307455 -0.38410595
vn -0.00488540 0.99760383 0.06901326
vn -0.00521433 0.99759060 0.06917915
vn 0.06678470 0.98408139 -0.16469274
vn -0.06842871 0.94310838 0.32536766
vn -0.08102120 0.94214880 0.32525542
vn -0.00521433 0.99759060 0.06917915
vn -0.22819360 -0.02855085 0.97319698
vn -0.26843295 -0.02824658 0.96288419
vn -0.08102120 0.94214880 0.32525542
vn -0.22819360 -0.02855085 0.97319698
vn -0.07007804 -0.95593303 0.28509825
vn -0.08362610 -0.95487672 0.28498608
vn -0.07007804 -0.95593303 0.28509825
vn -0.01478405 -0.99811232 0.05960944
vn -0.01770404 -0.99805713 0.05973618
vn -0.01478405 -0.99811232 0.05960944
vn 0.03750690 -0.98901802 -0.14295709
vn 0.04488663 -0.98872405 -0.14286348
vn 0.03750690 -0.98901802 -0.14295709
vn 0.09097773 -0.93591654 -0.34026942
vn 0.10884360 -0.93424648 -0.33961222
vn 0.09097773 -0.93591654 -0.34026942
vn 0.26533195 -0.03215225 -0.96362096
vn 0.31412345 -0.03299939 -0.94880849
vn 0.13695781 0.91307455 -0.38410595
vn 0.15880771 0.91008478 -0.38278687
vn 0.35893258 -0.03393701 -0.93274635
vn 0.06678470 0.98408139 -0.16469274
vn 0.07791892 0.98329502 -0.16449775
vn 0.15880771 0.91008478 -0.38278687
vn -0.00521433 0.99759060 0.06917915
vn -0.00537914 0.99757874 0.06933787
vn 0.07791892 0.98329502 -0.16449775
vn -0.08102120 0.94214880 0.32525542
vn -0.09286281 0.94109935 0.32512853
vn -0.00537914 0.99757874 0.06933787
vn -0.26843295 -0.02824658 0.96288419
vn -0.30530411 -0.02790083 0.95184600
vn -0.09286281 0.94109935 0.32512853
vn -0.26843295 -0.02824658 0.96288419
vn -0.08362610 -0.95487672 0.28498608
vn -0.09650569 -0.95370102 0.28485265
vn -0.08362610 -0.95487672 0.28498608
vn -0.01770404 -0.99805713 0.05973618
vn -0.02047956 -0.99799705 0.05985368
vn -0.01770404 -0.99805713 0.05973618
vn 0.04488663 -0.98872405 -0.14286348
vn 0.05198369 -0.98838627 -0.14279434
vn 0.04488663 -0.98872405 -0.14286348
vn 0.10884360 -0.93424648 -0.33961222
vn 0.12593284 -0.93234748 -0.33892336
vn 0.10884360 -0.93424648 -0.33961222
vn 0.31412345 -0.03299939 -0.94880849
vn 0.35893258 -0.03393701 -0.93274635
vn 0.15880771 0.91008478 -0.38278687
vn 0.17983635 0.90675795 -0.38137764
vn 0.40016490 -0.03494705 -0.91577649
vn 0.07791892 0.98329502 -0.16449775
vn 0.08877979 0.98240489 -0.16431297
vn 0.17983635 0.90675795 -0.38137764
vn -0.00537914 0.99757874 0.06933787
vn -0.00539611 0.99756759 0.06949647
vn 0.08877979 0.98240489 -0.16431297
vn -0.09286281 0.94109935 0.32512853
vn -0.10406860 0.93996984 0.32500207
vn -0.00539611 0.99756759 0.06949647
vn -0.30530411 -0.02790083 0.95184600
vn -0.33920828 -0.02751839 0.94030875
vn -0.10406860 0.93996984 0.32500207
vn -0.30530411 -0.02790083 0.95184600
vn -0.09650569 -0.95370102 0.28485265
vn -0.10881631 -0.95241702 0.28471181
vn -0.09650569 -0.95370102 0.28485265
vn -0.02047956 -0.99799705 0.05985368
vn -0.02312450 -0.99793243 0.05996797
vn -0.02047956 -0.99799705 0.05985368
vn 0.05198369 -0.98838627 -0.14279434
vn 0.05886488 -0.98800719 -0.14274742
vn 0.05198369 -0.98838627 -0.14279434
vn 0.12593284 -0.93234748 -0.33892336
vn 0.14238791 -0.93023700 -0.33820832
vn 0.12593284 -0.93234748 -0.33892336
vn 0.35893258 -0.03393701 -0.93274635
vn 0.40016490 -0.03494705 -0.91577649
vn 0.17983635 0.90675795 -0.38137764
vn 0.20014969 0.90311819 -0.37989163
vn 0.43814132 -0.03601171 -0.89818454
vn 0.08877979 0.98240489 -0.16431297
vn 0.09942085 0.98141432 -0.16413851
vn 0.20014969 0.90311819 -0.37989163
vn -0.00539611 0.99756759 0.06949647
vn -0.00527165 0.99755687 0.06965914
vn 0.09942085 0.98141432 -0.16413851
vn -0.10406860 0.93996984 0.32500207
vn -0.11471000 0.93877017 0.32488787
vn -0.00527165 0.99755687 0.06965914
vn -0.33920828 -0.02751839 0.94030875
vn -0.37042943 -0.02710398 0.92846507
vn -0.11471000 0.93877017 0.32488787
vn -0.33920828 -0.02751839 0.94030875
vn -0.10881631 -0.95241702 0.28471181
vn -0.12061926 -0.95103562 0.28457364
vn -0.10881631 -0.95241702 0.28471181
vn -0.02312450 -0.99793243 0.05996797
vn -0.02564422 -0.99786395 0.06008287
vn -0.02312450 -0.99793243 0.05996797
vn 0.05886488 -0.98800719 -0.14274742
vn 0.06557862 -0.98758787 -0.14272231
vn 0.05886488 -0.98800719 -0.14274742
vn 0.14238791 -0.93023700 -0.33820832
vn 0.15830812 -0.92792779 -0.33747387
vn 0.14238791 -0.93023700 -0.33820832
vn 0.40016490 -0.03494705 -0.91577649
vn 0.43814132 -0.03601171 -0.89818454
vn 0.20014969 0.90311819 -0.37989163
vn 0.21982566 0.89918488 -0.37834284
vn 0.47313410 -0.03711466 -0.88020825
vn 0.09942085 0.98141432 -0.16413851
vn 0.10988425 0.98032504 -0.16397600
vn 0.21982566 0.89918488 -0.37834284
vn -0.00527165 0.99755687 0.06965914
vn -0.00500556 0.99754637 0.06982923
vn 0.10988425 0.98032504 -0.16397600
vn -0.11471000 0.93877017 0.32488787
vn -0.12483092 0.93750936 0.32479757
vn -0.00500556 0.99754637 0.06982923
vn -0.37042943 -0.02710398 0.92846507
vn -0.39918020 -0.02666171 0.91648471
vn -0.12483092 0.93750936 0.32479757
vn -0.37042943 -0.02710398 0.92846507
vn -0.12061926 -0.95103562 0.28457364
vn -0.13195197 -0.94956702 0.28444892
vn -0.12061926 -0.95103562 0.28457364
vn -0.02564422 -0.99786395 0.06008287
vn -0.02803825 -0.99779236 0.06020133
vn -0.02564422 -0.99786395 0.06008287
vn 0.06557862 -0.98758787 -0.14272231
vn 0.07216343 -0.98712885 -0.14272016
vn 0.06557862 -0.98758787 -0.14272231
vn 0.15830812 -0.92792779 -0.33747387
vn 0.17376742 -0.92542922 -0.33672789
vn 0.15830812 -0.92792779 -0.33747387
vn 0.43814132 -0.03601171 -0.89818454
vn 0.47313410 -0.03711466 -0.88020825
vn 0.21982566 0.89918488 -0.37834284
vn 0.23892595 0.89497381 -0.37674439
vn 0.50538731 -0.03824106 -0.86204481
vn 0.10988425 0.98032504 -0.16397600
vn 0.12020496 0.97913796 -0.16382793
vn 0.23892595 0.89497381 -0.37674439
vn -0.00500556 0.99754637 0.06982923
vn -0.00459154 0.99753577 0.07000989
vn 0.12020496 0.97913796 -0.16382793
vn -0.12483092 0.93750936 0.32479757
vn -0.13445559 0.93619603 0.32474402
vn -0.00459154 0.99753577 0.07000989
vn -0.39918020 -0.02666171 0.91648471
vn -0.42562577 -0.02619666 0.90452003
vn -0.13445559 0.93619603 0.32474402
vn -0.39918020 -0.02666171 0.91648471
vn -0.13195197 -0.94956702 0.28444892
vn -0.14283481 -0.94802099 0.28434896
vn -0.13195197 -0.94956702 0.28444892
vn -0.02803825 -0.99779236 0.06020133
vn -0.03030103 -0.99771875 0.06032607
vn -0.02803825 -0.99779236 0.06020133
vn 0.07216343 -0.98712885 -0.14272016
vn 0.07865180 -0.98662978 -0.14274275
vn 0.07216343 -0.98712885 -0.14272016
vn 0.17376742 -0.92542922 -0.33672789
vn 0.18882450 -0.92274803 -0.33597821
vn 0.17376742 -0.92542922 -0.33672789
vn 0.47313410 -0.03711466 -0.88020825
vn 0.50538731 -0.03824106 -0.86204481
vn 0.23892595 0.89497381 -0.37674439
vn 0.25750172 0.89049745 -0.37510946
vn 0.53512484 -0.03937640 -0.84385478
vn 0.12020496 0.97913796 -0.16382793
vn 0.13041535 0.97785228 -0.16369717
vn 0.25750172 0.89049745 -0.37510946
vn -0.00459154 0.99753577 0.07000989
vn -0.00401792 0.99752450 0.07020431
vn 0.13041535 0.97785228 -0.16369717
vn -0.13445559 0.93619603 0.32474402
vn -0.14359236 0.93483955 0.32474044
vn -0.00401792 0.99752450 0.07020431
vn -0.42562577 -0.02619666 0.90452003
vn -0.44989586 -0.02571281 0.89271075
vn -0.14359236 0.93483955 0.32474044
vn -0.42562577 -0.02619666 0.90452003
vn -0.14283481 -0.94802099 0.28434896
vn -0.15327470 -0.94640833 0.28428531
vn -0.14283481 -0.94802099 0.28434896
vn -0.03030103 -0.99771875 0.06032607
vn -0.03242231 -0.99764395 0.06045995
vn -0.03030103 -0.99771875 0.06032607
vn 0.07865180 -0.98662978 -0.14274275
vn 0.08507392 -0.98608959 -0.14279254
vn 0.07865180 -0.98662978 -0.14274275
vn 0.18882450 -0.92274803 -0.33597821
vn 0.20352849 -0.91988856 -0.33523291
vn 0.18882450 -0.92274803 -0.33597821
vn 0.50538731 -0.03824106 -0.86204481
vn 0.53512484 -0.03937640 -0.84385478
vn 0.25750172 0.89049745 -0.37510946
vn 0.27559793 0.88576514 -0.37345147
vn 0.56255329 -0.04050764 -0.82576811
vn 0.13041535 0.97785228 -0.16369717
vn 0.14054607 0.97646612 -0.16358739
vn 0.27559793 0.88576514 -0.37345147
vn -0.00401792 0.99752450 0.07020431
vn -0.00326677 0.99751234 0.07041593
vn 0.14054607 0.97646612 -0.16358739
vn -0.14359236 0.93483955 0.32474044
vn -0.15223476 0.93344957 0.32480225
vn -0.00326677 0.99751234 0.07041593
vn -0.44989586 -0.02571281 0.89271075
vn -0.47208637 -0.02521321 0.88119167
vn -0.15223476 0.93344957 0.32480225
vn -0.44989586 -0.02571281 0.89271075
vn -0.15327470 -0.94640833 0.28428531
vn -0.16326551 -0.94474006 0.28427204
vn -0.15327470 -0.94640833 0.28428531
vn -0.03242231 -0.99764395 0.06045995
vn -0.03438642 -0.99756926 0.06060607
vn -0.03242231 -0.99764395 0.06045995
vn 0.08507392 -0.98608959 -0.14279254
vn 0.09145855 -0.98550630 -0.14287286
vn 0.08507392 -0.98608959 -0.14279254
vn 0.20352849 -0.91988856 -0.33523291
vn 0.21792352 -0.91685200 -0.33450222
vn 0.20352849 -0.91988856 -0.33523291
vn 0.53512484 -0.03937640 -0.84385478
vn 0.56255329 -0.04050764 -0.82576811
vn 0.27559793 0.88576514 -0.37345147
vn 0.29325837 0.88078010 -0.37178758
vn 0.58786291 -0.04164137 -0.80788809
vn 0.14054607 0.97646612 -0.16358739
vn 0.15062965 0.97497553 -0.16350371
vn 0.29325837 0.88078010 -0.37178758
vn -0.00326677 0.99751234 0.07041593
vn -0.00231223 0.99749851 0.07064898
vn 0.15062965 0.97497553 -0.16350371
vn -0.15223476 0.93344957 0.32480225
vn -0.16036038 0.93203694 0.32494873
vn -0.00231223 0.99749851 0.07064898
vn -0.47208637 -0.02521321 0.88119167
vn -0.49225998 -0.02470220 0.87009764
vn -0.16036038 0.93203694 0.32494873
vn -0.47208637 -0.02521321 0.88119167
vn -0.16326551 -0.94474006 0.28427204
vn -0.17278768 -0.94302869 0.28432614
vn -0.16326551 -0.94474006 0.28427204
vn -0.03438642 -0.99756926 0.06060607
vn -0.03617106 -0.99749631 0.06076778
vn -0.03438642 -0.99756926 0.06060607
vn 0.09145855 -0.98550630 -0.14287286
vn 0.09783623 -0.98487687 -0.14298815
vn 0.09145855 -0.98550630 -0.14287286
vn 0.21792352 -0.91685200 -0.33450222
vn 0.23205216 -0.91363555 -0.33379912
vn 0.21792352 -0.91685200 -0.33450222
vn 0.56255329 -0.04050764 -0.82576811
vn 0.58786291 -0.04164137 -0.80788809
vn 0.29325837 0.88078010 -0.37178758
vn 0.31052479 0.87554252 -0.37013468
vn 0.61123091 -0.04276867 -0.79029596
vn 0.15062965 0.97497553 -0.16350371
vn 0.16070080 0.97337502 -0.16345131
vn 0.31052479 0.87554252 -0.37013468
vn -0.00231223 0.99749851 0.07064898
vn -0.00111873 0.99748212 0.07090941
vn 0.16070080 0.97337502 -0.16345131
vn -0.16036038 0.93203694 0.32494873
vn -0.16792749 0.93061411 0.32520413
vn -0.00111873 0.99748212 0.07090941
vn -0.49225998 -0.02470220 0.87009764
vn -0.51043755 -0.02418201 0.85957474
vn -0.16792749 0.93061411 0.32520413
vn -0.49225998 -0.02470220 0.87009764
vn -0.17278768 -0.94302869 0.28432614
vn -0.18180510 -0.94128835 0.28446987
vn -0.17278768 -0.94302869 0.28432614
vn -0.03617106 -0.99749631 0.06076778
vn -0.03774537 -0.99742681 0.06095073
vn -0.03617106 -0.99749631 0.06076778
vn 0.09783623 -0.98487687 -0.14298815
vn 0.10423981 -0.98419714 -0.14314304
vn 0.09783623 -0.98487687 -0.14298815
vn 0.23205216 -0.91363555 -0.33379912
vn 0.24595462 -0.91023427 -0.33313650
vn 0.23205216 -0.91363555 -0.33379912
vn 0.58786291 -0.04164137 -0.80788809
vn 0.61123091 -0.04276867 -0.79029596
vn 0.31052479 0.87554252 -0.37013468
vn 0.32744169 0.87004566 -0.36851397
vn 0.63281953 -0.04386605 -0.77305573
vn 0.16070080 0.97337502 -0.16345131
vn 0.17080113 0.97165579 -0.16343801
vn 0.32744169 0.87004566 -0.36851397
vn -0.00111873 0.99748212 0.07090941
vn 0.00036398 0.99746168 0.07120451
vn 0.17080113 0.97165579 -0.16343801
vn -0.16792749 0.93061411 0.32520413
vn -0.17486814 0.92919630 0.32560006
vn 0.00036398 0.99746168 0.07120451
vn -0.51043755 -0.02418201 0.85957474
vn -0.52659094 -0.02365661 0.84978968
vn -0.17486814 0.92919630 0.32560006
vn -0.51043755 -0.02418201 0.85957474
vn -0.18180510 -0.94128835 0.28446987
vn -0.19025922 -0.93953723 0.28473023
vn -0.18180510 -0.94128835 0.28446987
vn -0.03774537 -0.99742681 0.06095073
vn -0.03906588 -0.99736309 0.06116089
vn -0.03774537 -0.99742681 0.06095073
vn 0.10423981 -0.98419714 -0.14314304
vn 0.11070860 -0.98346108 -0.14334534
vn 0.10423981 -0.98419714 -0.14314304
vn 0.24595462 -0.91023427 -0.33313650
vn 0.25967520 -0.90663743 -0.33253169
vn 0.24595462 -0.91023427 -0.33313650
vn 0.61123091 -0.04276867 -0.79029596
vn 0.63281953 -0.04386605 -0.77305573
vn 0.32744169 0.87004566 -0.36851397
vn 0.34406042 0.86427486 -0.36694878
vn 0.65278244 -0.04492832 -0.75621200
vn 0.17080113 0.97165579 -0.16343801
vn 0.18098494 0.96980429 -0.16347532
vn 0.34406042 0.86427486 -0.36694878
vn 0.00036398 0.99746168 0.07120451
vn 0.00220734 0.99743485 0.07154538
vn 0.18098494 0.96980429 -0.16347532
vn -0.17486814 0.92919630 0.32560006
vn -0.18107721 0.92780298 0.32617885
vn 0.00220734 0.99743485 0.07154538
vn -0.52659094 -0.02365661 0.84978968
vn -0.54061770 -0.02312821 0.84095037
vn -0.18107721 0.92780298 0.32617885
vn -0.52659094 -0.02365661 0.84978968
vn -0.19025922 -0.93953723 0.28473023
vn -0.19805996 -0.93779778 0.28514493
vn -0.19025922 -0.93953723 0.28473023
vn -0.03906588 -0.99736309 0.06116089
vn -0.04007112 -0.99730808 0.06140773
vn -0.03906588 -0.99736309 0.06116089
vn 0.11070860 -0.98346108 -0.14334534
vn 0.11729474 -0.98265916 -0.14360692
vn 0.11070860 -0.98346108 -0.14334534
vn 0.25967520 -0.90663743 -0.33253169
vn 0.27326557 -0.90282720 -0.33200750
vn 0.25967520 -0.90663743 -0.33253169
vn 0.63281953 -0.04386605 -0.77305573
vn 0.65278244 -0.04492832 -0.75621200
vn 0.34406042 0.86427486 -0.36694878
vn 0.36043912 0.85820436 -0.36547092
vn 0.67125499 -0.04595083 -0.73980075
vn 0.18098494 0.96980429 -0.16347532
vn 0.19132486 0.96779972 -0.16358021
vn 0.36043912 0.85820436 -0.36547092
vn 0.00220734 0.99743485 0.07154538
vn 0.00451604 0.99739814 0.07194816
vn 0.19132486 0.96779972 -0.16358021
vn -0.18107721 0.92780298 0.32617885
vn -0.18638936 0.92646062 0.32700118
vn 0.00451604 0.99739814 0.07194816
vn -0.54061770 -0.02312821 0.84095037
vn -0.55229491 -0.02260390 0.83334225
vn -0.18638936 0.92646062 0.32700118
vn -0.54061770 -0.02312821 0.84095037
vn -0.19805996 -0.93779778 0.28514493
vn -0.20506531 -0.93610054 0.28576928
vn -0.19805996 -0.93779778 0.28514493
vn -0.04007112 -0.99730808 0.06140773
vn -0.04067053 -0.99726540 0.06170581
vn -0.04007112 -0.99730808 0.06140773
vn 0.11729474 -0.98265916 -0.14360692
vn 0.12406588 -0.98177797 -0.14394347
vn 0.11729474 -0.98265916 -0.14360692
vn 0.27326557 -0.90282720 -0.33200750
vn 0.28678423 -0.89877790 -0.33159164
vn 0.27326557 -0.90282720 -0.33200750
vn 0.65278244 -0.04492832 -0.75621200
vn 0.67125499 -0.04595083 -0.73980075
vn 0.36043912 0.85820436 -0.36547092
vn 0.37665477 0.85178977 -0.36412260
vn 0.68836278 -0.04692814 -0.72384703
vn 0.19132486 0.96779972 -0.16358021
vn 0.20192498 0.96561056 -0.16377601
vn 0.37665477 0.85178977 -0.36412260
vn 0.00451604 0.99739814 0.07194816
vn 0.00745767 0.99734545 0.07243192
vn 0.20192498 0.96561056 -0.16377601
vn -0.18638936 0.92646062 0.32700118
vn -0.19053747 0.92520577 0.32816109
vn 0.00745767 0.99734545 0.07243192
vn -0.55229491 -0.02260390 0.83334225
vn -0.56120104 -0.02208997 0.82738465
vn -0.19053747 0.92520577 0.32816109
vn -0.55229491 -0.02260390 0.83334225
vn -0.20506531 -0.93610054 0.28576928
vn -0.21104684 -0.93448949 0.28668547
vn -0.20506531 -0.93610054 0.28576928
vn -0.04067053 -0.99726540 0.06170581
vn -0.04071943 -0.99724072 0.06207127
vn -0.04067053 -0.99726540 0.06170581
vn 0.12406588 -0.98177797 -0.14394347
vn 0.13112016 -0.98079699 -0.14437735
vn 0.12406588 -0.98177797 -0.14394347
vn 0.28678423 -0.89877790 -0.33159164
vn 0.30031264 -0.89444613 -0.33132812
vn 0.28678423 -0.89877790 -0.33159164
vn 0.67125499 -0.04595083 -0.73980075
vn 0.68836278 -0.04692814 -0.72384703
vn 0.37665477 0.85178977 -0.36412260
vn 0.39282018 0.84495354 -0.36296818
vn 0.70422357 -0.04785485 -0.70836365
vn 0.20192498 0.96561056 -0.16377601
vn 0.21294336 0.96318698 -0.16409150
vn 0.39282018 0.84495354 -0.36296818
vn 0.00745767 0.99734545 0.07243192
vn 0.01130673 0.99726552 0.07303111
vn 0.21294336 0.96318698 -0.16409150
vn -0.19053747 0.92520577 0.32816109
vn -0.19306457 0.92409724 0.32980332
vn 0.01130673 0.99726552 0.07303111
vn -0.56120104 -0.02208997 0.82738465
vn -0.56652927 -0.02158531 0.82375884
vn -0.19306457 0.92409724 0.32980332
vn -0.56120104 -0.02208997 0.82738465
vn -0.21104684 -0.93448949 0.28668547
vn -0.21561365 -0.93303448 0.28802341
vn -0.21104684 -0.93448949 0.28668547
vn -0.04071943 -0.99724072 0.06207127
vn -0.03998102 -0.99724168 0.06253412
vn -0.04071943 -0.99724072 0.06207127
vn 0.13112016 -0.98079699 -0.14437735
vn 0.13860619 -0.97968411 -0.14493938
vn 0.13112016 -0.98079699 -0.14437735
vn 0.30031264 -0.89444613 -0.33132812
vn 0.31396946 -0.88976175 -0.33128124
vn 0.30031264 -0.89444613 -0.33132812
vn 0.68836278 -0.04692814 -0.72384703
vn 0.70422357 -0.04785485 -0.70836365
vn 0.39282018 0.84495354 -0.36296818
vn 0.40910989 0.83755845 -0.36211175
vn 0.71893746 -0.04872179 -0.69336498
vn 0.21294336 0.96318698 -0.16409150
vn 0.22465254 0.96044028 -0.16457769
vn 0.40910989 0.83755845 -0.36211175
vn 0.01130673 0.99726552 0.07303111
vn 0.01655599 0.99713445 0.07381650
vn 0.22465254 0.96044028 -0.16457769
vn -0.19306457 0.92409724 0.32980332
vn -0.19310731 0.92323405 0.33218738
vn 0.01655599 0.99713445 0.07381650
vn -0.56652927 -0.02158531 0.82375884
vn -0.56661505 -0.02109829 0.82371241
vn -0.19310731 0.92323405 0.33218738
vn -0.56652927 -0.02158531 0.82375884
vn -0.21561365 -0.93303448 0.28802341
vn -0.21802557 -0.93185610 0.29001549
vn -0.21561365 -0.93303448 0.28802341
vn -0.03998102 -0.99724168 0.06253412
vn -0.03802870 -0.99727887 0.06315599
vn -0.03998102 -0.99724168 0.06253412
vn 0.13860619 -0.97968411 -0.14493938
vn 0.14678060 -0.97838265 -0.14568092
vn 0.13860619 -0.97968411 -0.14493938
vn 0.31396946 -0.88976175 -0.33128124
vn 0.32794139 -0.88460308 -0.33155993
vn 0.31396946 -0.88976175 -0.33128124
vn 0.70422357 -0.04785485 -0.70836365
vn 0.71893746 -0.04872179 -0.69336498
vn 0.40910989 0.83755845 -0.36211175
vn 0.42583939 0.82933778 -0.36174512
vn 0.73259330 -0.04951637 -0.67886311
vn 0.22465254 0.96044028 -0.16457769
vn 0.23759212 0.95719290 -0.16532297
vn 0.42583939 0.82933778 -0.36174512
vn 0.01655599 0.99713445 0.07381650
vn 0.02424287 0.99689347 0.07493837
vn 0.23759212 0.95719290 -0.16532297
vn -0.19310731 0.92323405 0.33218738
vn -0.18878503 0.92280453 0.33584508
vn 0.02424287 0.99689347 0.07493837
vn -0.56661505 -0.02109829 0.82371241
vn -0.55752045 -0.02064249 0.82990658
vn -0.18878503 0.92280453 0.33584508
vn -0.56661505 -0.02109829 0.82371241
vn -0.21802557 -0.93185610 0.29001549
vn -0.21667059 -0.93119407 0.29314059
vn -0.21802557 -0.93185610 0.29001549
vn -0.03802870 -0.99727887 0.06315599
vn -0.03396292 -0.99736750 0.06406742
vn -0.03802870 -0.99727887 0.06315599
vn 0.14678060 -0.97838265 -0.14568092
vn 0.15615025 -0.97677922 -0.14669544
vn 0.14678060 -0.97838265 -0.14568092
vn 0.32794139 -0.88460308 -0.33155993
vn 0.34256864 -0.87873793 -0.33236480
vn 0.32794139 -0.88460308 -0.33155993
vn 0.71893746 -0.04872179 -0.69336498
vn 0.73259330 -0.04951637 -0.67886311
vn 0.42583939 0.82933778 -0.36174512
vn 0.44370410 0.81968892 -0.36226618
vn 0.74526435 -0.05021151 -0.66487586
vn 0.23759212 0.95719290 -0.16532297
vn 0.25310585 0.95300996 -0.16646138
vn 0.44370410 0.81968892 -0.36226618
vn 0.02424287 0.99689347 0.07493837
vn 0.03721860 0.99634844 0.07684064
vn 0.25310585 0.95300996 -0.16646138
vn -0.18878503 0.92280453 0.33584508
vn -0.17465885 0.92325407 0.34219298
vn 0.03721860 0.99634844 0.07684064
vn -0.55752045 -0.02064249 0.82990658
vn -0.52665561 -0.02024861 0.84983754
vn -0.17465885 0.92325407 0.34219298
vn -0.55752045 -0.02064249 0.82990658
vn -0.21667059 -0.93119407 0.29314059
vn -0.20687699 -0.93165857 0.29868761
vn -0.21667059 -0.93119407 0.29314059
vn -0.03396292 -0.99736750 0.06406742
vn -0.02530135 -0.99752152 0.06565573
vn -0.03396292 -0.99736750 0.06406742
vn 0.15615025 -0.97677922 -0.14669544
vn 0.16797704 -0.97459638 -0.14814053
vn 0.15615025 -0.97677922 -0.14669544
vn 0.34256864 -0.87873793 -0.33236480
vn 0.35860294 -0.87164509 -0.33412388
vn 0.34256864 -0.87873793 -0.33236480
vn 0.73259330 -0.04951637 -0.67886311
vn 0.74526435 -0.05021151 -0.66487586
vn 0.44370410 0.81968892 -0.36226618
vn 0.46527228 0.80675745 -0.36423102
vn 0.75695962 -0.05072543 -0.65148979
vn 0.25310585 0.95300996 -0.16646138
vn 0.28058460 0.94530326 -0.16635546
vn 0.46527228 0.80675745 -0.36423102
vn 0.03721860 0.99634844 0.07684064
vn 0.08137599 0.99306732 0.08482433
vn 0.28058460 0.94530326 -0.16635546
vn -0.17465885 0.92325407 0.34219298
vn -0.09596198 0.92679191 0.36310893
vn 0.08137599 0.99306732 0.08482433
vn -0.52665561 -0.02024861 0.84983754
vn -0.32441324 -0.02038374 0.94569582
vn -0.09596198 0.92679191 0.36310893
vn -0.52665561 -0.02024861 0.84983754
vn -0.20687699 -0.93165857 0.29868761
vn -0.14106113 -0.93758583 0.31785920
vn -0.20687699 -0.93165857 0.29868761
vn -0.02530135 -0.99752152 0.06565573
vn 0.01081112 -0.99730611 0.07255066
vn -0.02530135 -0.99752152 0.06565573
vn 0.16797704 -0.97459638 -0.14814053
vn 0.19107513 -0.97022510 -0.14884044
vn 0.16797704 -0.97459638 -0.14814053
vn 0.35860294 -0.87164509 -0.33412388
vn 0.37873659 -0.86173844 -0.33758762
vn 0.35860294 -0.87164509 -0.33412388
vn 0.74526435 -0.05021151 -0.66487586
vn 0.75695962 -0.05072543 -0.65148979
f 1/1/1 3/2/2 2/3/3
f 1/4/4 4/5/5 3/6/6
f 1/7/7 5/8/8 4/9/9
f 1/10/10 6/11/11 5/12/12
f 1/13/13 7/14/14 6/15/15
f 1/16/16 8/17/17 7/18/18
f 1/19/19 9/20/20 8/21/21
f 1/22/22 10/23/23 9/24/24
f 1/25/25 11/26/26 10/27/27
f 1/28/28 2/29/29 11/30/30
f 2/31/31 13/32/32 12/33/33
f 3/34/34 14/35/35 13/36/36
f 4/37/37 15/38/38 14/39/39
f 5/40/40 16/41/41 15/42/42
f 6/43/43 17/44/44 16/45/45
f 8/46/46 17/47/47 7/48/48
f 9/49/49 18/50/50 8/51/51
f 10/52/52 19/53/53 9/54/54
f 11/55/55 20/56/56 10/57/57
f 2/58/58 21/59/59 11/60/60
f 12/61/61 23/62/62 22/63/63
f 13/64/64 24/65/65 23/66/66
f 14/67/67 25/68/68 24/69/69
f 15/70/70 26/71/71 25/72/72
f 16/73/73 27/74/74 26/75/75
f 18/76/76 27/77/77 17/78/78
f 19/79/79 28/80/80 18/81/81
f 20/82/82 29/83/83 19/84/84
f 21/85/85 30/86/86 20/87/87
f 12/88/88 31/89/89 21/90/90
f 22/91/91 33/92/92 32/93/93
f 23/94/94 34/95/95 33/96/96
f 24/97/97 35/98/98 34/99/99
f 25/100/100 36/101/101 35/102/102
f 26/103/103 37/104/104 36/105/105
f 28/106/106 37/107/107 27/108/108
f 29/109/109 38/110/110 28/111/111
f 30/112/112 39/113/113 29/114/114
f 31/115/115 40/116/116 30/117/117
f 22/118/118 41/119/119 31/120/120
f 32/121/121 43/122/122 42/123/123
f 33/124/124 44/125/125 43/126/126
f 34/127/127 45/128/128 44/129/129
f 35/130/130 46/131/131 45/132/132
f 36/133/133 47/134/134 46/135/135
f 38/136/136 47/137/137 37/138/138
f 39/139/139 48/140/140 38/141/141
f 40/142/142 49/143/143 39/144/144
f 41/145/145 50/146/146 40/147/147
f 32/148/148 51/149/149 41/150/150
f 42/151/151 53/152/152 52/153/153
f 43/154/154 54/155/155 53/156/156
f 44/157/157 55/158/158 54/159/159
f 45/160/160 56/161/161 55/162/162
f 46/163/163 57/164/164 56/165/165
f 48/166/166 57/167/167 47/168/168
f 49/169/169 58/170/170 48/171/171
f 50/172/172 59/173/173 49/174/174
f 51/175/175 60/176/176 50/177/177
f 42/178/178 61/179/179 51/180/180
f 52/181/181 63/182/182 62/183/183
f 53/184/184 64/185/185 63/186/186
f 54/187/187 65/188/188 64/189/189
f 55/190/190 66/191/191 65/192/192
f 56/193/193 67/194/194 66/195/195
f 58/196/196 67/197/197 57/198/198
f 59/199/199 68/200/200 58/201/201
f 60/202/202 69/203/203 59/204/204
f 61/205/205 70/206/206 60/207/207
f 52/208/208 71/209/209 61/210/210
f 62/211/211 73/212/212 72/213/213
f 63/214/214 74/215/215 73/216/216
f 64/217/217 75/218/218 74/219/219
f 65/220/220 76/221/221 75/222/222
f 66/223/223 77/224/224 76/225/225
f 68/226/226 77/227/227 67/228/228
f 69/229/229 78/230/230 68/231/231
f 70/232/232 79/233/233 69/234/234
f 71/235/235 80/236/236 70/237/237
f 62/238/238 81/239/239 71/240/240
f 72/241/241 83/242/242 82/243/243
f 73/244/244 84/245/245 83/246/246
f 74/247/247 85/248/248 84/249/249
f 75/250/250 86/251/251 85/252/252
f 76/253/253 87/254/254 86/255/255
f 78/256/256 87/257/257 77/258/258
f 79/259/259 88/260/260 78/261/261
f 80/262/262 89/263/263 79/264/264
f 81/265/265 90/266/266 80/267/267
f 72/268/268 91/269/269 81/270/270
f 82/271/271 93/272/272 92/273/273
f 83/274/274 94/275/275 93/276/276
f 84/277/277 95/278/278 94/279/279
f 85/280/280 96/281/281 95/282/282
f 86/283/283 97/284/284 96/285/285
f 88/286/286 97/287/287 87/288/288
f 89/289/289 98/290/290 88/291/291
f 90/292/292 99/293/293 89/294/294
f 91/295/295 100/296/296 90/297/297
f 82/298/298 101/299/299 91/300/300
f 92/301/301 103/302/302 102/303/303
f 93/304/304 104/305/305 103/306/306
f 94/307/307 105/308/308 104/309/309
f 95/310/310 106/311/311 105/312/312
f 96/313/313 107/314/314 106/315/315
f 98/316/316 107/317/317 97/318/318
f 99/319/319 108/320/320 98/321/321
f 100/322/322 109/323/323 99/324/324
f 101/325/325 110/326/326 100/327/327
f 92/328/328 111/329/329 101/330/330
f 102/331/331 113/332/332 112/333/333
f 103/334/334 114/335/335 113/336/336
f 104/337/337 115/338/338 114/339/339
f 105/340/340 116/341/341 115/342/342
f 106/343/343 117/344/344 116/345/345
f 108/346/346 117/347/347 107/348/348
f 109/349/349 118/350/350 108/351/351
f 110/352/352 119/353/353 109/354/354
f 111/355/355 120/356/356 110/357/357
f 102/358/358 121/359/359 111/360/360
f 112/361/361 123/362/362 122/363/363
f 113/364/364 124/365/365 123/366/366
f 114/367/367 125/368/368 124/369/369
f 115/370/370 126/371/371 125/372/372
f 116/373/373 127/374/374 126/375/375
f 118/376/376 127/377/377 117/378/378
f 119/379/379 128/380/380 118/381/381
f 120/382/382 129/383/383 119/384/384
f 121/385/385 130/386/386 120/387/387
f 112/388/388 131/389/389 121/390/390
f 122/391/391 133/392/392 132/393/393
f 123/394/394 134/395/395 133/396/396
f 124/397/397 135/398/398 134/399/399
f 125/400/400 136/401/401 135/402/402
f 126/403/403 137/404/404 136/405/405
f 128/406/406 137/407/407 127/408/408
f 129/409/409 138/410/410 128/411/411
f 130/412/412 139/413/413 129/414/414
f 131/415/415 140/416/416 130/417/417
f 122/418/418 141/419/419 131/420/420
f 132/421/421 143/422/422 142/423/423
f 133/424/424 144/425/425 143/426/426
f 134/427/427 145/428/428 144/429/429
f 135/430/430 146/431/431 145/432/432
f 136/433/433 147/434/434 146/435/435
f 138/436/436 147/437/437 137/438/438
f 139/439/439 148/440/440 138/441/441
f 140/442/442 149/443/443 139/444/444
f 141/445/445 150/446/446 140/447/447
f 132/448/448 151/449/449 141/450/450
f 142/451/451 153/452/452 152/453/453
f 143/454/454 154/455/455 153/456/456
f 144/457/457 155/458/458 154/459/459
f 145/460/460 156/461/461 155/462/462
f 146/463/463 157/464/464 156/465/465
f 148/466/466 157/467/467 147/468/468
f 149/469/469 158/470/470 148/471/471
f 150/472/472 159/473/473 149/474/474
f 151/475/475 160/476/476 150/477/477
f 142/478/478 161/479/479 151/480/480
f 152/481/481 163/482/482 162/483/483
f 153/484/484 164/485/485 163/486/486
f 154/487/487 165/488/488 164/489/489
f 155/490/490 166/491/491 165/492/492
f 156/493/493 167/494/494 166/495/495
f 158/496/496 167/497/497 157/498/498
f 159/499/499 168/500/500 158/501/501
f 160/502/502 169/503/503 159/504/504
f 161/505/505 170/506/506 160/507/507
f 152/508/508 171/509/509 161/510/510
f 162/511/511 173/512/512 172/513/513
f 163/514/514 174/515/515 173/516/516
f 164/517/517 175/518/518 174/519/519
f 165/520/520 176/521/521 175/522/522
f 166/523/523 177/524/524 176/525/525
f 168/526/526 177/527/527 167/528/528
f 169/529/529 178/530/530 168/531/531
f 170/532/532 179/533/533 169/534/534
f 171/535/535 180/536/536 170/537/537
f 162/538/538 181/539/539 171/540/540
f 172/541/541 183/542/542 182/543/543
f 173/544/544 184/545/545 183/546/546
f 174/547/547 185/548/548 184/549/549
f 175/550/550 186/551/551 185/552/552
f 176/553/553 187/554/554 186/555/555
f 178/556/556 187/557/557 177/558/558
f 179/559/559 188/560/560 178/561/561
f 180/562/562 189/563/563 179/564/564
f 181/565/565 190/566/566 180/567/567
f 172/568/568 191/569/569 181/570/570
f 182/571/571 193/572/572 192/573/573
f 183/574/574 194/575/575 193/576/576
f 184/577/577 195/578/578 194/579/579
f 185/580/580 196/581/581 195/582/582
f 186/583/583 197/584/584 196/585/585
f 188/586/586 197/587/587 187/588/588
f 189/589/589 198/590/590 188/591/591
f 190/592/592 199/593/593 189/594/594
f 191/595/595 200/596/596 190/597/597
f 182/598/598 201/599/599 191/600/600
f 192/601/601 203/602/602 202/603/603
f 193/604/604 204/605/605 203/606/606
f 194/607/607 205/608/608 204/609/609
f 195/610/610 206/611/611 205/612/612
f 196/613/613 207/614/614 206/615/615
f 198/616/616 207/617/617 197/618/618
f 199/619/619 208/620/620 198/621/621
f 200/622/622 209/623/623 199/624/624
f 201/625/625 210/626/626 200/627/627
f 192/628/628 211/629/629 201/630/630
f 202/631/631 213/632/632 212/633/633
f 203/634/634 214/635/635 213/636/636
f 204/637/637 215/638/638 214/639/639
f 205/640/640 216/641/641 215/642/642
f 206/643/643 217/644/644 216/645/645
f 208/646/646 217/647/647 207/648/648
f 209/649/649 218/650/650 208/651/651
f 210/652/652 219/653/653 209/654/654
f 211/655/655 220/656/656 210/657/657
f 202/658/658 221/659/659 211/660/660
f 212/661/661 223/662/662 222/663/663
f 213/664/664 224/665/665 223/666/666
f 214/667/667 225/668/668 224/669/669
f 215/670/670 226/671/671 225/672/672
f 216/673/673 227/674/674 226/675/675
f 218/676/676 227/677/677 217/678/678
f 219/679/679 228/680/680 218/681/681
f 220/682/682 229/683/683 219/684/684
f 221/685/685 230/686/686 220/687/687
f 212/688/688 231/689/689 221/690/690
f 222/691/691 233/692/692 232/693/693
f 223/694/694 234/695/695 233/696/696
f 224/697/697 235/698/698 234/699/699
f 225/700/700 236/701/701 235/702/702
f 226/703/703 237/704/704 236/705/705
f 228/706/706 237/707/707 227/708/708
f 229/709/709 238/710/710 228/711/711
f 230/712/712 239/713/713 229/714/714
f 231/715/715 240/716/716 230/717/717
f 222/718/718 241/719/719 231/720/720
f 233/721/721 242/722/722 232/723/723
f 234/724/724 243/725/725 233/726/726
f 235/727/727 244/728/728 234/729/729
f 236/730/730 245/731/731 235/732/732
f 237/733/733 246/734/734 236/735/735
f 237/736/736 248/737/737 247/738/738
f 238/739/739 249/740/740 248/741/741
f 239/742/742 250/743/743 249/744/744
f 240/745/745 251/746/746 250/747/747
f 241/748/748 242/749/749 251/750/750
f 243/751/751 252/752/752 242/753/753
f 244/754/754 253/755/755 243/756/756
f 245/757/757 254/758/758 244/759/759
f 246/760/760 255/761/761 245/762/762
f 247/763/763 256/764/764 246/765/765
f 247/766/766 258/767/767 257/768/768
f 248/769/769 259/770/770 258/771/771
f 249/772/772 260/773/773 259/774/774
f 250/775/775 261/776/776 260/777/777
f 251/778/778 252/779/779 261/780/780
f 253/781/781 262/782/782 252/783/783
f 254/784/784 263/785/785 253/786/786
f 255/787/787 264/788/788 254/789/789
f 256/790/790 265/791/791 255/792/792
f 257/793/793 266/794/794 256/795/795
f 257/796/796 268/797/797 267/798/798
f 258/799/799 269/800/800 268/801/801
f 259/802/802 270/803/803 269/804/804
f 260/805/805 271/806/806 270/807/807
f 261/808/808 262/809/809 271/810/810
f 263/811/811 272/812/812 262/813/813
f 264/814/814 273/815/815 263/816/816
f 265/817/817 274/818/818 264/819/819
f 266/820/820 275/821/821 265/822/822
f 267/823/823 276/824/824 266/825/825
f 267/826/826 278/827/827 277/828/828
f 268/829/829 279/830/830 278/831/831
f 269/832/832 280/833/833 279/834/834
f 270/835/835 281/836/836 280/837/837
f 271/838/838 272/839/839 281/840/840
f 273/841/841 282/842/842 272/843/843
f 274/844/844 283/845/845 273/846/846
f 275/847/847 284/848/848 274/849/849
f 276/850/850 285/851/851 275/852/852
f 277/853/853 286/854/854 276/855/855
f 277/856/856 288/857/857 287/858/858
f 278/859/859 289/860/860 288/861/861
f 279/862/862 290/863/863 289/864/864
f 280/865/865 291/866/866 290/867/867
f 281/868/868 282/869/869 291/870/870
f 283/871/871 292/872/872 282/873/873
f 284/874/874 293/875/875 283/876/876
f 285/877/877 294/878/878 284/879/879
f 286/880/880 295/881/881 285/882/882
f 287/883/883 296/884/884 286/885/885
f 287/886/886 298/887/887 297/888/888
f 288/889/889 299/890/890 298/891/891
f 289/892/892 300/893/893 299/894/894
f 290/895/895 301/896/896 300/897/897
f 291/898/898 292/899/899 301/900/900
f 293/901/901 302/902/902 292/903/903
f 294/904/904 303/905/905 293/906/906
f 295/907/907 304/908/908 294/909/909
f 296/910/910 305/911/911 295/912/912
f 297/913/913 306/914/914 296/915/915
f 297/916/916 308/917/917 307/918/918
f 298/919/919 309/920/920 308/921/921
f 299/922/922 310/923/923 309/924/924
f 300/925/925 311/926/926 310/927/927
f 301/928/928 302/929/929 311/930/930
f 303/931/931 312/932/932 302/933/933
f 304/934/934 313/935/935 303/936/936
f 305/937/937 314/938/938 304/939/939
f 306/940/940 315/941/941 305/942/942
f 307/943/943 316/944/944 306/945/945
f 307/946/946 318/947/947 317/948/948
f 308/949/949 319/950/950 318/951/951
f 309/952/952 320/953/953 319/954/954
f 310/955/955 321/956/956 320/957/957
f 311/958/958 312/959/959 321/960/960
f 313/961/961 322/962/962 312/963/963
f 314/964/964 323/965/965 313/966/966
f 315/967/967 324/968/968 314/969/969
f 316/970/970 325/971/971 315/972/972
f 317/973/973 326/974/974 316/975/975
f 317/976/976 328/977/977 327/978/978
f 318/979/979 329/980/980 328/981/981
f 319/982/982 330/983/983 329/984/984
f 320/985/985 331/986/986 330/987/987
f 321/988/988 322/989/989 331/990/990
f 323/991/991 332/992/992 322/993/993
f 324/994/994 333/995/995 323/996/996
f 325/997/997 334/998/998 324/999/999
f 326/1000/1000 335/1001/1001 325/1002/1002
f 327/1003/1003 336/1004/1004 326/1005/1005
f 327/1006/1006 338/1007/1007 337/1008/1008
f 328/1009/1009 339/1010/1010 338/1011/1011
f 329/1012/1012 340/1013/1013 339/1014/1014
f 330/1015/1015 341/1016/1016 340/1017/1017
f 331/1018/1018 332/1019/1019 341/1020/1020
f 333/1021/1021 342/1022/1022 332/1023/1023
f 334/1024/1024 343/1025/1025 333/1026/1026
f 335/1027/1027 344/1028/1028 334/1029/1029
f 336/1030/1030 345/1031/1031 335/1032/1032
f 337/1033/1033 346/1034/1034 336/1035/1035
f 337/1036/1036 348/1037/1037 347/1038/1038
f 338/1039/1039 349/1040/1040 348/1041/1041
f 339/1042/1042 350/1043/1043 349/1044/1044
f 340/1045/1045 351/1046/1046 350/1047/1047
f 341/1048/1048 342/1049/1049 351/1050/1050
f 343/1051/1051 352/1052/1052 342/1053/1053
f 344/1054/1054 353/1055/1055 343/1056/1056
f 345/1057/1057 354/1058/1058 344/1059/1059
f 346/1060/1060 355/1061/1061 345/1062/1062
f 347/1063/1063 356/1064/1064 346/1065/1065
f 347/1066/1066 358/1067/1067 357/1068/1068
f 348/1069/1069 359/1070/1070 358/1071/1071
f 349/1072/1072 360/1073/1073 359/1074/1074
f 350/1075/1075 361/1076/1076 360/1077/1077
f 351/1078/1078 352/1079/1079 361/1080/1080
f 353/1081/1081 362/1082/1082 352/1083/1083
f 354/1084/1084 363/1085/1085 353/1086/1086
f 355/1087/1087 364/1088/1088 354/1089/1089
f 356/1090/1090 365/1091/1091 355/1092/1092
f 357/1093/1093 366/1094/1094 356/1095/1095
f 357/1096/1096 368/1097/1097 367/1098/1098
f 358/1099/1099 369/1100/1100 368/1101/1101
f 359/1102/1102 370/1103/1103 369/1104/1104
f 360/1105/1105 371/1106/1106 370/1107/1107
f 361/1108/1108 362/1109/1109 371/1110/1110
f 363/1111/1111 372/1112/1112 362/1113/1113
f 364/1114/1114 373/1115/1115 363/1116/1116
f 365/1117/1117 374/1118/1118 364/1119/1119
f 366/1120/1120 375/1121/1121 365/1122/1122
f 367/1123/1123 376/1124/1124 366/1125/1125
f 367/1126/1126 378/1127/1127 377/1128/1128
f 368/1129/1129 379/1130/1130 378/1131/1131
f 369/1132/1132 380/1133/1133 379/1134/1134
f 370/1135/1135 381/1136/1136 380/1137/1137
f 371/1138/1138 372/1139/1139 381/1140/1140
f 373/1141/1141 382/1142/1142 372/1143/1143
f 374/1144/1144 383/1145/1145 373/1146/1146
f 375/1147/1147 384/1148/1148 374/1149/1149
f 376/1150/1150 385/1151/1151 375/1152/1152
f 377/1153/1153 386/1154/1154 376/1155/1155
f 377/1156/1156 388/1157/1157 387/1158/1158
f 378/1159/1159 389/1160/1160 388/1161/1161
f 379/1162/1162 390/1163/1163 389/1164/1164
f 380/1165/1165 391/1166/1166 390/1167/1167
f 381/1168/1168 382/1169/1169 391/1170/1170
f 383/1171/1171 392/1172/1172 382/1173/1173
f 384/1174/1174 393/1175/1175 383/1176/1176
f 385/1177/1177 394/1178/1178 384/1179/1179
f 386/1180/1180 395/1181/1181 385/1182/1182
f 387/1183/1183 396/1184/1184 386/1185/1185
f 387/1186/1186 398/1187/1187 397/1188/1188
f 388/1189/1189 399/1190/1190 398/1191/1191
f 389/1192/1192 400/1193/1193 399/1194/1194
f 390/1195/1195 401/1196/1196 400/1197/1197
f 391/1198/1198 392/1199/1199 401/1200/1200
f 393/1201/1201 402/1202/1202 392/1203/1203
f 394/1204/1204 403/1205/1205 393/1206/1206
f 395/1207/1207 404/1208/1208 394/1209/1209
f 396/1210/1210 405/1211/1211 395/1212/1212
f 397/1213/1213 406/1214/1214 396/1215/1215
f 397/1216/1216 408/1217/1217 407/1218/1218
f 398/1219/1219 409/1220/1220 408/1221/1221
f 399/1222/1222 410/1223/1223 409/1224/1224
f 400/1225/1225 411/1226/1226 410/1227/1227
f 401/1228/1228 402/1229/1229 411/1230/1230
f 403/1231/1231 412/1232/1232 402/1233/1233
f 404/1234/1234 413/1235/1235 403/1236/1236
f 405/1237/1237 414/1238/1238 404/1239/1239
f 406/1240/1240 415/1241/1241 405/1242/1242
f 407/1243/1243 416/1244/1244 406/1245/1245
f 407/1246/1246 418/1247/1247 417/1248/1248
f 408/1249/1249 419/1250/1250 418/1251/1251
f 409/1252/1252 420/1253/1253 419/1254/1254
f 410/1255/1255 421/1256/1256 420/1257/1257
f 411/1258/1258 412/1259/1259 421/1260/1260
f 413/1261/1261 422/1262/1262 412/1263/1263
f 414/1264/1264 423/1265/1265 413/1266/1266
f 415/1267/1267 424/1268/1268 414/1269/1269
f 416/1270/1270 425/1271/1271 415/1272/1272
f 417/1273/1273 426/1274/1274 416/1275/1275
f 417/1276/1276 428/1277/1277 427/1278/1278
f 418/1279/1279 429/1280/1280 428/1281/1281
f 419/1282/1282 430/1283/1283 429/1284/1284
f 420/1285/1285 431/1286/1286 430/1287/1287
f 421/1288/1288 422/1289/1289 431/1290/1290
f 423/1291/1291 432/1292/1292 422/1293/1293
f 424/1294/1294 433/1295/1295 423/1296/1296
f 425/1297/1297 434/1298/1298 424/1299/1299
f 426/1300/1300 435/1301/1301 425/1302/1302
f 427/1303/1303 436/1304/1304 426/1305/1305
f 427/1306/1306 438/1307/1307 437/1308/1308
f 428/1309/1309 439/1310/1310 438/1311/1311
f 429/1312/1312 440/1313/1313 439/1314/1314
f 430/1315/1315 441/1316/1316 440/1317/1317
f 431/1318/1318 432/1319/1319 441/1320/1320
f 433/1321/1321 442/1322/1322 432/1323/1323
f 434/1324/1324 443/1325/1325 433/1326/1326
f 435/1327/1327 444/1328/1328 434/1329/1329
f 436/1330/1330 445/1331/1331 435/1332/1332
f 437/1333/1333 446/1334/1334 436/1335/1335
f 437/1336/1336 448/1337/1337 447/1338/1338
f 438/1339/1339 449/1340/1340 448/1341/1341
f 439/1342/1342 450/1343/1343 449/1344/1344
f 440/1345/1345 451/1346/1346 450/1347/1347
f 441/1348/1348 442/1349/1349 451/1350/1350
f 443/1351/1351 452/1352/1352 442/1353/1353
f 444/1354/1354 453/1355/1355 443/1356/1356
f 445/1357/1357 454/1358/1358 444/1359/1359
f 446/1360/1360 455/1361/1361 445/1362/1362
f 447/1363/1363 456/1364/1364 446/1365/1365
f 447/1366/1366 458/1367/1367 457/1368/1368
f 448/1369/1369 459/1370/1370 458/1371/1371
f 449/1372/1372 460/1373/1373 459/1374/1374
f 450/1375/1375 461/1376/1376 460/1377/1377
f 451/1378/1378 452/1379/1379 461/1380/1380
f 453/1381/1381 462/1382/1382 452/1383/1383
f 454/1384/1384 463/1385/1385 453/1386/1386
f 455/1387/1387 464/1388/1388 454/1389/1389
f 456/1390/1390 465/1391/1391 455/1392/1392
f 457/1393/1393 466/1394/1394 456/1395/1395
f 457/1396/1396 468/1397/1397 467/1398/1398
f 458/1399/1399 469/1400/1400 468/1401/1401
f 459/1402/1402 470/1403/1403 469/1404/1404
f 460/1405/1405 471/1406/1406 470/1407/1407
f 461/1408/1408 462/1409/1409 471/1410/1410
f 472/1411/1411 462/1412/1412 463/1413/1413
f 472/1414/1414 463/1415/1415 464/1416/1416
f 472/1417/1417 464/1418/1418 465/1419/1419
f 472/1420/1420 465/1421/1421 466/1422/1422
f 472/1423/1423 466/1424/1424 467/1425/1425
f 472/1426/1426 467/1427/1427 468/1428/1428
f 472/1429/1429 468/1430/1430 469/1431/1431
f 472/1432/1432 469/1433/1433 470/1434/1434
f 472/1435/1435 470/1436/1436 471/1437/1437
f 472/1438/1438 471/1439/1439 462/1440/1440
f 2/1441/1441 3/1442/1442 13/1443/1443
f 3/1444/1444 4/1445/1445 14/1446/1446
f 4/1447/1447 5/1448/1448 15/1449/1449
f 5/1450/1450 6/1451/1451 16/1452/1452
f 6/1453/1453 7/1454/1454 17/1455/1455
f 8/1456/1456 18/1457/1457 17/1458/1458
f 9/1459/1459 19/1460/1460 18/1461/1461
f 10/1462/1462 20/1463/1463 19/1464/1464
f 11/1465/1465 21/1466/1466 20/1467/1467
f 2/1468/1468 12/1469/1469 21/1470/1470
f 12/1471/1471 13/1472/1472 23/1473/1473
f 13/1474/1474 14/1475/1475 24/1476/1476
f 14/1477/1477 15/1478/1478 25/1479/1479
f 15/1480/1480 16/1481/1481 26/1482/1482
f 16/1483/1483 17/1484/1484 27/1485/1485
f 18/1486/1486 28/1487/1487 27/1488/1488
f 19/1489/1489 29/1490/1490 28/1491/1491
f 20/1492/1492 30/1493/1493 29/1494/1494
f 21/1495/1495 31/1496/1496 30/1497/1497
f 12/1498/1498 22/1499/1499 31/1500/1500
f 22/1501/1501 23/1502/1502 33/1503/1503
f 23/1504/1504 24/1505/1505 34/1506/1506
f 24/1507/1507 25/1508/1508 35/1509/1509
f 25/1510/1510 26/1511/1511 36/1512/1512
f 26/1513/1513 27/1514/1514 37/1515/1515
f 28/1516/1516 38/1517/1517 37/1518/1518
f 29/1519/1519 39/1520/1520 38/1521/1521
f 30/1522/1522 40/1523/1523 39/1524/1524
f 31/1525/1525 41/1526/1526 40/1527/1527
f 22/1528/1528 32/1529/1529 41/1530/1530
f 32/1531/1531 33/1532/1532 43/1533/1533
f 33/1534/1534 34/1535/1535 44/1536/1536
f 34/1537/1537 35/1538/1538 45/1539/1539
f 35/1540/1540 36/1541/1541 46/1542/1542
f 36/1543/1543 37/1544/1544 47/1545/1545
f 38/1546/1546 48/1547/1547 47/1548/1548
f 39/1549/1549 49/1550/1550 48/1551/1551
f 40/1552/1552 50/1553/1553 49/1554/1554
f 41/1555/1555 51/1556/1556 50/1557/1557
f 32/1558/1558 42/1559/1559 51/1560/1560
f 42/1561/1561 43/1562/1562 53/1563/1563
f 43/1564/1564 44/1565/1565 54/1566/1566
f 44/1567/1567 45/1568/1568 55/1569/1569
f 45/1570/1570 46/1571/1571 56/1572/1572
f 46/1573/1573 47/1574/1574 57/1575/1575
f 48/1576/1576 58/1577/1577 57/1578/1578
f 49/1579/1579 59/1580/1580 58/1581/1581
f 50/1582/1582 60/1583/1583 59/1584/1584
f 51/1585/1585 61/1586/1586 60/1587/1587
f 42/1588/1588 52/1589/1589 61/1590/1590
f 52/1591/1591 53/1592/1592 63/1593/1593
f 53/1594/1594 54/1595/1595 64/1596/1596
f 54/1597/1597 55/1598/1598 65/1599/1599
f 55/1600/1600 56/1601/1601 66/1602/1602
f 56/1603/1603 57/1604/1604 67/1605/1605
f 58/1606/1606 68/1607/1607 67/1608/1608
f 59/1609/1609 69/1610/1610 68/1611/1611
f 60/1612/1612 70/1613/1613 69/1614/1614
f 61/1615/1615 71/1616/1616 70/1617/1617
f 52/1618/1618 62/1619/1619 71/1620/1620
f 62/1621/1621 63/1622/1622 73/1623/1623
f 63/1624/1624 64/1625/1625 74/1626/1626
f 64/1627/1627 65/1628/1628 75/1629/1629
f 65/1630/1630 66/1631/1631 76/1632/1632
f 66/1633/1633 67/1634/1634 77/1635/1635
f 68/1636/1636 78/1637/1637 77/1638/1638
f 69/1639/1639 79/1640/1640 78/1641/1641
f 70/1642/1642 80/1643/1643 79/1644/1644
f 71/1645/1645 81/1646/1646 80/1647/1647
f 62/1648/1648 72/1649/1649 81/1650/1650
f 72/1651/1651 73/1652/1652 83/1653/1653
f 73/1654/1654 74/1655/1655 84/1656/1656
f 74/1657/1657 75/1658/1658 85/1659/1659
f 75/1660/1660 76/1661/1661 86/1662/1662
f 76/1663/1663 77/1664/1664 87/1665/1665
f 78/1666/1666 88/1667/1667 87/1668/1668
f 79/1669/1669 89/1670/1670 88/1671/1671
f 80/1672/1672 90/1673/1673 89/1674/1674
f 81/1675/1675 91/1676/1676 90/1677/1677
f 72/1678/1678 82/1679/1679 91/1680/1680
f 82/1681/1681 83/1682/1682 93/1683/1683
f 83/1684/1684 84/1685/1685 94/1686/1686
f 84/1687/1687 85/1688/1688 95/1689/1689
f 85/1690/1690 86/1691/1691 96/1692/1692
f 86/1693/1693 87/1694/1694 97/1695/1695
f 88/1696/1696 98/1697/1697 97/1698/1698
f 89/1699/1699 99/1700/1700 98/1701/1701
f 90/1702/1702 100/1703/1703 99/1704/1704
f 91/1705/1705 101/1706/1706 100/1707/1707
f 82/1708/1708 92/1709/1709 101/1710/1710
f 92/1711/1711 93/1712/1712 103/1713/1713
f 93/1714/1714 94/1715/1715 104/1716/1716
f 94/1717/1717 95/1718/1718 105/1719/1719
f 95/1720/1720 96/1721/1721 106/1722/1722
f 96/1723/1723 97/1724/1724 107/1725/1725
f 98/1726/1726 108/1727/1727 107/1728/1728
f 99/1729/1729 109/1730/1730 108/1731/1731
f 100/1732/1732 110/1733/1733 109/1734/1734
f 101/1735/1735 111/1736/1736 110/1737/1737
f 92/1738/1738 102/1739/1739 111/1740/1740
f 102/1741/1741 103/1742/1742 113/1743/1743
f 103/1744/1744 104/1745/1745 114/1746/1746
f 104/1747/1747 105/1748/1748 115/1749/1749
f 105/1750/1750 106/1751/1751 116/1752/1752
f 106/1753/1753 107/1754/1754 117/1755/1755
f 108/1756/1756 118/1757/1757 117/1758/1758
f 109/1759/1759 119/1760/1760 118/1761/1761
f 110/1762/1762 120/1763/1763 119/1764/1764
f 111/1765/1765 121/1766/1766 120/1767/1767
f 102/1768/1768 112/1769/1769 121/1770/1770
f 112/1771/1771 113/1772/1772 123/1773/1773
f 113/1774/1774 114/1775/1775 124/1776/1776
f 114/1777/1777 115/1778/1778 125/1779/1779
f 115/1780/1780 116/1781/1781 126/1782/1782
f 116/1783/1783 117/1784/1784 127/1785/1785
f 118/1786/1786 128/1787/1787 127/1788/1788
f 119/1789/1789 129/1790/1790 128/1791/1791
f 120/1792/1792 130/1793/1793 129/1794/1794
f 121/1795/1795 131/1796/1796 130/1797/1797
f 112/1798/1798 122/1799/1799 131/1800/1800
f 122/1801/1801 123/1802/1802 133/1803/1803
f 123/1804/1804 124/1805/1805 134/1806/1806
f 124/1807/1807 125/1808/1808 135/1809/1809
f 125/1810/1810 126/1811/1811 136/1812/1812
f 126/1813/1813 127/1814/1814 137/1815/1815
f 128/1816/1816 138/1817/1817 137/1818/1818
f 129/1819/1819 139/1820/1820 138/1821/1821
f 130/1822/1822 140/1823/1823 139/1824/1824
f 131/1825/1825 141/1826/1826 140/1827/1827
f 122/1828/1828 132/1829/1829 141/1830/1830
f 132/1831/1831 133/1832/1832 143/1833/1833
f 133/1834/1834 134/1835/1835 144/1836/1836
f 134/1837/1837 135/1838/1838 145/1839/1839
f 135/1840/1840 136/1841/1841 146/1842/1842
f 136/1843/1843 137/1844/1844 147/1845/1845
f 138/1846/1846 148/1847/1847 147/1848/1848
f 139/1849/1849 149/1850/1850 148/1851/1851
f 140/1852/1852 150/1853/1853 149/1854/1854
f 141/1855/1855 151/1856/1856 150/1857/1857
f 132/1858/1858 142/1859/1859 151/1860/1860
f 142/1861/1861 143/1862/1862 153/1863/1863
f 143/1864/1864 144/1865/1865 154/1866/1866
f 144/1867/1867 145/1868/1868 155/1869/1869
f 145/1870/1870 146/1871/1871 156/1872/1872
f 146/1873/1873 147/1874/1874 157/1875/1875
f 148/1876/1876 158/1877/1877 157/1878/1878
f 149/1879/1879 159/1880/1880 158/1881/1881
f 150/1882/1882 160/1883/1883 159/1884/1884
f 151/1885/1885 161/1886/1886 160/1887/1887
f 142/1888/1888 152/1889/1889 161/1890/1890
f 152/1891/1891 153/1892/1892 163/1893/1893
f 153/1894/1894 154/1895/1895 164/1896/1896
f 154/1897/1897 155/1898/1898 165/1899/1899
f 155/1900/1900 156/1901/1901 166/1902/1902
f 156/1903/1903 157/1904/1904 167/1905/1905
f 158/1906/1906 168/1907/1907 167/1908/1908
f 159/1909/1909 169/1910/1910 168/1911/1911
f 160/1912/1912 170/1913/1913 169/1914/1914
f 161/1915/1915 171/1916/1916 170/1917/1917
f 152/1918/1918 162/1919/1919 171/1920/1920
f 162/1921/1921 163/1922/1922 173/1923/1923
f 163/1924/1924 164/1925/1925 174/1926/1926
f 164/1927/1927 165/1928/1928 175/1929/1929
f 165/1930/1930 166/1931/1931 176/1932/1932
f 166/1933/1933 167/1934/1934 177/1935/1935
f 168/1936/1936 178/1937/1937 177/1938/1938
f 169/1939/1939 179/1940/1940 178/1941/1941
f 170/1942/1942 180/1943/1943 179/1944/1944
f 171/1945/1945 181/1946/1946 180/1947/1947
f 162/1948/1948 172/1949/1949 181/1950/1950
f 172/1951/1951 173/1952/1952 183/1953/1953
f 173/1954/1954 174/1955/1955 184/1956/1956
f 174/1957/1957 175/1958/1958 185/1959/1959
f 175/1960/1960 176/1961/1961 186/1962/1962
f 176/1963/1963 177/1964/1964 187/1965/1965
f 178/1966/1966 188/1967/1967 187/1968/1968
f 179/1969/1969 189/1970/1970 188/1971/1971
f 180/1972/1972 190/1973/1973 189/1974/1974
f 181/1975/1975 191/1976/1976 190/1977/1977
f 172/1978/1978 182/1979/1979 191/1980/1980
f 182/1981/1981 183/1982/1982 193/1983/1983
f 183/1984/1984 184/1985/1985 194/1986/1986
f 184/1987/1987 185/1988/1988 195/1989/1989
f 185/1990/1990 186/1991/1991 196/1992/1992
f 186/1993/1993 187/1994/1994 197/1995/1995
f 188/1996/1996 198/1997/1997 197/1998/1998
f 189/1999/1999 199/2000/2000 198/2001/2001
f 190/2002/2002 200/2003/2003 199/2004/2004
f 191/2005/2005 201/2006/2006 200/2007/2007
f 182/2008/2008 192/2009/2009 201/2010/2010
f 192/2011/2011 193/2012/2012 203/2013/2013
f 193/2014/2014 194/2015/2015 204/2016/2016
f 194/2017/2017 195/2018/2018 205/2019/2019
f 195/2020/2020 196/2021/2021 206/2022/2022
f 196/2023/2023 197/2024/2024 207/2025/2025
f 198/2026/2026 208/2027/2027 207/2028/2028
f 199/2029/2029 209/2030/2030 208/2031/2031
f 200/2032/2032 210/2033/2033 209/2034/2034
f 201/2035/2035 211/2036/2036 210/2037/2037
f 192/2038/2038 202/2039/2039 211/2040/2040
f 202/2041/2041 203/2042/2042 213/2043/2043
f 203/2044/2044 204/2045/2045 214/2046/2046
f 204/2047/2047 205/2048/2048 215/2049/2049
f 205/2050/2050 206/2051/2051 216/2052/2052
f 206/2053/2053 207/2054/2054 217/2055/2055
f 208/2056/2056 218/2057/2057 217/2058/2058
f 209/2059/2059 219/2060/2060 218/2061/2061
f 210/2062/2062 220/2063/2063 219/2064/2064
f 211/2065/2065 221/2066/2066 220/2067/2067
f 202/2068/2068 212/2069/2069 221/2070/2070
f 212/2071/2071 213/2072/2072 223/2073/2073
f 213/2074/2074 214/2075/2075 224/2076/2076
f 214/2077/2077 215/2078/2078 225/2079/2079
f 215/2080/2080 216/2081/2081 226/2082/2082
f 216/2083/2083 217/2084/2084 227/2085/2085
f 218/2086/2086 228/2087/2087 227/2088/2088
f 219/2089/2089 229/2090/2090 228/2091/2091
f 220/2092/2092 230/2093/2093 229/2094/2094
f 221/2095/2095 231/2096/2096 230/2097/2097
f 212/2098/2098 222/2099/2099 231/2100/2100
f 222/2101/2101 223/2102/2102 233/2103/2103
f 223/2104/2104 224/2105/2105 234/2106/2106
f 224/2107/2107 225/2108/2108 235/2109/2109
f 225/2110/2110 226/2111/2111 236/2112/2112
f 226/2113/2113 227/2114/2114 237/2115/2115
f 228/2116/2116 238/2117/2117 237/2118/2118
f 229/2119/2119 239/2120/2120 238/2121/2121
f 230/2122/2122 240/2123/2123 239/2124/2124
f 231/2125/2125 241/2126/2126 240/2127/2127
f 222/2128/2128 232/2129/2129 241/2130/2130
f 233/2131/2131 243/2132/2132 242/2133/2133
f 234/2134/2134 244/2135/2135 243/2136/2136
f 235/2137/2137 245/2138/2138 244/2139/2139
f 236/2140/2140 246/2141/2141 245/2142/2142
f 237/2143/2143 247/2144/2144 246/2145/2145
f 237/2146/2146 238/2147/2147 248/2148/2148
f 238/2149/2149 239/2150/2150 249/2151/2151
f 239/2152/2152 240/2153/2153 250/2154/2154
f 240/2155/2155 241/2156/2156 251/2157/2157
f 241/2158/2158 232/2159/2159 242/2160/2160
f 243/2161/2161 253/2162/2162 252/2163/2163
f 244/2164/2164 254/2165/2165 253/2166/2166
f 245/2167/2167 255/2168/2168 254/2169/2169
f 246/2170/2170 256/2171/2171 255/2172/2172
f 247/2173/2173 257/2174/2174 256/2175/2175
f 247/2176/2176 248/2177/2177 258/2178/2178
f 248/2179/2179 249/2180/2180 259/2181/2181
f 249/2182/2182 250/2183/2183 260/2184/2184
f 250/2185/2185 251/2186/2186 261/2187/2187
f 251/2188/2188 242/2189/2189 252/2190/2190
f 253/2191/2191 263/2192/2192 262/2193/2193
f 254/2194/2194 264/2195/2195 263/2196/2196
f 255/2197/2197 265/2198/2198 264/2199/2199
f 256/2200/2200 266/2201/2201 265/2202/2202
f 257/2203/2203 267/2204/2204 266/2205/2205
f 257/2206/2206 258/2207/2207 268/2208/2208
f 258/2209/2209 259/2210/2210 269/2211/2211
f 259/2212/2212 260/2213/2213 270/2214/2214
f 260/2215/2215 261/2216/2216 271/2217/2217
f 261/2218/2218 252/2219/2219 262/2220/2220
f 263/2221/2221 273/2222/2222 272/2223/2223
f 264/2224/2224 274/2225/2225 273/2226/2226
f 265/2227/2227 275/2228/2228 274/2229/2229
f 266/2230/2230 276/2231/2231 275/2232/2232
f 267/2233/2233 277/2234/2234 276/2235/2235
f 267/2236/2236 268/2237/2237 278/2238/2238
f 268/2239/2239 269/2240/2240 279/2241/2241
f 269/2242/2242 270/2243/2243 280/2244/2244
f 270/2245/2245 271/2246/2246 281/2247/2247
f 271/2248/2248 262/2249/2249 272/2250/2250
f 273/2251/2251 283/2252/2252 282/2253/2253
f 274/2254/2254 284/2255/2255 283/2256/2256
f 275/2257/2257 285/2258/2258 284/2259/2259
f 276/2260/2260 286/2261/2261 285/2262/2262
f 277/2263/2263 287/2264/2264 286/2265/2265
f 277/2266/2266 278/2267/2267 288/2268/2268
f 278/2269/2269 279/2270/2270 289/2271/2271
f 279/2272/2272 280/2273/2273 290/2274/2274
f 280/2275/2275 281/2276/2276 291/2277/2277
f 281/2278/2278 272/2279/2279 282/2280/2280
f 283/2281/2281 293/2282/2282 292/2283/2283
f 284/2284/2284 294/2285/2285 293/2286/2286
f 285/2287/2287 295/2288/2288 294/2289/2289
f 286/2290/2290 296/2291/2291 295/2292/2292
f 287/2293/2293 297/2294/2294 296/2295/2295
f 287/2296/2296 288/2297/2297 298/2298/2298
f 288/2299/2299 289/2300/2300 299/2301/2301
f 289/2302/2302 290/2303/2303 300/2304/2304
f 290/2305/2305 291/2306/2306 301/2307/2307
f 291/2308/2308 282/2309/2309 292/2310/2310
f 293/2311/2311 303/2312/2312 302/2313/2313
f 294/2314/2314 304/2315/2315 303/2316/2316
f 295/2317/2317 305/2318/2318 304/2319/2319
f 296/2320/2320 306/2321/2321 305/2322/2322
f 297/2323/2323 307/2324/2324 306/2325/2325
f 297/2326/2326 298/2327/2327 308/2328/2328
f 298/2329/2329 299/2330/2330 309/2331/2331
f 299/2332/2332 300/2333/2333 310/2334/2334
f 300/2335/2335 301/2336/2336 311/2337/2337
f 301/2338/2338 292/2339/2339 302/2340/2340
f 303/2341/2341 313/2342/2342 312/2343/2343
f 304/2344/2344 314/2345/2345 313/2346/2346
f 305/2347/2347 315/2348/2348 314/2349/2349
f 306/2350/2350 316/2351/2351 315/2352/2352
f 307/2353/2353 317/2354/2354 316/2355/2355
f 307/2356/2356 308/2357/2357 318/2358/2358
f 308/2359/2359 309/2360/2360 319/2361/2361
f 309/2362/2362 310/2363/2363 320/2364/2364
f 310/2365/2365 311/2366/2366 321/2367/2367
f 311/2368/2368 302/2369/2369 312/2370/2370
f 313/2371/2371 323/2372/2372 322/2373/2373
f 314/2374/2374 324/2375/2375 323/2376/2376
f 315/2377/2377 325/2378/2378 324/2379/2379
f 316/2380/2380 326/2381/2381 325/2382/2382
f 317/2383/2383 327/2384/2384 326/2385/2385
f 317/2386/2386 318/2387/2387 328/2388/2388
f 318/2389/2389 319/2390/2390 329/2391/2391
f 319/2392/2392 320/2393/2393 330/2394/2394
f 320/2395/2395 321/2396/2396 331/2397/2397
f 321/2398/2398 312/2399/2399 322/2400/2400
f 323/2401/2401 333/2402/2402 332/2403/2403
f 324/2404/2404 334/2405/2405 333/2406/2406
f 325/2407/2407 335/2408/2408 334/2409/2409
f 326/2410/2410 336/2411/2411 335/2412/2412
f 327/2413/2413 337/2414/2414 336/2415/2415
f 327/2416/2416 328/2417/2417 338/2418/2418
f 328/2419/2419 329/2420/2420 339/2421/2421
f 329/2422/2422 330/2423/2423 340/2424/2424
f 330/2425/2425 331/2426/2426 341/2427/2427
f 331/2428/2428 322/2429/2429 332/2430/2430
f 333/2431/2431 343/2432/2432 342/2433/2433
f 334/2434/2434 344/2435/2435 343/2436/2436
f 335/2437/2437 345/2438/2438 344/2439/2439
f 336/2440/2440 346/2441/2441 345/2442/2442
f 337/2443/2443 347/2444/2444 346/2445/2445
f 337/2446/2446 338/2447/2447 348/2448/2448
f 338/2449/2449 339/2450/2450 349/2451/2451
f 339/2452/2452 340/2453/2453 350/2454/2454
f 340/2455/2455 341/2456/2456 351/2457/2457
f 341/2458/2458 332/2459/2459 342/2460/2460
f 343/2461/2461 353/2462/2462 352/2463/2463
f 344/2464/2464 354/2465/2465 353/2466/2466
f 345/2467/2467 355/2468/2468 354/2469/2469
f 346/2470/2470 356/2471/2471 355/2472/2472
f 347/2473/2473 357/2474/2474 356/2475/2475
f 347/2476/2476 348/2477/2477 358/2478/2478
f 348/2479/2479 349/2480/2480 359/2481/2481
f 349/2482/2482 350/2483/2483 360/2484/2484
f 350/2485/2485 351/2486/2486 361/2487/2487
f 351/2488/2488 342/2489/2489 352/2490/2490
f 353/2491/2491 363/2492/2492 362/2493/2493
f 354/2494/2494 364/2495/2495 363/2496/2496
f 355/2497/2497 365/2498/2498 364/2499/2499
f 356/2500/2500 366/2501/2501 365/2502/2502
f 357/2503/2503 367/2504/2504 366/2505/2505
f 357/2506/2506 358/2507/2507 368/2508/2508
f 358/2509/2509 359/2510/2510 369/2511/2511
f 359/2512/2512 360/2513/2513 370/2514/2514
f 360/2515/2515 361/2516/2516 371/2517/2517
f 361/2518/2518 352/2519/2519 362/2520/2520
f 363/2521/2521 373/2522/2522 372/2523/2523
f 364/2524/2524 374/2525/2525 373/2526/2526
f 365/2527/2527 375/2528/2528 374/2529/2529
f 366/2530/2530 376/2531/2531 375/2532/2532
f 367/2533/2533 377/2534/2534 376/2535/2535
f 367/2536/2536 368/2537/2537 378/2538/2538
f 368/2539/2539 369/2540/2540 379/2541/2541
f 369/2542/2542 370/2543/2543 380/2544/2544
f 370/2545/2545 371/2546/2546 381/2547/2547
f 371/2548/2548 362/2549/2549 372/2550/2550
f 373/2551/2551 383/2552/2552 382/2553/2553
f 374/2554/2554 384/2555/2555 383/2556/2556
f 375/2557/2557 385/2558/2558 384/2559/2559
f 376/2560/2560 386/2561/2561 385/2562/2562
f 377/2563/2563 387/2564/2564 386/2565/2565
f 377/2566/2566 378/2567/2567 388/2568/2568
f 378/2569/2569 379/2570/2570 389/2571/2571
f 379/2572/2572 380/2573/2573 390/2574/2574
f 380/2575/2575 381/2576/2576 391/2577/2577
f 381/2578/2578 372/2579/2579 382/2580/2580
f 383/2581/2581 393/2582/2582 392/2583/2583
f 384/2584/2584 394/2585/2585 393/2586/2586
f 385/2587/2587 395/2588/2588 394/2589/2589
f 386/2590/2590 396/2591/2591 395/2592/2592
f 387/2593/2593 397/2594/2594 396/2595/2595
f 387/2596/2596 388/2597/2597 398/2598/2598
f 388/2599/2599 389/2600/2600 399/2601/2601
f 389/2602/2602 390/2603/2603 400/2604/2604
f 390/2605/2605 391/2606/2606 401/2607/2607
f 391/2608/2608 382/2609/2609 392/2610/2610
f 393/2611/2611 403/2612/2612 402/2613/2613
f 394/2614/2614 404/2615/2615 403/2616/2616
f 395/2617/2617 405/2618/2618 404/2619/2619
f 396/2620/2620 406/2621/2621 405/2622/2622
f 397/2623/2623 407/2624/2624 406/2625/2625
f 397/2626/2626 398/2627/2627 408/2628/2628
f 398/2629/2629 399/2630/2630 409/2631/2631
f 399/2632/2632 400/2633/2633 410/2634/2634
f 400/2635/2635 401/2636/2636 411/2637/2637
f 401/2638/2638 392/2639/2639 402/2640/2640
f 403/2641/2641 413/2642/2642 412/2643/2643
f 404/2644/2644 414/2645/2645 413/2646/2646
f 405/2647/2647 415/2648/2648 414/2649/2649
f 406/2650/2650 416/2651/2651 415/2652/2652
f 407/2653/2653 417/2654/2654 416/2655/2655
f 407/2656/2656 408/2657/2657 418/2658/2658
f 408/2659/2659 409/2660/2660 419/2661/2661
f 409/2662/2662 410/2663/2663 420/2664/2664
f 410/2665/2665 411/2666/2666 421/2667/2667
f 411/2668/2668 402/2669/2669 412/2670/2670
f 413/2671/2671 423/2672/2672 422/2673/2673
f 414/2674/2674 424/2675/2675 423/2676/2676
f 415/2677/2677 425/2678/2678 424/2679/2679
f 416/2680/2680 426/2681/2681 425/2682/2682
f 417/2683/2683 427/2684/2684 426/2685/2685
f 417/2686/2686 418/2687/2687 428/2688/2688
f 418/2689/2689 419/2690/2690 429/2691/2691
f 419/2692/2692 420/2693/2693 430/2694/2694
f 420/2695/2695 421/2696/2696 431/2697/2697
f 421/2698/2698 412/2699/2699 422/2700/2700
f 423/2701/2701 433/2702/2702 432/2703/2703
f 424/2704/2704 434/2705/2705 433/2706/2706
f 425/2707/2707 435/2708/2708 434/2709/2709
f 426/2710/2710 436/2711/2711 435/2712/2712
f 427/2713/2713 437/2714/2714 436/2715/2715
f 427/2716/2716 428/2717/2717 438/2718/2718
f 428/2719/2719 429/2720/2720 439/2721/2721
f 429/2722/2722 430/2723/2723 440/2724/2724
f 430/2725/2725 431/2726/2726 441/2727/2727
f 431/2728/2728 422/2729/2729 432/2730/2730
f 433/2731/2731 443/2732/2732 442/2733/2733
f 434/2734/2734 444/2735/2735 443/2736/2736
f 435/2737/2737 445/2738/2738 444/2739/2739
f 436/2740/2740 446/2741/2741 445/2742/2742
f 437/2743/2743 447/2744/2744 446/2745/2745
f 437/2746/2746 438/2747/2747 448/2748/2748
f 438/2749/2749 439/2750/2750 449/2751/2751
f 439/2752/2752 440/2753/2753 450/2754/2754
f 440/2755/2755 441/2756/2756 451/2757/2757
f 441/2758/2758 432/2759/2759 442/2760/2760
f 443/2761/2761 453/2762/2762 452/2763/2763
f 444/2764/2764 454/2765/2765 453/2766/2766
f 445/2767/2767 455/2768/2768 454/2769/2769
f 446/2770/2770 456/2771/2771 455/2772/2772
f 447/2773/2773 457/2774/2774 456/2775/2775
f 447/2776/2776 448/2777/2777 458/2778/2778
f 448/2779/2779 449/2780/2780 459/2781/2781
f 449/2782/2782 450/2783/2783 460/2784/2784
f 450/2785/2785 451/2786/2786 461/2787/2787
f 451/2788/2788 442/2789/2789 452/2790/2790
f 453/2791/2791 463/2792/2792 462/2793/2793
f 454/2794/2794 464/2795/2795 463/2796/2796
f 455/2797/2797 465/2798/2798 464/2799/2799
f 456/2800/2800 466/2801/2801 465/2802/2802
f 457/2803/2803 467/2804/2804 466/2805/2805
f 457/2806/2806 458/2807/2807 468/2808/2808
f 458/2809/2809 459/2810/2810 469/2811/2811
f 459/2812/2812 460/2813/2813 470/2814/2814
f 460/2815/2815 461/2816/2816 471/2817/2817
f 461/2818/2818 452/2819/2819 462/2820/2820
